update,symbol,hv20,hv50,hv100,date,cur_iv,days_percentile,close
2026-09-21,$DJX,12,12,12,260918,13.60,585/ 12%ile,516.83
2026-09-21,$NDX,12,20,24,260608,25.18,191/ 97%ile,29644.19
2026-09-21,$RUT,15,18,23,260918,17.94,599/  4%ile,2860.40
2026-09-21,$SPX,10,11,12,260918,15.78,594/ 46%ile,7650.50
2026-09-21,$VIX,108,110,115,260918,79.66,600/ 17%ile,14.81
2026-09-21,$XAU,52,50,56,260130,53.47,2/100%ile,394.50
2026-09-21,$XDA,7,7,8,260728,8.45,535/  3%ile,71.25
2026-09-21,$XDB,5,7,7,260728,7.62,455/ 27%ile,135.08
2026-09-21,$XDC,6,5,4.7,260728,9.35,531/ 72%ile,71.51
2026-09-21,$XDE,6,6,6,260728,9.70,524/ 44%ile,114.86
2026-09-21,$XDN,10,10,9,260728,9.73,532/  0%ile,63.75
2026-09-21,$XDS,9,9,8,260728,13.58,518/ 46%ile,121.50
2026-09-21,$XDZ,10,10,10,260728,9.62,590/ 16%ile,58.48
2026-09-21,$XSP,10,11,12,260918,11.09,595/ 10%ile,765.00
2026-09-21,@BOF,29,25,23,260918,25.65,590/ 29%ile,68.52
2026-09-21,@BOH,28,24,22,260918,24.53,591/ 15%ile,68.69
2026-09-21,@BOK,27,22,22,260918,24.57,588/ 11%ile,68.75
2026-09-21,@BON,26,28,27,260918,23.89,590/  7%ile,68.60
2026-09-21,@BOQ,21,23,23,260918,28.61,588/ 58%ile,68.05
2026-09-21,@BOU,31,28,25,260814,21.62,588/  0%ile,71.18
2026-09-21,@BOV,31,27,25,260918,24.63,592/  6%ile,67.70
2026-09-21,@BOZ,30,26,24,260918,26.17,592/ 27%ile,68.22
2026-09-21,@BZF,33,37,36,260918,35.14,598/ 56%ile,96.03
2026-09-21,@BZQ,30,38,47,260708,187.06,591/100%ile,72.95
2026-09-21,@BZU,0.0,43,44,260814,138.71,537/ 98%ile,90.12
2026-09-21,@BZV,21,44,43,260911,155.66,578/100%ile,89.32
2026-09-21,@BZX,41,45,42,260918,50.49,580/ 83%ile,103.87
2026-09-21,@BZZ,37,40,38,260918,38.65,598/ 56%ile,99.29
2026-09-21,@CCH,48,55,62,260918,46.97,588/ 34%ile,5446.00
2026-09-21,@CCK,48,54,59,260918,46.51,565/ 43%ile,5507.00
2026-09-21,@CCN,47,60,66,260918,44.12,570/ 42%ile,5538.00
2026-09-21,@CCU,42,55,64,260731,73.48,588/ 91%ile,5776.00
2026-09-21,@CCZ,47,55,63,260918,52.52,592/ 56%ile,5327.00
2026-09-21,@CH,15,20,21,260918,20.19,591/ 68%ile,541.50
2026-09-21,@CK,15,19,24,260918,19.29,588/ 55%ile,548.20
2026-09-21,@CLF,30,34,34,260918,45.38,590/ 97%ile,88.85
2026-09-21,@CLG,26,31,32,260918,42.78,590/ 94%ile,86.10
2026-09-21,@CLH,23,28,30,260918,39.38,589/ 92%ile,83.80
2026-09-21,@CLJ,20,26,51,260918,36.56,588/ 82%ile,81.82
2026-09-21,@CLK,18,24,39,260918,34.38,588/ 73%ile,80.13
2026-09-21,@CLM,16,23,82,260918,33.93,588/ 74%ile,78.69
2026-09-21,@CLN,15,22,37,260918,30.61,588/ 50%ile,77.44
2026-09-21,@CLQ,54,42,45,260918,30.17,588/ 43%ile,76.37
2026-09-21,@CLU,8,45,45,260810,61.36,588/ 97%ile,82.40
2026-09-21,@CLV,43,47,45,260910,67.25,588/100%ile,102.43
2026-09-21,@CLX,39,42,40,260918,51.30,592/ 95%ile,96.08
2026-09-21,@CLZ,35,37,37,260918,49.79,592/ 98%ile,92.05
2026-09-21,@CN,15,36,31,260918,20.05,590/ 35%ile,551.00
2026-09-21,@CTH,26,22,24,260918,29.39,586/ 98%ile,83.79
2026-09-21,@CTK,25,21,21,260918,26.57,588/ 91%ile,85.36
2026-09-21,@CTN,24,29,31,260918,27.22,587/ 90%ile,85.46
2026-09-21,@CTV,31,26,27,260904,27.32,589/ 81%ile,84.64
2026-09-21,@CTZ,27,23,25,260918,30.02,590/ 97%ile,81.15
2026-09-21,@CU,16,22,23,260814,26.67,588/ 57%ile,478.80
2026-09-21,@CZ,16,21,22,260918,22.50,592/ 44%ile,527.50
2026-09-21,@DXH,4.9,5,4.9,260918,5.70,587/  9%ile,99.64
2026-09-21,@DXM,4.9,5,4.8,260918,6.21,588/ 41%ile,99.44
2026-09-21,@DXU,4.5,4.9,4.8,260828,4.84,590/  2%ile,98.88
2026-09-21,@DXZ,4.9,5,4.9,260918,6.40,592/ 37%ile,99.93
2026-09-21,@ESH,10,11,12,260918,13.34,592/ 40%ile,7792.75
2026-09-21,@ESM,10,11,13,260918,14.29,590/ 58%ile,7876.75
2026-09-21,@ESU,10,11,12,260911,10.37,588/  3%ile,7640.00
2026-09-21,@ESZ,10,11,12,260918,12.37,592/ 21%ile,7712.50
2026-09-21,@FCF,19,20,19,260918,18.74,592/ 85%ile,308.92
2026-09-21,@FCH,19,20,19,260918,18.76,588/ 83%ile,304.83
2026-09-21,@FCJ,18,19,20,260918,19.04,588/ 82%ile,304.75
2026-09-21,@FCK,18,19,25,260918,19.30,588/ 85%ile,303.85
2026-09-21,@FCQ,41,29,24,260918,18.70,588/ 81%ile,305.17
2026-09-21,@FCU,17,18,18,260917,12.11,591/  2%ile,333.58
2026-09-21,@FCV,19,20,19,260918,17.69,592/ 79%ile,323.50
2026-09-21,@FCX,19,20,20,260918,17.96,592/ 83%ile,318.00
2026-09-21,@FFF,0.6,0.7,0.7,260918,1.80,592/ 84%ile,95.77
2026-09-21,@FFG,0.7,0.7,0.8,260918,1.83,589/ 83%ile,95.68
2026-09-21,@FFH,0.8,0.8,0.8,260918,1.80,590/ 80%ile,95.60
2026-09-21,@FFJ,0.8,0.8,0.9,260918,1.74,588/ 72%ile,95.51
2026-09-21,@FFK,0.9,0.9,0.9,260918,1.69,588/ 63%ile,95.44
2026-09-21,@FFM,1.0,0.9,1.0,260918,1.63,588/ 51%ile,95.39
2026-09-21,@FFN,1.0,1.4,1.0,260918,1.63,590/ 50%ile,95.36
2026-09-21,@FFQ,2.5,1.6,1.2,260918,1.63,588/ 48%ile,95.33
2026-09-21,@FFU,0.2,0.3,0.3,260814,3.96,588/ 99%ile,96.33
2026-09-21,@FFV,0.3,0.4,0.4,260911,3.96,588/100%ile,96.11
2026-09-21,@FFX,0.4,0.6,0.6,260918,2.42,592/ 95%ile,95.97
2026-09-21,@FFZ,0.5,0.6,0.6,260918,1.92,592/ 88%ile,95.83
2026-09-21,@FVH,5,4.7,5,260918,41.55,588/ 30%ile,104.06
2026-09-21,@FVU,3.8,4.1,5.0,260814,21.10,584/  6%ile,106.34
2026-09-21,@FVZ,3.8,4.2,4.5,260918,99.05,589/ 90%ile,104.19
2026-09-21,@GCF,22,23,24,260918,23.05,593/ 79%ile,4445.00
2026-09-21,@GCG,22,23,24,260918,21.95,588/ 80%ile,4462.10
2026-09-21,@GCH,22,23,24,260918,22.81,588/ 81%ile,4479.70
2026-09-21,@GCJ,22,23,25,260918,21.98,588/ 80%ile,4498.50
2026-09-21,@GCK,22,23,25,260918,22.72,589/ 79%ile,4518.00
2026-09-21,@GCM,22,23,24,260918,21.97,591/ 78%ile,4537.60
2026-09-21,@GCN,22,24,25,260918,22.66,591/ 77%ile,4557.30
2026-09-21,@GCQ,18,21,23,260918,21.89,588/ 81%ile,4577.60
2026-09-21,@GCU,22,23,24,260819,26.71,588/ 95%ile,4640.90
2026-09-21,@GCV,22,23,24,260917,22.62,591/ 80%ile,4390.70
2026-09-21,@GCX,22,23,24,260918,22.64,592/ 74%ile,4408.30
2026-09-21,@GCZ,22,23,24,260918,22.34,592/ 75%ile,4424.90
2026-09-21,@HGF,27,23,786,260918,28.86,593/ 44%ile,672.85
2026-09-21,@HGG,27,23,747,260918,28.07,588/ 45%ile,676.15
2026-09-21,@HGH,27,23,721,260918,26.58,588/ 50%ile,679.40
2026-09-21,@HGJ,27,23,1534,260918,156.36,588/ 95%ile,68.27
2026-09-21,@HGK,27,23,791,260918,26.84,589/ 59%ile,686.20
2026-09-21,@HGM,27,23,770,260918,157.09,591/ 97%ile,68.92
2026-09-21,@HGN,27,30,741,260918,26.76,591/ 58%ile,692.65
2026-09-21,@HGQ,30,25,1202,260918,27.57,588/ 43%ile,695.55
2026-09-21,@HGU,27,23,912,260819,29.41,588/ 63%ile,671.40
2026-09-21,@HGV,27,23,822,260917,33.40,591/ 60%ile,662.50
2026-09-21,@HGX,27,23,967,260918,28.84,592/ 48%ile,665.95
2026-09-21,@HGZ,27,23,846,260918,25.63,592/ 39%ile,669.15
2026-09-21,@HOF,38,35,36,260918,44.70,593/ 94%ile,442.31
2026-09-21,@HOG,36,33,34,260918,37.94,587/ 87%ile,428.33
2026-09-21,@HOH,34,31,32,260918,39.22,588/ 91%ile,413.15
2026-09-21,@HOJ,32,29,65,260918,30.19,588/ 57%ile,396.87
2026-09-21,@HOK,30,28,58,260918,27.37,588/ 26%ile,383.26
2026-09-21,@HOM,29,26,55,260918,22.22,591/  4%ile,371.62
2026-09-21,@HON,27,30,38,260918,16.47,591/  1%ile,363.98
2026-09-21,@HOQ,66,52,50,260918,13.59,588/  0%ile,357.93
2026-09-21,@HOU,23,39,43,260819,54.43,588/ 91%ile,424.38
2026-09-21,@HOV,47,44,44,260918,62.13,592/ 96%ile,505.78
2026-09-21,@HOX,44,41,41,260918,58.80,592/ 93%ile,484.44
2026-09-21,@HOZ,40,38,38,260918,54.51,592/ 92%ile,458.75
2026-09-21,@JOF,54,51,54,260918,50.74,592/ 93%ile,144.35
2026-09-21,@JOH,51,49,52,260918,39.55,590/ 71%ile,147.70
2026-09-21,@JOK,50,47,47,260918,34.48,588/ 52%ile,150.75
2026-09-21,@JON,48,58,73,260918,31.73,590/ 52%ile,153.55
2026-09-21,@JOU,64,58,59,260814,86.76,588/100%ile,151.80
2026-09-21,@JOX,56,54,56,260918,57.37,592/ 99%ile,140.90
2026-09-21,@KCH,33,40,47,260918,37.40,588/ 59%ile,271.95
2026-09-21,@KCK,32,38,49,260918,36.44,588/ 52%ile,269.50
2026-09-21,@KCN,31,44,48,260918,34.31,588/ 27%ile,268.20
2026-09-21,@KCU,34,48,50,260807,49.37,588/ 96%ile,333.10
2026-09-21,@KCZ,35,42,48,260918,39.76,592/ 69%ile,280.50
2026-09-21,@LCG,17,519,368,260918,16.60,592/ 88%ile,217.35
2026-09-21,@LCJ,16,16,19,260918,16.19,588/ 84%ile,218.23
2026-09-21,@LCM,15,16,369,260918,16.20,588/ 82%ile,212.82
2026-09-21,@LCQ,24,19,17,260918,15.88,588/ 80%ile,209.75
2026-09-21,@LCV,17,16,16,260918,16.14,592/ 80%ile,215.93
2026-09-21,@LCZ,18,17,16,260918,17.17,592/ 91%ile,216.63
2026-09-21,@LHG,23,23,20,260918,21.34,592/ 84%ile,70.15
2026-09-21,@LHJ,20,20,18,260918,19.82,588/ 72%ile,75.72
2026-09-21,@LHM,15,15,16,260918,17.57,588/ 35%ile,89.40
2026-09-21,@LHN,13,11,16,260918,17.06,588/ 28%ile,91.22
2026-09-21,@LHQ,11,13,17,260918,17.01,588/ 21%ile,91.00
2026-09-21,@LHV,20,20,20,260918,13.09,592/  3%ile,78.10
2026-09-21,@LHZ,25,25,22,260918,20.94,592/ 56%ile,68.55
2026-09-21,@NGF,16,20,19,260918,91.64,588/ 98%ile,3.74
2026-09-21,@NGG,17,19,19,260918,102.41,540/ 99%ile,3.44
2026-09-21,@NGH,14,16,18,260918,82.53,511/ 96%ile,2.81
2026-09-21,@NGJ,12,14,16,260918,72.93,552/ 97%ile,2.71
2026-09-21,@NGK,11,13,25,260918,60.56,530/ 91%ile,2.74
2026-09-21,@NGM,10,12,22,260918,55.15,524/ 87%ile,2.91
2026-09-21,@NGN,9,7,27,260918,40.46,569/ 16%ile,3.13
2026-09-21,@NGQ,59,44,41,260918,39.86,554/ 12%ile,3.21
2026-09-21,@NGU,17,30,33,260727,68.28,538/ 98%ile,2.77
2026-09-21,@NGV,26,31,32,260827,190.00,545/100%ile,2.91
2026-09-21,@NGX,25,28,28,260918,46.29,575/ 33%ile,3.04
2026-09-21,@NGZ,19,22,22,260918,75.62,585/ 97%ile,3.40
2026-09-21,@NQH,13,19,22,260918,20.54,590/ 37%ile,30272.25
2026-09-21,@NQM,13,19,21,260918,21.50,588/ 54%ile,30629.25
2026-09-21,@NQU,13,19,22,260814,42.76,588/ 99%ile,29300.50
2026-09-21,@NQZ,13,19,22,260918,20.67,592/ 39%ile,29917.25
2026-09-21,@OH,35,30,29,260918,17.07,584/  2%ile,418.80
2026-09-21,@OK,36,30,29,260918,28.63,576/  8%ile,420.00
2026-09-21,@ON,35,47,44,260918,31.83,513/ 12%ile,416.80
2026-09-21,@OU,28,29,29,260814,32.87,576/ 14%ile,322.20
2026-09-21,@OZ,33,30,29,260918,30.52,589/ 54%ile,406.50
2026-09-21,@PAH,50,44,43,260918,39.97,590/ 66%ile,1336.50
2026-09-21,@PAM,49,44,44,260918,39.75,588/ 63%ile,1351.50
2026-09-21,@PAU,50,45,44,260814,32.75,588/  6%ile,1338.40
2026-09-21,@PAV,50,60,51,260911,48.99,512/ 85%ile,1291.90
2026-09-21,@PAZ,50,45,43,260918,39.83,592/ 64%ile,1319.50
2026-09-21,@PLF,36,35,38,260918,36.90,588/ 70%ile,1829.30
2026-09-21,@PLJ,36,35,38,260918,35.09,588/ 69%ile,1848.30
2026-09-21,@PLN,36,35,39,260918,37.29,588/ 77%ile,1863.50
2026-09-21,@PLU,36,36,34,260807,58.27,556/ 98%ile,1728.10
2026-09-21,@PLV,37,36,39,260904,48.65,589/ 91%ile,1801.10
2026-09-21,@RBF,28,31,31,260918,35.30,554/ 68%ile,285.57
2026-09-21,@RBG,27,29,30,260918,35.29,504/ 51%ile,278.90
2026-09-21,@RBH,26,28,29,260918,35.01,512/ 54%ile,278.34
2026-09-21,@RBJ,24,25,48,260918,35.18,551/ 72%ile,298.71
2026-09-21,@RBK,22,24,61,260918,36.79,551/ 75%ile,295.27
2026-09-21,@RBM,21,23,51,260918,38.87,554/ 76%ile,289.59
2026-09-21,@RBN,20,46,43,260918,40.48,470/ 75%ile,283.08
2026-09-21,@RBQ,64,46,43,260918,41.67,505/ 80%ile,276.63
2026-09-21,@RBU,20,33,35,260819,80.32,521/ 99%ile,325.29
2026-09-21,@RBV,32,36,36,260918,48.35,456/ 89%ile,352.76
2026-09-21,@RBX,30,34,34,260918,49.24,561/ 85%ile,325.55
2026-09-21,@RBZ,29,32,32,260918,48.14,587/ 85%ile,300.15
2026-09-21,@RRF,19,18,21,260918,89.23,588/ 45%ile,1610.00
2026-09-21,@RRH,16,17,20,260918,120.48,566/ 75%ile,164.20
2026-09-21,@RRK,18,17,26,260918,107.32,548/ 55%ile,1650.50
2026-09-21,@RRN,17,38,32,260918,101.56,561/ 53%ile,1655.50
2026-09-21,@RRU,20,20,22,260814,88.62,532/ 39%ile,1414.00
2026-09-21,@RRX,20,19,21,260918,101.31,573/ 57%ile,156.40
2026-09-21,@SBH,32,28,25,260918,27.50,588/ 79%ile,1824.00
2026-09-21,@SBK,25,25,23,260918,23.29,588/ 41%ile,1767.00
2026-09-21,@SBN,21,27,26,260918,22.91,588/ 28%ile,1743.00
2026-09-21,@SBV,34,31,28,260908,39.36,588/100%ile,1816.00
2026-09-21,@SF,19,18,17,260918,18.10,594/ 83%ile,1320.00
2026-09-21,@SH,18,16,16,260918,16.13,591/ 46%ile,1330.00
2026-09-21,@SIF,37,37,46,260918,43.81,577/ 70%ile,6746.90
2026-09-21,@SIG,37,37,46,260918,42.44,577/ 70%ile,6774.50
2026-09-21,@SIH,37,37,46,260918,41.57,580/ 71%ile,6801.70
2026-09-21,@SIK,37,37,46,260917,41.98,584/ 75%ile,686.40
2026-09-21,@SIM,37,37,47,260918,42.42,581/ 75%ile,6893.20
2026-09-21,@SIN,37,37,46,260918,41.48,581/ 73%ile,6923.90
2026-09-21,@SIQ,35,36,46,260918,41.97,572/ 71%ile,6954.10
2026-09-21,@SIU,37,37,46,260819,45.49,586/ 78%ile,6868.20
2026-09-21,@SIV,37,37,46,260917,135.94,580/ 97%ile,6661.70
2026-09-21,@SIX,37,37,46,260918,42.49,578/ 65%ile,6689.20
2026-09-21,@SIZ,37,37,46,260918,42.63,585/ 69%ile,6714.90
2026-09-21,@SK,17,15,16,260918,15.94,588/ 45%ile,1336.00
2026-09-21,@SMF,20,19,17,260918,23.28,594/ 90%ile,360.40
2026-09-21,@SMH,17,17,16,260918,22.27,591/ 79%ile,361.70
2026-09-21,@SMK,16,16,19,260918,20.24,588/ 55%ile,362.30
2026-09-21,@SMN,15,15,17,260918,19.91,590/ 38%ile,363.50
2026-09-21,@SMQ,51,35,27,260918,18.94,588/ 19%ile,359.70
2026-09-21,@SMU,18,18,17,260814,18.35,588/  7%ile,315.70
2026-09-21,@SMV,22,20,18,260918,30.73,592/ 99%ile,354.60
2026-09-21,@SMZ,21,20,18,260918,24.56,592/ 85%ile,358.60
2026-09-21,@SN,16,13,16,260918,15.59,590/ 22%ile,1340.00
2026-09-21,@SQ,43,31,25,260918,14.59,588/  3%ile,1322.00
2026-09-21,@SU,19,18,18,260814,14.80,588/  0%ile,1221.00
2026-09-21,@SX,19,18,17,260918,19.20,592/ 75%ile,1304.00
2026-09-21,@TUH,2.6,1.7,2.6,260918,21.74,588/ 11%ile,101.75
2026-09-21,@TUU,4.3,5.0,4.3,260814,73.68,584/ 84%ile,103.03
2026-09-21,@TUZ,2.5,2.8,3.9,260918,24.68,589/ 14%ile,101.88
2026-09-21,@TYH,9,8,8,260918,34.25,588/ 67%ile,105.64
2026-09-21,@TYU,7,8,7,260814,15.63,584/ 10%ile,108.50
2026-09-21,@TYZ,6,7,7,260918,26.54,589/ 36%ile,105.83
2026-09-21,@USH,8,8,8,260918,15.99,588/  1%ile,106.69
2026-09-21,@USU,7,8,8,260814,43.63,584/ 42%ile,109.47
2026-09-21,@USZ,8,8,8,260918,57.06,589/ 65%ile,107.03
2026-09-21,@WH,32,31,29,260918,28.29,591/ 75%ile,730.00
2026-09-21,@WK,31,29,28,260918,29.99,588/ 70%ile,738.00
2026-09-21,@WN,27,30,31,260918,27.27,590/ 38%ile,738.00
2026-09-21,@WU,35,34,32,260814,46.47,588/100%ile,682.80
2026-09-21,@WZ,34,33,31,260918,36.87,592/ 97%ile,714.20
2026-09-21,@YMH,12,12,12,260918,17.94,590/ 74%ile,52553.00
2026-09-21,@YMM,12,12,14,260918,16.66,588/ 51%ile,53096.00
2026-09-21,@YMU,12,12,12,260814,37.99,588/ 99%ile,52849.00
2026-09-21,@YMZ,12,12,12,260918,19.71,588/ 77%ile,52079.00
2026-09-21,A,30,28,38,260918,31.21,600/ 45%ile,156.47
2026-09-21,AA,41,46,55,260918,51.82,600/ 44%ile,44.49
2026-09-21,AAAU,24,25,25,260918,25.17,410/ 61%ile,43.13
2026-09-21,AADX,70,76,0.0,260918,76.92,70/ 45%ile,12.81
2026-09-21,AAL,28,46,51,260918,48.63,600/ 41%ile,12.97
2026-09-21,AAMI,29,31,40,260918,41.02,222/ 49%ile,90.74
2026-09-21,AAOG,164,258,0.0,260918,187.42,56/  5%ile,2.32
2026-09-21,AAOI,83,131,137,260918,89.49,600/  6%ile,105.17
2026-09-21,AAON,43,54,73,260918,61.19,584/ 68%ile,76.76
2026-09-21,AAOX,174,263,275,260918,160.95,109/  2%ile,10.44
2026-09-21,AAOZ,158,0.0,0.0,260918,183.09,36/ 41%ile,12.91
2026-09-21,AAP,105,79,72,260918,48.71,600/ 15%ile,42.55
2026-09-21,AAPB,45,60,60,260918,52.54,469/ 49%ile,44.37
2026-09-21,AAPD,22,29,28,260731,34.69,65/ 60%ile,10.38
2026-09-21,AAPL,23,29,29,260918,23.23,600/ 22%ile,335.58
2026-09-21,AAPU,45,59,58,260918,44.98,600/ 23%ile,45.29
2026-09-21,AAPW,30,36,35,260803,33.27,9/100%ile,41.82
2026-09-21,AAPX,47,59,59,260918,53.21,474/ 47%ile,40.79
2026-09-21,AAPY,25,33,33,260810,21.38,3/100%ile,27.75
2026-09-21,AAT,14,20,22,260918,26.27,89/ 85%ile,21.95
2026-09-21,AAXJ,20,25,32,260917,40.35,490/ 83%ile,116.24
2026-09-21,AB,15,13,16,260918,17.15,562/  9%ile,36.31
2026-09-21,ABAT,84,79,91,260918,105.38,430/ 17%ile,2.18
2026-09-21,ABBV,21,24,27,260918,26.31,600/ 58%ile,263.96
2026-09-21,ABCB,14,17,19,260917,49.82,189/ 64%ile,83.50
2026-09-21,ABCL,88,109,102,260918,94.43,597/ 43%ile,12.65
2026-09-21,ABEO,38,61,57,260918,83.89,531/ 24%ile,5.57
2026-09-21,ABEV,21,33,39,260918,30.19,163/ 48%ile,2.94
2026-09-21,ABFL,11,13,17,260828,53.02,242/100%ile,80.67
2026-09-21,ABG,30,39,37,260918,47.02,598/ 86%ile,183.06
2026-09-21,ABM,33,26,28,260918,26.13,526/ 10%ile,49.77
2026-09-21,ABNB,28,47,39,260918,34.63,600/ 40%ile,166.22
2026-09-21,ABOS,65,70,72,260918,146.12,158/ 54%ile,2.63
2026-09-21,ABR,31,40,49,260918,46.62,590/ 84%ile,4.30
2026-09-21,ABSI,82,87,115,260918,100.69,599/ 30%ile,9.66
2026-09-21,ABT,21,33,30,260918,26.10,600/ 71%ile,102.61
2026-09-21,ABTC,141,117,127,260918,111.72,255/ 14%ile,10.09
2026-09-21,ABUS,44,46,42,260918,49.60,590/  2%ile,5.01
2026-09-21,ABVC,101,123,112,260706,212.50,25/100%ile,0.89
2026-09-21,ABVX,46,40,124,260918,73.09,247/ 29%ile,105.04
2026-09-21,ABX,34,49,50,260918,52.27,424/  5%ile,8.77
2026-09-21,ACA,2.4,2.6,28,260902,7.73,336/  2%ile,145.84
2026-09-21,ACAD,32,35,34,260918,143.03,553/100%ile,27.29
2026-09-21,ACB,41,66,58,260918,55.52,599/  1%ile,3.86
2026-09-21,ACCO,18,34,49,260904,35.63,99/ 16%ile,4.17
2026-09-21,ACDC,76,82,84,260918,91.70,600/ 70%ile,5.17
2026-09-21,ACEL,16,21,28,260904,34.38,184/ 16%ile,11.27
2026-09-21,ACES,26,31,36,260701,85.84,270/100%ile,29.00
2026-09-21,ACET,64,68,68,260901,162.09,109/ 70%ile,9.18
2026-09-21,ACGL,19,22,23,260918,23.91,600/ 21%ile,96.89
2026-09-21,ACH,95,196,156,260917,159.17,561/ 99%ile,0.93
2026-09-21,ACHC,43,64,62,260918,51.94,589/ 20%ile,28.33
2026-09-21,ACHR,45,82,77,260918,72.78,600/ 24%ile,5.26
2026-09-21,ACHV,57,57,68,260918,64.46,425/ 20%ile,7.98
2026-09-21,ACI,34,65,51,260918,37.01,596/ 72%ile,12.35
2026-09-21,ACIC,23,37,39,260918,44.91,471/ 26%ile,9.18
2026-09-21,ACIO,8,9,10,260909,28.63,50/ 88%ile,46.77
2026-09-21,ACIU,58,70,62,260914,73.63,156/  1%ile,2.63
2026-09-21,ACIW,24,30,37,260914,66.09,388/ 91%ile,50.27
2026-09-21,ACLS,48,66,83,260918,65.82,600/ 76%ile,109.32
2026-09-21,ACM,33,45,42,260918,40.09,600/ 89%ile,61.99
2026-09-21,ACMR,60,92,101,260918,83.65,600/ 70%ile,68.51
2026-09-21,ACN,40,45,56,260918,51.14,600/ 91%ile,181.20
2026-09-21,ACNB,16,20,23,260910,26.76,49/  4%ile,64.57
2026-09-21,ACNT,24,22,30,260721,39.95,103/ 15%ile,14.75
2026-09-21,ACR,20,35,41,260828,48.02,88/100%ile,13.36
2026-09-21,ACRE,21,38,38,260825,26.75,306/ 15%ile,4.38
2026-09-21,ACRS,48,56,57,260918,117.87,414/ 51%ile,5.50
2026-09-21,ACT,15,17,19,260918,66.77,133/ 92%ile,48.45
2026-09-21,ACTG,20,29,32,260918,50.63,372/ 51%ile,4.51
2026-09-21,ACVA,133,95,85,260910,114.73,542/ 99%ile,10.48
2026-09-21,ACWI,10,12,14,260918,23.84,579/ 55%ile,159.29
2026-09-21,ACWV,8,8,8,260811,27.48,91/ 79%ile,124.81
2026-09-21,ACWX,12,15,19,260916,31.81,395/ 90%ile,76.28
2026-09-21,AD,20,19,32,260918,39.15,411/ 37%ile,35.59
2026-09-21,ADAM,22,28,37,260916,27.87,171/ 39%ile,8.91
2026-09-21,ADBE,46,51,49,260918,41.53,600/ 62%ile,248.84
2026-09-21,ADBG,91,103,98,260918,81.53,238/ 31%ile,4.05
2026-09-21,ADC,12,16,16,260918,18.11,556/ 25%ile,68.05
2026-09-21,ADCT,96,105,169,260603,219.92,206/100%ile,1.05
2026-09-21,ADEA,47,63,72,260918,64.55,312/ 70%ile,24.82
2026-09-21,ADI,30,32,42,260918,37.57,600/ 68%ile,375.91
2026-09-21,ADM,29,29,28,260918,31.59,600/ 72%ile,85.18
2026-09-21,ADMA,33,38,48,260918,55.32,598/ 21%ile,9.11
2026-09-21,ADNT,47,50,52,260918,53.36,599/ 67%ile,17.68
2026-09-21,ADP,22,29,32,260918,25.69,600/ 65%ile,271.22
2026-09-21,ADPT,41,51,61,260917,67.51,358/  7%ile,28.61
2026-09-21,ADSE,30,31,34,260626,29.71,25/  4%ile,11.60
2026-09-21,ADSK,56,50,46,260918,44.07,599/ 81%ile,216.95
2026-09-21,ADT,22,29,30,260918,37.33,596/ 72%ile,6.90
2026-09-21,ADTN,52,66,81,260918,70.38,600/ 75%ile,7.20
2026-09-21,ADUR,41,69,79,260918,82.05,311/ 10%ile,12.59
2026-09-21,ADUS,20,25,25,260918,31.70,297/ 41%ile,117.07
2026-09-21,AEE,13,15,19,260918,20.86,598/ 55%ile,102.23
2026-09-21,AEG,19,21,22,260917,32.41,200/ 47%ile,9.04
2026-09-21,AEHR,96,146,138,260918,105.51,600/ 67%ile,93.41
2026-09-21,AEIS,61,76,77,260918,60.00,575/ 70%ile,262.20
2026-09-21,AEM,43,51,50,260918,45.87,600/ 74%ile,199.49
2026-09-21,AEO,71,58,55,260918,47.42,600/ 25%ile,15.06
2026-09-21,AEP,17,17,21,260918,20.19,600/ 53%ile,120.00
2026-09-21,AER,19,22,26,260918,30.13,600/ 65%ile,141.57
2026-09-21,AERO,54,47,0.0,260826,59.86,5/100%ile,15.42
2026-09-21,AES,5,7,8,260227,42.54,460/ 58%ile,14.83
2026-09-21,AESI,62,63,60,260918,69.99,585/ 90%ile,13.55
2026-09-21,AETH,44,42,34,260116,56.29,81/ 16%ile,37.41
2026-09-21,AEVA,66,117,128,260918,94.38,593/  9%ile,14.80
2026-09-21,AEXA,13,15,16,260917,31.92,78/ 20%ile,11.11
2026-09-21,AEYE,57,96,83,260918,84.71,534/ 22%ile,7.34
2026-09-21,AFCG,61,57,59,260918,73.54,277/ 63%ile,3.43
2026-09-21,AFG,13,18,18,260918,22.45,467/  8%ile,142.31
2026-09-21,AFK,23,23,26,260904,29.27,214/ 48%ile,28.98
2026-09-21,AFL,16,19,19,260918,20.46,600/ 40%ile,116.33
2026-09-21,AFRM,50,50,54,260918,53.57,600/  1%ile,71.22
2026-09-21,AFRU,97,100,111,260918,102.59,122/  9%ile,9.10
2026-09-21,AFYA,25,28,26,260918,38.55,129/ 32%ile,13.60
2026-09-21,AG,51,63,70,260918,59.82,600/ 18%ile,19.90
2026-09-21,AGCO,45,45,42,260918,40.08,590/ 67%ile,119.79
2026-09-21,AGEN,84,166,132,260918,95.39,585/  9%ile,7.86
2026-09-21,AGG,4.6,4.1,4.4,260918,5.50,597/ 49%ile,95.94
2026-09-21,AGI,43,47,55,260918,55.27,600/ 83%ile,35.72
2026-09-21,AGIO,34,43,54,260918,80.41,540/ 84%ile,33.07
2026-09-21,AGIX,27,31,34,260918,34.19,278/ 51%ile,46.51
2026-09-21,AGL,39,93,157,260918,87.15,519/ 33%ile,89.16
2026-09-21,AGM,17,25,27,260918,36.32,571/ 80%ile,220.94
2026-09-21,AGNC,15,23,21,260918,16.93,181/ 59%ile,9.86
2026-09-21,AGNG,14,15,16,260312,22.01,66/100%ile,36.92
2026-09-21,AGNT,56,66,66,260917,79.62,560/ 97%ile,3.79
2026-09-21,AGO,19,27,30,260918,30.51,597/ 53%ile,70.35
2026-09-21,AGQ,81,79,96,260918,80.21,599/ 65%ile,81.47
2026-09-21,AGRO,45,51,54,260918,54.06,383/ 67%ile,11.46
2026-09-21,AGX,63,76,72,260918,59.64,452/ 15%ile,389.74
2026-09-21,AGYS,39,49,52,260918,70.15,381/ 95%ile,100.13
2026-09-21,AHCO,62,122,90,260918,80.70,593/ 98%ile,5.71
2026-09-21,AHR,16,25,27,260918,38.47,431/ 71%ile,52.15
2026-09-21,AHRT,24,22,26,260804,27.03,131/ 32%ile,6.22
2026-09-21,AI,49,48,52,260918,62.36,600/ 30%ile,10.50
2026-09-21,AIA,23,30,39,260729,45.03,176/ 98%ile,140.55
2026-09-21,AIBU,45,54,56,260918,57.51,451/ 46%ile,66.58
2026-09-21,AIBZ,73,0.0,0.0,260918,105.22,26/ 69%ile,4.31
2026-09-21,AIEQ,10,11,11,260917,28.51,73/ 91%ile,49.62
2026-09-21,AIFC,163,195,173,260918,141.25,365/ 39%ile,0.51
2026-09-21,AIFD,25,33,37,260902,32.50,104/ 22%ile,52.40
2026-09-21,AIFU,200,218,180,260610,181.64,147/ 97%ile,33.00
2026-09-21,AIG,14,19,22,260918,26.18,600/ 60%ile,75.33
2026-09-21,AIN,46,54,46,260812,28.70,50/  4%ile,60.61
2026-09-21,AIOT,22,99,84,260918,83.75,570/ 69%ile,2.88
2026-09-21,AIP,69,75,88,260918,86.92,575/ 74%ile,22.30
2026-09-21,AIPI,20,22,21,260918,9.52,105/ 14%ile,37.03
2026-09-21,AIPO,37,42,0.0,260918,36.77,64/  7%ile,28.49
2026-09-21,AIQ,19,28,35,260918,29.88,600/ 76%ile,64.13
2026-09-21,AIR,42,52,49,260918,51.64,598/ 86%ile,112.77
2026-09-21,AIRG,44,41,42,260917,132.50,276/ 98%ile,5.35
2026-09-21,AIRJ,41,97,101,260918,100.81,260/ 27%ile,4.33
2026-09-21,AIRO,56,90,91,260918,86.78,304/ 25%ile,7.00
2026-09-21,AIRR,25,29,30,260918,34.76,386/ 62%ile,106.45
2026-09-21,AIRS,85,161,133,260918,139.65,567/ 70%ile,2.31
2026-09-21,AIS,47,59,65,260918,49.35,153/ 28%ile,72.34
2026-09-21,AISP,70,76,84,260918,88.28,573/ 20%ile,1.92
2026-09-21,AIT,25,24,25,260918,29.81,598/ 19%ile,321.84
2026-09-21,AIV,30,32,61,260807,68.13,361/ 98%ile,2.18
2026-09-21,AIVC,25,37,42,260916,37.55,193/ 26%ile,111.90
2026-09-21,AIVI,11,11,14,260811,18.84,46/ 17%ile,58.94
2026-09-21,AIVL,8,9,11,260917,27.81,216/ 47%ile,130.10
2026-09-21,AIYY,36,37,43,260820,32.81,198/ 26%ile,7.36
2026-09-21,AIZ,15,22,22,260918,22.72,540/  7%ile,282.23
2026-09-21,AJG,36,35,34,260918,35.24,599/ 82%ile,239.48
2026-09-21,AKAM,37,48,66,260918,57.60,600/ 81%ile,104.52
2026-09-21,AKBA,120,106,112,260909,116.00,569/ 74%ile,0.90
2026-09-21,AKR,13,21,22,251001,24.73,62/  3%ile,19.28
2026-09-21,ALAB,89,100,107,260918,74.16,598/ 26%ile,303.61
2026-09-21,ALB,52,43,48,260918,51.69,600/ 24%ile,110.91
2026-09-21,ALBG,102,0.0,0.0,260807,126.81,2/100%ile,4.76
2026-09-21,ALC,21,27,34,260918,32.54,599/ 78%ile,65.04
2026-09-21,ALDX,74,79,86,260918,152.48,582/ 76%ile,1.36
2026-09-21,ALEC,108,119,106,260918,198.05,432/ 86%ile,1.91
2026-09-21,ALG,22,25,28,260917,33.16,269/ 59%ile,166.65
2026-09-21,ALGM,46,63,83,260918,65.68,600/ 75%ile,34.10
2026-09-21,ALGN,30,34,42,260918,40.00,600/ 20%ile,147.61
2026-09-21,ALGT,44,51,60,260918,64.51,599/ 55%ile,78.16
2026-09-21,ALH,30,33,30,260915,47.46,10/ 80%ile,21.58
2026-09-21,ALHC,103,91,93,260918,91.21,593/ 96%ile,8.33
2026-09-21,ALIT,66,96,515,260918,111.42,571/ 79%ile,11.77
2026-09-21,ALK,32,45,52,260918,53.70,600/ 75%ile,40.54
2026-09-21,ALKS,24,27,36,260918,67.51,558/ 96%ile,43.39
2026-09-21,ALKT,43,42,46,260918,47.54,579/ 21%ile,19.13
2026-09-21,ALL,22,29,28,260918,25.37,600/ 49%ile,249.83
2026-09-21,ALLE,20,32,32,260918,31.29,553/ 66%ile,152.28
2026-09-21,ALLO,61,78,75,260918,94.71,570/  5%ile,1.69
2026-09-21,ALLT,52,51,56,260918,66.27,554/ 13%ile,8.00
2026-09-21,ALLW,8,9,0.0,260519,21.01,1/100%ile,29.41
2026-09-21,ALLY,24,24,27,260918,27.19,600/  3%ile,40.00
2026-09-21,ALM,80,98,96,260918,88.55,151/ 13%ile,13.83
2026-09-21,ALMS,302,199,150,260918,87.69,269/ 26%ile,7.76
2026-09-21,ALMU,76,86,119,260918,105.27,247/ 10%ile,12.73
2026-09-21,ALNT,62,68,70,260918,57.91,513/ 65%ile,100.49
2026-09-21,ALNY,49,89,67,260918,46.97,599/ 56%ile,239.56
2026-09-21,ALOY,96,120,0.0,260918,110.26,101/ 23%ile,8.28
2026-09-21,ALRM,19,25,31,260918,31.10,554/  5%ile,53.96
2026-09-21,ALRS,14,18,20,260825,29.53,35/ 14%ile,32.75
2026-09-21,ALSN,32,34,36,260918,42.66,574/ 81%ile,117.10
2026-09-21,ALT,43,55,55,260918,73.90,600/  2%ile,3.25
2026-09-21,ALTG,48,55,77,260918,73.08,598/ 87%ile,6.08
2026-09-21,ALTI,107,91,85,260918,78.75,131/  7%ile,3.23
2026-09-21,ALTL,7,17,26,260617,57.90,20/ 90%ile,46.48
2026-09-21,ALTO,49,71,80,260918,82.81,484/ 34%ile,4.00
2026-09-21,ALV,28,27,30,260918,34.37,592/ 70%ile,116.98
2026-09-21,ALXO,66,85,94,260918,157.28,438/ 32%ile,1.70
2026-09-21,AM,20,24,23,260918,25.63,595/ 77%ile,21.19
2026-09-21,AMAL,17,20,24,260903,64.21,9/100%ile,47.40
2026-09-21,AMAT,41,65,74,260918,51.89,599/ 69%ile,444.46
2026-09-21,AMAU,84,128,0.0,260918,91.52,36/  2%ile,11.75
2026-09-21,AMBA,56,69,92,260918,71.26,598/ 71%ile,66.15
2026-09-21,AMBP,28,43,41,260918,32.50,281/ 32%ile,4.63
2026-09-21,AMBQ,62,75,104,260918,82.79,110/ 23%ile,65.46
2026-09-21,AMBR,169,132,106,260918,166.06,181/ 86%ile,1.89
2026-09-21,AMC,56,86,107,260918,86.59,600/ 32%ile,2.68
2026-09-21,AMCR,20,28,32,260918,27.24,467/ 44%ile,41.90
2026-09-21,AMCX,40,53,52,260918,66.66,599/ 38%ile,11.52
2026-09-21,AMD,50,67,77,260918,50.60,600/ 50%ile,559.82
2026-09-21,AMDD,52,70,84,260918,50.75,190/  7%ile,25.12
2026-09-21,AMDG,97,137,153,260918,104.80,213/ 17%ile,113.76
2026-09-21,AMDL,97,137,154,260918,95.91,583/ 43%ile,67.09
2026-09-21,AMDW,61,83,93,260918,32.35,77/  1%ile,94.09
2026-09-21,AMDY,43,60,67,260917,33.11,290/ 64%ile,48.04
2026-09-21,AME,25,23,24,260918,28.67,600/ 67%ile,237.64
2026-09-21,AMG,24,32,31,260918,40.14,426/ 61%ile,355.80
2026-09-21,AMGN,42,36,31,260918,27.36,600/ 53%ile,385.57
2026-09-21,AMH,14,17,20,260918,30.99,263/ 88%ile,31.02
2026-09-21,AMKR,67,101,93,260918,64.91,600/ 67%ile,50.31
2026-09-21,AMLP,10,13,15,260918,11.24,593/ 57%ile,54.99
2026-09-21,AMLX,45,126,97,260918,58.68,498/  1%ile,32.41
2026-09-21,AMN,28,58,68,260918,64.31,598/ 30%ile,34.26
2026-09-21,AMOM,24,31,34,260918,42.84,421/ 63%ile,59.81
2026-09-21,AMP,22,20,23,260915,26.47,525/ 58%ile,544.33
2026-09-21,AMPG,63,127,142,260918,100.10,219/ 22%ile,3.40
2026-09-21,AMPH,24,32,56,260831,43.56,174/ 59%ile,23.62
2026-09-21,AMPL,54,64,78,260918,58.16,578/ 41%ile,13.20
2026-09-21,AMPX,52,77,103,260918,77.79,516/  0%ile,9.52
2026-09-21,AMPY,45,57,55,260918,60.84,598/ 50%ile,4.50
2026-09-21,AMR,60,59,59,260918,58.76,587/ 42%ile,174.22
2026-09-21,AMRC,71,89,84,260918,67.13,538/  5%ile,23.75
2026-09-21,AMRN,28,24,29,260918,59.12,339/  1%ile,13.63
2026-09-21,AMRX,41,39,37,260908,47.68,321/ 11%ile,18.71
2026-09-21,AMRZ,28,37,41,260918,36.67,289/ 44%ile,37.54
2026-09-21,AMSC,51,63,72,260918,68.25,600/ 10%ile,30.19
2026-09-21,AMSF,21,34,31,251015,32.08,7/100%ile,24.62
2026-09-21,AMT,20,25,29,260918,21.27,600/  4%ile,173.98
2026-09-21,AMTM,38,46,42,260918,44.37,487/  6%ile,19.60
2026-09-21,AMTX,81,98,101,260918,134.18,559/ 76%ile,2.16
2026-09-21,AMWL,57,89,77,260918,71.02,520/  3%ile,13.76
2026-09-21,AMX,13,17,23,260918,35.69,508/ 94%ile,22.43
2026-09-21,AMZA,13,17,20,260827,16.72,389/ 31%ile,50.45
2026-09-21,AMZD,32,48,41,260918,31.50,78/ 24%ile,8.65
2026-09-21,AMZN,27,43,37,260918,29.98,600/ 35%ile,253.51
2026-09-21,AMZP,29,41,37,260729,27.11,30/ 66%ile,25.56
2026-09-21,AMZU,53,84,72,260918,59.17,600/ 42%ile,35.59
2026-09-21,AMZW,34,52,45,260318,30.74,10/ 50%ile,35.60
2026-09-21,AMZZ,54,84,72,260918,68.89,501/ 59%ile,33.15
2026-09-21,AN,46,43,37,260918,39.60,598/ 66%ile,168.29
2026-09-21,ANAB,29,64,61,260911,90.36,274/ 27%ile,55.20
2026-09-21,ANDE,31,41,43,260918,38.43,472/ 31%ile,69.59
2026-09-21,ANET,46,52,60,260918,51.75,600/ 56%ile,199.39
2026-09-21,ANEW,14,16,16,260916,39.03,49/ 48%ile,53.93
2026-09-21,ANF,121,86,70,260918,47.74,600/  4%ile,135.72
2026-09-21,ANGI,72,95,115,260918,82.68,492/ 66%ile,5.30
2026-09-21,ANGO,18,38,38,260910,63.31,464/ 51%ile,15.44
2026-09-21,ANGX,63,82,96,260918,83.13,240/  7%ile,5.24
2026-09-21,ANIK,24,51,61,260827,61.25,119/ 94%ile,20.81
2026-09-21,ANIP,26,29,30,260918,46.81,207/ 45%ile,76.14
2026-09-21,ANIX,50,65,65,260918,118.87,211/ 77%ile,2.77
2026-09-21,ANNX,56,67,66,260918,206.27,494/ 93%ile,4.23
2026-09-21,ANRO,48,57,64,260918,80.57,183/  7%ile,30.27
2026-09-21,ANTX,62,0.0,0.0,260721,95.96,2/100%ile,5.05
2026-09-21,ANVS,125,93,86,260918,189.72,377/ 89%ile,1.14
2026-09-21,ANY,136,127,199,251029,177.69,336/ 87%ile,1.21
2026-09-21,AOA,9,10,12,260916,25.69,19/ 68%ile,97.86
2026-09-21,AON,44,35,31,260918,30.86,600/ 84%ile,295.64
2026-09-21,AOR,8,8,10,260916,28.11,89/ 80%ile,69.06
2026-09-21,AORT,35,43,70,260827,52.39,43/ 65%ile,23.35
2026-09-21,AOS,22,29,30,260918,29.65,599/ 75%ile,56.95
2026-09-21,AOSL,48,86,112,260918,65.51,593/ 21%ile,25.40
2026-09-21,AOUT,140,93,85,260910,68.49,303/ 95%ile,16.42
2026-09-21,AP,52,68,81,260918,99.21,360/ 55%ile,8.35
2026-09-21,APA,42,44,46,260918,45.54,600/ 58%ile,44.87
2026-09-21,APAM,24,33,31,260918,25.11,523/ 42%ile,36.68
2026-09-21,APD,16,18,24,260918,21.39,600/  9%ile,284.18
2026-09-21,APEI,15,54,45,260918,55.68,449/ 32%ile,43.88
2026-09-21,APG,29,27,31,260918,35.60,458/ 48%ile,37.39
2026-09-21,APGE,1.7,2.0,70,260828,25.36,357/ 10%ile,135.09
2026-09-21,APH,39,42,47,260918,45.17,600/ 75%ile,77.57
2026-09-21,API,42,50,61,260904,86.41,419/ 25%ile,4.00
2026-09-21,APLD,82,93,95,260918,85.23,600/  3%ile,28.13
2026-09-21,APLE,21,21,23,260916,21.22,210/ 41%ile,15.58
2026-09-21,APLX,161,187,189,260918,178.95,225/ 12%ile,9.25
2026-09-21,APLY,21,27,26,250923,21.62,35/ 74%ile,11.91
2026-09-21,APLZ,164,204,211,260918,176.23,113/ 21%ile,18.22
2026-09-21,APO,25,34,34,260918,36.71,600/ 52%ile,125.91
2026-09-21,APOG,30,33,45,260917,54.11,437/ 76%ile,36.80
2026-09-21,APP,35,69,70,260918,57.02,599/ 23%ile,308.00
2026-09-21,APPF,41,49,49,260918,56.31,598/ 86%ile,214.63
2026-09-21,APPN,71,75,74,260918,62.03,600/ 71%ile,37.52
2026-09-21,APPS,69,110,117,260918,81.80,575/  2%ile,10.66
2026-09-21,APPX,70,152,145,260918,103.76,515/ 36%ile,12.34
2026-09-21,APT,33,36,68,260918,43.91,542/ 15%ile,5.11
2026-09-21,APTV,36,54,54,260918,42.74,600/ 67%ile,43.59
2026-09-21,APYX,45,62,85,260918,110.20,296/ 52%ile,3.06
2026-09-21,AQN,25,27,27,260915,30.79,133/ 21%ile,5.35
2026-09-21,AQST,57,50,61,260918,87.71,589/ 18%ile,4.61
2026-09-21,AQWA,12,14,15,260908,15.92,7/ 42%ile,18.26
2026-09-21,AR,37,37,35,260918,37.10,600/  9%ile,34.86
2026-09-21,ARAY,0.0,131,224,260602,183.57,185/ 88%ile,0.23
2026-09-21,ARBE,149,130,142,260918,140.00,471/ 45%ile,0.67
2026-09-21,ARBK,41,35,68,251031,220.00,134/100%ile,4.58
2026-09-21,ARCB,35,44,49,260918,54.67,591/ 64%ile,128.73
2026-09-21,ARCC,13,17,17,260918,15.43,474/ 43%ile,19.40
2026-09-21,ARCO,25,27,36,260918,34.46,507/ 13%ile,7.53
2026-09-21,ARCT,106,100,85,260918,100.07,578/ 71%ile,16.03
2026-09-21,ARCX,102,163,153,260918,134.06,167/  9%ile,11.15
2026-09-21,ARDT,29,36,51,260918,57.11,341/ 51%ile,10.48
2026-09-21,ARDX,30,52,52,260918,80.17,600/ 56%ile,3.42
2026-09-21,ARE,36,44,49,260918,37.55,600/ 65%ile,53.28
2026-09-21,AREC,84,100,100,260918,111.19,350/ 12%ile,1.97
2026-09-21,ARES,27,38,40,260918,44.30,599/ 75%ile,123.80
2026-09-21,ARGT,18,22,27,260918,37.41,596/ 73%ile,92.69
2026-09-21,ARGX,27,48,43,260909,39.24,491/ 60%ile,990.32
2026-09-21,ARHS,58,65,64,260918,63.06,540/ 40%ile,7.79
2026-09-21,ARI,20,21,23,260407,22.50,224/ 55%ile,6.42
2026-09-21,ARIS,51,60,65,260918,59.49,328/ 20%ile,19.40
2026-09-21,ARKB,44,36,38,260918,38.16,457/  1%ile,26.93
2026-09-21,ARKF,36,33,33,260918,28.96,600/  0%ile,45.73
2026-09-21,ARKG,43,46,47,260918,47.12,600/ 49%ile,51.64
2026-09-21,ARKK,38,39,38,260918,33.67,600/ 10%ile,88.27
2026-09-21,ARKO,45,82,68,260918,72.92,289/ 91%ile,4.22
2026-09-21,ARKQ,24,31,36,260918,32.52,600/ 54%ile,122.15
2026-09-21,ARKW,32,31,31,260918,30.92,600/  1%ile,159.09
2026-09-21,ARKX,20,27,34,260918,38.48,511/ 77%ile,32.10
2026-09-21,ARLO,48,47,47,260918,57.49,523/ 33%ile,13.24
2026-09-21,ARLP,13,19,21,260918,22.12,594/ 22%ile,25.87
2026-09-21,ARM,66,81,98,260918,69.48,600/ 66%ile,275.69
2026-09-21,ARMG,137,162,195,260918,128.27,196/ 43%ile,19.89
2026-09-21,ARMH,60,79,94,260713,99.40,60/ 70%ile,11.66
2026-09-21,ARMK,21,26,28,260918,32.98,600/ 81%ile,56.45
2026-09-21,ARMP,136,128,110,260828,82.50,15/ 53%ile,4.18
2026-09-21,ARMW,82,102,119,260817,61.69,28/  3%ile,43.89
2026-09-21,AROC,36,36,38,260918,39.65,597/ 59%ile,31.56
2026-09-21,AROW,20,21,24,260116,32.90,8/ 62%ile,37.92
2026-09-21,ARQ,77,67,69,260918,72.71,535/ 44%ile,2.05
2026-09-21,ARQQ,105,108,132,260918,97.94,432/ 19%ile,20.13
2026-09-21,ARQT,51,44,51,260831,45.47,528/  0%ile,25.38
2026-09-21,ARR,17,17,18,260917,15.47,380/ 27%ile,14.69
2026-09-21,ARRY,53,60,68,260918,72.42,600/  7%ile,4.05
2026-09-21,ARTY,29,42,48,260918,34.81,494/ 55%ile,75.84
2026-09-21,ARVN,44,49,49,260918,55.99,582/  2%ile,8.29
2026-09-21,ARVR,14,20,25,260812,44.70,20/ 30%ile,57.09
2026-09-21,ARW,43,44,41,260918,46.62,549/ 89%ile,219.31
2026-09-21,ARWR,60,66,58,260918,52.87,597/  3%ile,66.48
2026-09-21,ARX,4.9,102,87,260812,66.25,227/ 49%ile,19.66
2026-09-21,ARXS,35,58,111,260918,71.95,91/ 45%ile,51.85
2026-09-21,AS,39,40,40,260918,49.94,578/ 37%ile,26.73
2026-09-21,ASA,39,45,49,260911,69.17,361/ 93%ile,58.58
2026-09-21,ASAN,78,76,79,260918,67.85,600/ 47%ile,9.51
2026-09-21,ASB,19,19,21,260918,26.60,267/ 14%ile,29.67
2026-09-21,ASC,30,38,41,260918,40.00,536/ 34%ile,19.05
2026-09-21,ASEA,13,13,14,260303,18.75,50/ 76%ile,21.04
2026-09-21,ASH,20,28,43,260918,46.34,596/ 89%ile,69.06
2026-09-21,ASHR,12,20,22,260918,17.80,600/  4%ile,33.75
2026-09-21,ASHS,18,33,31,260909,26.07,429/ 46%ile,42.57
2026-09-21,ASIX,32,58,57,260918,52.92,226/ 59%ile,16.21
2026-09-21,ASLE,33,36,40,260918,59.13,522/ 44%ile,5.47
2026-09-21,ASM,59,74,77,260918,70.04,140/  1%ile,6.39
2026-09-21,ASMB,61,67,63,260918,86.77,31/ 48%ile,24.97
2026-09-21,ASMG,79,86,106,260918,84.92,314/ 46%ile,43.04
2026-09-21,ASMH,36,42,52,260713,62.31,63/ 76%ile,11.44
2026-09-21,ASML,39,43,53,260917,41.79,552/ 57%ile,1679.91
2026-09-21,ASND,50,38,41,260918,45.22,568/ 20%ile,236.72
2026-09-21,ASO,69,51,47,260918,39.72,600/ 17%ile,48.29
2026-09-21,ASPI,77,84,101,260918,105.44,471/ 19%ile,3.05
2026-09-21,ASPN,50,95,94,260918,79.38,586/ 25%ile,5.07
2026-09-21,ASR,17,19,26,260818,35.60,3/100%ile,243.32
2026-09-21,ASST,83,86,89,260918,78.23,323/  1%ile,30.08
2026-09-21,ASTE,32,47,52,260904,41.03,101/ 34%ile,41.40
2026-09-21,ASTH,45,55,48,260918,67.56,497/ 72%ile,34.36
2026-09-21,ASTI,59,85,124,260918,143.80,103/ 39%ile,2.88
2026-09-21,ASTL,77,80,69,260918,81.11,584/ 63%ile,4.25
2026-09-21,ASTN,162,179,0.0,260918,131.56,7/ 14%ile,19.62
2026-09-21,ASTS,79,89,111,260918,75.21,600/  1%ile,58.51
2026-09-21,ASTX,160,182,223,260918,138.88,273/  1%ile,9.60
2026-09-21,ASUR,36,45,43,260918,62.62,419/ 87%ile,8.11
2026-09-21,ASX,48,65,70,260918,53.67,525/ 72%ile,41.60
2026-09-21,ASYS,57,78,91,260918,73.61,514/ 41%ile,14.20
2026-09-21,ATAI,15,79,81,260902,108.45,542/ 38%ile,7.36
2026-09-21,ATAT,38,40,38,260917,40.18,392/  6%ile,32.15
2026-09-21,ATEC,75,66,90,260918,54.94,593/ 15%ile,10.18
2026-09-21,ATEN,39,51,44,260918,49.61,488/ 75%ile,26.15
2026-09-21,ATER,247,224,205,260918,220.00,209/100%ile,0.70
2026-09-21,ATEX,48,63,72,260918,70.92,374/ 56%ile,76.99
2026-09-21,ATHM,26,30,39,260918,48.18,225/ 83%ile,20.98
2026-09-21,ATI,36,44,43,260918,46.09,600/ 61%ile,191.63
2026-09-21,ATKR,2.4,62,56,260918,17.50,595/  3%ile,94.32
2026-09-21,ATLO,17,18,21,260624,25.86,51/ 52%ile,31.91
2026-09-21,ATLX,61,69,81,260918,90.58,570/  4%ile,2.90
2026-09-21,ATMU,27,36,50,260918,48.13,599/ 87%ile,43.89
2026-09-21,ATNI,22,64,54,260918,43.89,293/ 13%ile,28.73
2026-09-21,ATO,14,15,16,260918,18.03,593/ 23%ile,160.30
2026-09-21,ATOM,43,70,118,260918,110.98,585/ 40%ile,4.12
2026-09-21,ATOS,52,61,105,260918,139.92,377/ 80%ile,2.22
2026-09-21,ATR,17,21,23,260918,36.67,458/ 88%ile,124.44
2026-09-21,ATRC,37,42,45,260917,51.03,31/ 32%ile,58.10
2026-09-21,ATRO,47,63,64,260918,65.14,405/ 65%ile,65.71
2026-09-21,ATS,32,78,66,260917,45.76,237/ 69%ile,19.34
2026-09-21,ATYR,155,109,161,260828,202.50,381/ 88%ile,0.36
2026-09-21,AU,49,56,60,260918,49.06,600/ 52%ile,103.29
2026-09-21,AUB,18,19,23,260727,32.24,83/ 44%ile,39.03
2026-09-21,AUDC,44,36,48,260918,41.13,387/  4%ile,10.10
2026-09-21,AUGO,48,76,78,260918,73.83,201/ 56%ile,88.25
2026-09-21,AUPH,37,38,41,260918,38.43,600/  0%ile,16.90
2026-09-21,AUR,58,65,71,260918,76.66,600/ 27%ile,6.30
2026-09-21,AUTL,59,99,91,260918,155.63,511/ 78%ile,1.95
2026-09-21,AV,19,17,0.0,260918,24.84,42/ 83%ile,25.81
2026-09-21,AVA,14,16,20,260918,19.73,355/ 29%ile,36.25
2026-09-21,AVAH,31,64,56,260918,66.43,514/  6%ile,13.65
2026-09-21,AVAV,59,65,79,260918,62.43,600/ 56%ile,159.94
2026-09-21,AVBC,16,0.0,0.0,260918,27.46,46/ 10%ile,22.59
2026-09-21,AVBP,49,58,56,260813,124.95,59/ 22%ile,28.90
2026-09-21,AVD,64,73,78,260918,110.78,449/ 97%ile,2.17
2026-09-21,AVDE,11,12,15,260918,30.27,92/ 52%ile,91.68
2026-09-21,AVDV,12,14,17,260918,19.81,308/ 22%ile,111.07
2026-09-21,AVEM,18,23,29,260918,30.67,319/ 29%ile,94.23
2026-09-21,AVEX,53,82,198,260918,73.82,102/  0%ile,16.21
2026-09-21,AVGE,10,11,12,260918,25.48,120/  5%ile,99.45
2026-09-21,AVGG,65,81,101,260918,75.82,187/  4%ile,22.89
2026-09-21,AVGO,32,40,49,260918,35.13,600/  0%ile,357.44
2026-09-21,AVGV,10,10,12,260916,33.81,84/ 53%ile,86.05
2026-09-21,AVGW,40,49,60,260831,54.38,33/ 63%ile,33.17
2026-09-21,AVGX,65,80,101,260918,71.77,458/  2%ile,39.20
2026-09-21,AVIE,9,9,11,260330,49.62,2/100%ile,81.19
2026-09-21,AVIR,48,50,55,260918,78.75,264/ 57%ile,5.33
2026-09-21,AVL,64,80,101,260918,65.56,314/  0%ile,37.24
2026-09-21,AVLC,10,12,13,260918,25.11,92/  8%ile,90.53
2026-09-21,AVLV,10,9,10,260810,25.06,285/ 35%ile,92.04
2026-09-21,AVMA,7,7,9,251104,47.61,4/100%ile,72.49
2026-09-21,AVMC,11,11,12,260917,35.49,85/ 63%ile,77.35
2026-09-21,AVMV,12,10,11,260916,38.14,59/ 66%ile,78.25
2026-09-21,AVNM,13,14,17,260916,35.96,35/ 60%ile,84.15
2026-09-21,AVNT,21,44,41,260918,36.87,195/ 34%ile,40.36
2026-09-21,AVNV,12,13,16,260818,39.95,41/ 68%ile,85.61
2026-09-21,AVNW,54,44,84,260910,50.22,340/ 30%ile,20.46
2026-09-21,AVO,28,33,40,260918,41.16,463/ 35%ile,12.90
2026-09-21,AVPT,45,42,45,260918,48.86,597/ 62%ile,13.19
2026-09-21,AVR,44,48,55,260918,78.53,159/ 37%ile,8.16
2026-09-21,AVSC,11,12,14,260918,32.06,70/ 11%ile,70.39
2026-09-21,AVSU,11,13,14,260918,25.80,91/ 19%ile,88.07
2026-09-21,AVT,44,43,42,260918,46.74,503/ 87%ile,96.12
2026-09-21,AVTR,28,51,48,260918,51.47,600/ 55%ile,15.52
2026-09-21,AVTX,53,56,87,260826,80.00,106/ 13%ile,16.57
2026-09-21,AVUS,10,11,12,260918,21.37,413/ 13%ile,128.66
2026-09-21,AVUV,10,11,12,260918,19.23,551/  3%ile,121.90
2026-09-21,AVXL,76,74,73,260918,95.86,597/ 41%ile,2.42
2026-09-21,AVY,18,27,26,260918,34.94,596/ 94%ile,167.71
2026-09-21,AWI,20,31,30,260918,35.30,591/ 59%ile,159.63
2026-09-21,AWK,18,21,22,260918,22.24,600/ 46%ile,135.90
2026-09-21,AWR,17,19,19,260918,24.33,287/ 68%ile,85.57
2026-09-21,AWRE,55,63,100,260128,131.25,137/ 90%ile,1.22
2026-09-21,AX,21,24,30,260918,34.27,600/  3%ile,90.79
2026-09-21,AXGN,65,54,48,260918,51.16,381/  3%ile,44.23
2026-09-21,AXON,69,76,72,260917,61.80,564/ 78%ile,447.77
2026-09-21,AXP,21,24,24,260918,24.98,600/ 20%ile,311.61
2026-09-21,AXS,16,32,29,260918,31.79,591/ 54%ile,99.20
2026-09-21,AXSM,42,44,44,260918,46.43,600/ 40%ile,207.78
2026-09-21,AXTA,24,31,33,260918,46.28,565/ 94%ile,32.20
2026-09-21,AXTI,111,165,156,260918,106.27,495/ 41%ile,70.00
2026-09-21,AXTU,230,327,0.0,260918,212.44,31/ 22%ile,39.42
2026-09-21,AXTX,222,330,0.0,260918,196.42,89/  4%ile,7.32
2026-09-21,AYA,63,74,0.0,260918,77.12,74/ 25%ile,28.46
2026-09-21,AYI,24,29,43,260918,39.64,600/ 74%ile,302.96
2026-09-21,AZ,50,81,75,260918,74.24,476/ 27%ile,5.65
2026-09-21,AZN,22,33,31,260918,29.21,599/ 75%ile,166.08
2026-09-21,AZO,26,27,33,260407,32.88,15/100%ile,2855.31
2026-09-21,AZTA,56,52,71,260918,60.42,360/ 74%ile,33.24
2026-09-21,AZZ,22,28,34,260918,46.20,573/ 76%ile,132.72
2026-09-21,B,40,45,49,260918,42.25,600/ 58%ile,43.29
2026-09-21,BA,25,33,35,260918,32.61,600/ 35%ile,198.21
2026-09-21,BABA,40,39,43,260918,46.83,599/ 60%ile,113.26
2026-09-21,BABO,39,38,41,260918,48.02,46/ 95%ile,7.42
2026-09-21,BABX,81,79,85,260918,88.14,444/ 55%ile,18.13
2026-09-21,BAC,25,21,21,260918,25.80,600/ 51%ile,57.70
2026-09-21,BAH,33,40,41,260918,36.22,600/ 43%ile,77.07
2026-09-21,BAI,32,50,55,260918,35.20,189/ 34%ile,45.12
2026-09-21,BAIG,101,121,135,260918,122.93,112/  0%ile,13.25
2026-09-21,BALI,10,10,11,251128,10.71,55/ 81%ile,34.40
2026-09-21,BALL,16,20,25,260918,31.25,600/ 74%ile,60.15
2026-09-21,BAM,23,31,32,260918,31.21,600/ 41%ile,46.06
2026-09-21,BANC,24,39,32,260918,36.56,590/ 60%ile,18.32
2026-09-21,BAND,106,122,130,260918,87.28,567/ 82%ile,50.23
2026-09-21,BANF,17,18,21,260918,34.50,243/ 18%ile,108.29
2026-09-21,BANR,17,19,21,260917,56.53,28/ 50%ile,70.73
2026-09-21,BANX,13,12,11,260810,18.13,54/ 46%ile,20.90
2026-09-21,BAP,21,26,35,260902,38.54,448/ 80%ile,381.83
2026-09-21,BARK,72,75,78,260331,93.70,396/ 52%ile,9.33
2026-09-21,BATRA,20,23,21,260918,23.30,330/ 12%ile,55.84
2026-09-21,BATRK,22,24,23,260918,31.34,289/ 69%ile,50.57
2026-09-21,BATT,26,29,34,260824,34.17,269/ 66%ile,14.70
2026-09-21,BAX,21,42,42,260918,48.18,600/ 80%ile,22.80
2026-09-21,BB,59,60,76,260918,82.86,600/ 81%ile,7.99
2026-09-21,BBAI,43,61,68,260918,76.82,600/  1%ile,2.81
2026-09-21,BBAR,33,50,61,260918,50.09,520/  4%ile,14.25
2026-09-21,BBC,33,33,36,260918,45.86,327/ 85%ile,48.42
2026-09-21,BBCA,14,12,13,260811,22.04,269/ 15%ile,107.53
2026-09-21,BBCP,60,47,58,260918,42.82,227/  7%ile,9.76
2026-09-21,BBD,41,40,41,260918,44.44,482/ 89%ile,3.43
2026-09-21,BBDC,19,30,28,260918,53.75,55/ 92%ile,8.74
2026-09-21,BBEU,10,11,16,260811,28.82,230/ 28%ile,77.19
2026-09-21,BBH,25,29,25,260918,32.65,500/ 92%ile,234.14
2026-09-21,BBIN,11,13,16,260828,33.52,57/ 24%ile,79.03
2026-09-21,BBIO,27,45,41,260918,49.00,600/ 10%ile,66.61
2026-09-21,BBJP,14,20,21,260917,39.62,151/ 83%ile,78.22
2026-09-21,BBMC,12,12,15,260707,25.58,41/ 41%ile,122.64
2026-09-21,BBNX,90,82,77,260819,75.88,10/ 30%ile,21.89
2026-09-21,BBP,27,27,26,260917,34.96,348/ 67%ile,103.71
2026-09-21,BBSI,24,54,45,260904,36.25,28/ 64%ile,32.80
2026-09-21,BBT,18,19,26,260917,37.07,82/ 62%ile,30.83
2026-09-21,BBUC,24,33,36,260811,44.52,132/ 96%ile,25.70
2026-09-21,BBUS,10,11,13,260918,23.52,124/ 13%ile,137.77
2026-09-21,BBVA,22,28,31,260917,28.55,192/ 15%ile,28.36
2026-09-21,BBW,118,85,67,260918,63.18,600/ 75%ile,24.46
2026-09-21,BBWI,64,54,58,260918,55.02,600/ 64%ile,17.42
2026-09-21,BBY,45,38,42,260918,39.14,600/ 62%ile,92.85
2026-09-21,BC,24,29,36,260918,38.81,599/ 47%ile,67.55
2026-09-21,BCAB,62,86,98,260108,220.00,178/100%ile,3.68
2026-09-21,BCAX,43,56,53,260824,65.71,7/ 28%ile,22.64
2026-09-21,BCBP,30,36,37,260918,43.27,137/ 64%ile,8.72
2026-09-21,BCC,22,40,41,260918,39.32,588/ 19%ile,75.69
2026-09-21,BCD,10,12,14,260225,18.44,35/ 80%ile,38.88
2026-09-21,BCE,15,22,23,260918,23.24,598/ 52%ile,22.06
2026-09-21,BCH,21,24,28,260904,35.81,215/ 74%ile,40.80
2026-09-21,BCI,12,16,17,260915,18.02,129/ 45%ile,26.44
2026-09-21,BCIC,22,22,26,260915,31.88,61/ 81%ile,7.03
2026-09-21,BCML,16,23,22,260916,31.71,10/ 40%ile,30.10
2026-09-21,BCO,32,33,32,260918,34.94,579/ 71%ile,106.12
2026-09-21,BCPC,19,21,22,260918,29.97,481/ 37%ile,167.05
2026-09-21,BCRX,53,52,53,260918,45.07,600/  5%ile,8.68
2026-09-21,BCS,22,31,33,260918,32.92,600/ 40%ile,24.87
2026-09-21,BCSF,19,26,25,260708,27.19,90/ 74%ile,11.09
2026-09-21,BCYC,38,42,41,260918,116.98,131/ 87%ile,3.65
2026-09-21,BDC,51,55,51,260918,51.58,320/ 84%ile,110.92
2026-09-21,BDN,42,39,37,260914,52.81,431/ 86%ile,2.90
2026-09-21,BDRY,44,38,37,260918,44.65,421/  8%ile,15.78
2026-09-21,BDTX,63,67,107,260918,122.52,551/ 37%ile,1.96
2026-09-21,BDX,23,27,30,260918,24.07,598/ 36%ile,180.94
2026-09-21,BE,71,110,114,260918,80.48,599/ 30%ile,265.51
2026-09-21,BEAM,68,65,70,260918,64.79,576/  8%ile,24.95
2026-09-21,BEDZ,18,17,20,260803,47.71,118/ 81%ile,36.52
2026-09-21,BEEM,145,117,110,260918,131.88,475/ 74%ile,1.32
2026-09-21,BEG,141,217,223,260918,154.86,134/  5%ile,47.94
2026-09-21,BEKE,39,37,42,260918,42.11,600/ 10%ile,16.28
2026-09-21,BELFB,41,56,66,260615,59.42,97/ 73%ile,241.97
2026-09-21,BEN,23,24,28,260918,24.41,600/ 18%ile,33.01
2026-09-21,BEP,25,30,28,260918,28.99,595/ 26%ile,29.83
2026-09-21,BEPC,26,31,36,260918,32.44,600/ 36%ile,29.93
2026-09-21,BETA,71,75,73,260918,70.20,216/  3%ile,20.90
2026-09-21,BETR,96,146,129,260918,111.00,238/ 20%ile,12.06
2026-09-21,BETZ,15,19,20,260916,26.50,91/ 73%ile,18.22
2026-09-21,BEX,142,219,227,260918,155.63,166/  1%ile,34.50
2026-09-21,BEZ,153,256,0.0,260918,120.05,59/  1%ile,5.96
2026-09-21,BFAM,29,36,50,260918,65.25,231/ 92%ile,65.67
2026-09-21,BFB,28,36,39,260918,36.06,587/ 65%ile,25.94
2026-09-21,BFH,35,29,33,260918,42.52,600/ 24%ile,108.53
2026-09-21,BFLY,73,88,119,260918,96.73,598/ 26%ile,7.88
2026-09-21,BFOR,10,12,12,260630,28.56,299/ 28%ile,23.29
2026-09-21,BFS,12,17,21,260914,30.99,54/ 85%ile,30.24
2026-09-21,BFST,15,18,20,260417,26.50,18/  5%ile,30.82
2026-09-21,BG,38,36,34,260918,36.20,600/ 91%ile,115.58
2026-09-21,BGC,36,35,38,260918,39.75,579/ 58%ile,12.22
2026-09-21,BGS,32,40,46,260918,41.42,599/ 24%ile,2.88
2026-09-21,BGSF,37,35,40,260918,49.17,260/ 23%ile,4.95
2026-09-21,BHB,16,19,21,250924,50.60,53/ 90%ile,40.06
2026-09-21,BHC,50,80,65,260918,48.98,599/  2%ile,5.67
2026-09-21,BHE,39,49,54,260918,46.41,316/ 48%ile,75.40
2026-09-21,BHF,23,24,19,260918,55.60,544/ 80%ile,49.95
2026-09-21,BHP,33,35,39,260918,34.94,600/ 77%ile,86.27
2026-09-21,BHR,55,61,64,260914,78.13,339/ 71%ile,1.79
2026-09-21,BHVN,112,83,84,260918,93.01,592/ 36%ile,13.62
2026-09-21,BHYP,61,69,0.0,260918,75.88,55/  3%ile,52.07
2026-09-21,BIB,46,49,47,260918,48.41,562/ 51%ile,110.93
2026-09-21,BIBL,16,17,19,260828,43.22,6/ 33%ile,53.49
2026-09-21,BIDG,80,97,0.0,260918,92.96,47/ 40%ile,6.49
2026-09-21,BIDU,38,45,51,260918,42.59,600/ 30%ile,89.88
2026-09-21,BIGY,8,9,11,260911,37.34,63/ 38%ile,52.08
2026-09-21,BIIB,26,37,37,260918,37.18,600/ 44%ile,215.50
2026-09-21,BIL,1.1,1.1,1.2,260915,21.53,131/ 39%ile,91.56
2026-09-21,BILI,44,41,47,260918,42.48,600/  0%ile,14.91
2026-09-21,BILL,39,47,52,260918,51.05,600/ 30%ile,47.57
2026-09-21,BIOA,63,242,179,260918,101.88,106/ 77%ile,8.06
2026-09-21,BIOX,211,161,166,251209,162.50,143/ 97%ile,0.36
2026-09-21,BIP,23,26,24,260918,23.27,574/ 38%ile,36.07
2026-09-21,BIPC,22,27,32,260918,27.34,552/ 24%ile,36.39
2026-09-21,BIRK,36,47,62,260918,53.46,599/ 75%ile,30.56
2026-09-21,BIS,47,52,50,260729,45.36,136/ 64%ile,11.80
2026-09-21,BITB,44,35,38,260918,37.67,457/  1%ile,44.09
2026-09-21,BITI,48,40,41,260918,30.93,599/  4%ile,18.18
2026-09-21,BITO,44,36,37,260918,36.85,600/ 27%ile,10.92
2026-09-21,BITQ,62,60,58,260918,56.43,574/ 14%ile,27.30
2026-09-21,BITS,53,50,49,260918,42.91,467/  6%ile,68.40
2026-09-21,BITU,88,71,75,260918,71.86,598/ 10%ile,14.46
2026-09-21,BITX,87,71,75,260918,72.74,600/ 13%ile,18.69
2026-09-21,BITY,34,33,37,260505,145.91,4/100%ile,28.45
2026-09-21,BIV,5,4.6,4.7,260918,3.92,570/ 16%ile,73.97
2026-09-21,BIZD,12,19,19,260821,20.63,69/ 56%ile,13.06
2026-09-21,BJ,38,30,32,260918,32.53,600/ 55%ile,92.03
2026-09-21,BJRI,37,46,44,260918,59.03,587/ 75%ile,59.54
2026-09-21,BKCH,73,75,71,260918,68.92,469/ 10%ile,76.89
2026-09-21,BKD,28,42,42,260918,50.14,592/ 26%ile,11.45
2026-09-21,BKE,27,29,33,260918,33.31,600/ 34%ile,40.29
2026-09-21,BKF,12,12,14,260811,17.01,209/  1%ile,39.63
2026-09-21,BKH,18,19,24,260917,29.12,427/ 79%ile,70.45
2026-09-21,BKKT,99,86,97,260918,85.79,579/  0%ile,8.59
2026-09-21,BKLC,9,12,13,260916,15.47,38/ 18%ile,48.82
2026-09-21,BKNG,35,41,39,260918,39.46,122/ 32%ile,167.75
2026-09-21,BKR,31,31,33,260918,34.81,600/ 68%ile,57.25
2026-09-21,BKSY,64,75,103,260918,77.96,558/  0%ile,21.67
2026-09-21,BKU,15,21,23,260918,29.84,280/  5%ile,44.77
2026-09-21,BKV,61,50,44,260918,59.08,278/ 94%ile,22.97
2026-09-21,BL,56,60,64,260918,64.22,580/ 78%ile,28.14
2026-09-21,BLBD,33,48,48,260918,53.72,600/ 49%ile,60.43
2026-09-21,BLCO,21,26,26,260918,47.08,464/ 40%ile,16.85
2026-09-21,BLDP,51,66,98,260918,88.13,558/ 46%ile,2.16
2026-09-21,BLDR,36,52,55,260918,57.88,600/ 77%ile,58.12
2026-09-21,BLFS,26,35,42,260714,56.99,83/ 12%ile,36.69
2026-09-21,BLK,23,28,27,260918,29.68,568/ 86%ile,1069.78
2026-09-21,BLKB,32,57,58,260915,61.93,68/ 91%ile,42.85
2026-09-21,BLLN,42,123,105,260918,61.81,118/  1%ile,105.92
2026-09-21,BLMN,67,88,91,260918,73.56,598/ 89%ile,8.07
2026-09-21,BLND,64,77,88,260918,149.82,588/ 95%ile,1.19
2026-09-21,BLNK,140,169,144,260916,135.63,478/ 83%ile,0.58
2026-09-21,BLOK,41,41,40,260918,39.54,592/ 11%ile,64.89
2026-09-21,BLOX,54,0.0,0.0,260918,38.70,17/ 35%ile,14.41
2026-09-21,BLRX,65,58,78,251013,112.50,78/ 19%ile,2.49
2026-09-21,BLSG,164,168,167,260918,134.76,30/  6%ile,3.83
2026-09-21,BLSH,81,82,82,260918,76.27,275/ 29%ile,38.30
2026-09-21,BLV,9,9,8,260918,7.42,598/ 18%ile,65.17
2026-09-21,BLX,18,23,27,260918,40.64,233/ 97%ile,53.83
2026-09-21,BLZE,53,101,130,260918,88.10,591/ 76%ile,13.16
2026-09-21,BMA,29,44,52,260918,46.03,409/ 10%ile,75.19
2026-09-21,BMBL,46,63,72,260918,79.64,600/ 73%ile,2.79
2026-09-21,BMEA,97,85,100,260918,103.98,536/ 11%ile,1.84
2026-09-21,BMI,29,46,43,260918,47.61,536/ 85%ile,132.76
2026-09-21,BMNG,182,162,156,260918,157.56,171/ 25%ile,27.89
2026-09-21,BMNR,93,84,79,260918,79.66,292/ 11%ile,25.99
2026-09-21,BMNU,179,167,166,260918,155.25,238/ 19%ile,20.42
2026-09-21,BMO,18,20,19,260918,20.42,599/ 53%ile,174.49
2026-09-21,BMRC,16,25,25,260917,27.60,48/  4%ile,28.23
2026-09-21,BMRN,26,31,35,260918,50.68,599/ 96%ile,63.94
2026-09-21,BMY,21,26,28,260918,28.67,600/ 55%ile,63.04
2026-09-21,BN,21,22,26,260918,28.75,598/ 23%ile,37.51
2026-09-21,BNC,198,138,132,260918,112.08,190/ 44%ile,5.98
2026-09-21,BND,4.7,4.3,4.4,260918,4.96,595/ 41%ile,71.20
2026-09-21,BNDD,7,8,8,260709,48.20,36/100%ile,97.88
2026-09-21,BNDX,4.5,4.1,4.5,260625,8.30,129/  7%ile,47.05
2026-09-21,BNED,57,55,65,260918,58.20,500/  1%ile,10.64
2026-09-21,BNKK,114,132,112,251009,220.00,298/100%ile,3.94
2026-09-21,BNL,17,20,20,260918,18.44,205/ 10%ile,19.20
2026-09-21,BNO,43,53,52,260918,53.38,600/ 80%ile,60.56
2026-09-21,BNS,30,25,22,260918,17.77,599/ 46%ile,94.07
2026-09-21,BNT,21,22,26,260720,90.00,11/ 54%ile,37.40
2026-09-21,BNTX,46,56,46,260918,41.02,600/ 25%ile,96.06
2026-09-21,BNY,19,22,22,260918,26.99,600/ 60%ile,153.79
2026-09-21,BOAT,24,24,25,260918,26.88,214/ 76%ile,53.06
2026-09-21,BOBS,65,59,76,260918,75.26,71/ 32%ile,14.86
2026-09-21,BOC,17,27,39,260826,32.14,147/ 12%ile,13.52
2026-09-21,BOH,15,19,22,260918,20.00,579/  0%ile,74.64
2026-09-21,BOIL,43,59,66,260918,69.12,599/  3%ile,20.01
2026-09-21,BOKF,15,17,19,260915,30.14,231/ 45%ile,132.75
2026-09-21,BOND,6,5,5,260918,3.44,596/ 19%ile,88.72
2026-09-21,BOOM,50,58,75,260918,70.49,479/ 73%ile,6.16
2026-09-21,BOOT,55,51,50,260918,56.30,600/ 70%ile,122.92
2026-09-21,BORR,49,51,56,260918,64.52,562/ 35%ile,4.46
2026-09-21,BOT,53,98,0.0,260918,78.03,53/  1%ile,29.55
2026-09-21,BOTZ,20,25,29,260918,28.03,600/ 57%ile,35.11
2026-09-21,BOX,32,37,40,260918,40.71,600/ 70%ile,33.72
2026-09-21,BP,30,31,31,260918,32.01,600/ 86%ile,44.59
2026-09-21,BPOP,17,18,19,260918,31.97,493/ 51%ile,162.03
2026-09-21,BR,28,36,33,260918,32.55,496/ 59%ile,163.13
2026-09-21,BRAG,97,92,90,260511,112.08,234/ 91%ile,1.48
2026-09-21,BRBR,52,53,100,260918,82.20,600/ 85%ile,8.98
2026-09-21,BRBS,28,36,36,260729,110.83,172/ 86%ile,3.95
2026-09-21,BRC,21,21,44,260916,42.36,214/ 80%ile,84.10
2026-09-21,BRCB,73,82,99,260918,78.13,140/ 40%ile,7.19
2026-09-21,BRCC,86,87,93,260918,107.49,544/ 65%ile,9.36
2026-09-21,BREW,15,18,73,260824,100.84,339/ 99%ile,26.04
2026-09-21,BRF,24,24,26,260918,54.84,123/100%ile,16.07
2026-09-21,BRKB,12,15,14,260918,15.81,600/ 19%ile,509.49
2026-09-21,BRKR,60,78,71,260918,58.11,600/ 68%ile,61.39
2026-09-21,BRLT,90,103,91,251229,126.88,199/ 76%ile,1.40
2026-09-21,BRO,30,34,35,260918,25.96,572/ 39%ile,65.02
2026-09-21,BROS,40,60,57,260918,52.13,600/ 47%ile,40.03
2026-09-21,BRR,80,92,106,260918,86.32,230/ 27%ile,3.74
2026-09-21,BRSL,33,39,41,260915,36.57,578/ 68%ile,10.18
2026-09-21,BRSP,25,28,27,260812,37.97,68/ 85%ile,4.15
2026-09-21,BRT,22,23,23,260825,19.62,75/  1%ile,13.82
2026-09-21,BRUN,129,136,138,260918,104.09,161/ 29%ile,17.26
2026-09-21,BRX,11,16,18,260909,28.48,184/ 75%ile,28.03
2026-09-21,BRZE,104,87,79,260918,63.62,600/ 60%ile,24.43
2026-09-21,BRZU,46,46,48,260918,78.72,593/ 99%ile,102.62
2026-09-21,BSAC,21,22,27,251111,27.46,109/ 34%ile,33.84
2026-09-21,BSBR,25,38,36,260730,40.00,92/ 75%ile,5.75
2026-09-21,BSET,28,32,35,260701,57.45,34/ 88%ile,17.79
2026-09-21,BSM,19,20,21,260903,17.27,126/ 34%ile,14.82
2026-09-21,BSOL,73,54,61,260918,65.24,212/ 23%ile,15.75
2026-09-21,BSP,64,0.0,0.0,260918,70.92,33/ 27%ile,38.08
2026-09-21,BSRR,15,17,20,260120,39.84,51/100%ile,40.69
2026-09-21,BSV,2.6,2.4,2.3,260916,2.58,370/ 23%ile,76.64
2026-09-21,BSX,45,38,41,260918,43.29,600/ 91%ile,43.40
2026-09-21,BSY,34,43,42,260917,47.82,584/ 86%ile,32.58
2026-09-21,BTAL,24,25,27,260821,31.88,58/ 94%ile,12.27
2026-09-21,BTBT,144,123,116,260918,93.93,600/  1%ile,1.72
2026-09-21,BTC,46,36,38,260918,39.00,456/  7%ile,35.92
2026-09-21,BTCI,35,28,33,260918,26.27,223/ 39%ile,32.75
2026-09-21,BTCL,90,71,75,260918,72.06,436/  4%ile,19.10
2026-09-21,BTCO,44,36,38,260918,41.80,202/  1%ile,80.77
2026-09-21,BTCS,126,105,102,260918,122.87,249/ 50%ile,1.60
2026-09-21,BTCW,44,36,38,260918,39.95,204/  2%ile,85.92
2026-09-21,BTCZ,103,80,80,260918,87.81,445/ 16%ile,3.15
2026-09-21,BTDR,95,123,113,260918,93.70,600/ 10%ile,12.98
2026-09-21,BTE,41,45,45,260918,45.33,410/  6%ile,4.84
2026-09-21,BTF,47,40,44,260918,37.58,373/  0%ile,22.85
2026-09-21,BTG,46,63,68,260918,50.00,579/ 46%ile,5.48
2026-09-21,BTGD,63,53,55,260918,42.38,243/  7%ile,27.81
2026-09-21,BTGO,83,81,96,260918,84.24,157/ 14%ile,7.54
2026-09-21,BTI,21,29,29,260918,22.25,599/ 48%ile,55.83
2026-09-21,BTLN,189,155,159,260915,202.50,298/ 83%ile,0.67
2026-09-21,BTQ,91,84,124,260918,120.61,231/  7%ile,2.60
2026-09-21,BTSG,48,63,53,260918,43.29,557/  2%ile,56.78
2026-09-21,BTU,49,51,54,260918,52.25,600/ 34%ile,25.23
2026-09-21,BUD,17,23,27,260918,24.54,600/ 47%ile,77.73
2026-09-21,BUG,61,49,44,260918,39.80,600/ 89%ile,44.34
2026-09-21,BUL,12,0.0,0.0,260908,34.54,3/100%ile,62.06
2026-09-21,BULG,151,125,124,260918,117.34,117/ 14%ile,44.82
2026-09-21,BULL,77,65,65,260918,62.32,351/  3%ile,8.24
2026-09-21,BUR,51,48,53,260918,71.72,593/ 86%ile,3.97
2026-09-21,BURL,51,43,43,260918,40.05,600/ 44%ile,236.98
2026-09-21,BUSE,11,16,18,260826,21.29,54/  1%ile,30.32
2026-09-21,BUZZ,28,35,36,260918,31.62,493/ 48%ile,38.01
2026-09-21,BVN,40,43,55,260918,50.06,538/ 46%ile,34.33
2026-09-21,BVS,37,55,59,260918,57.03,439/  5%ile,12.91
2026-09-21,BW,103,101,104,260918,97.88,566/  3%ile,7.36
2026-09-21,BWA,38,34,41,260918,38.25,600/ 69%ile,63.32
2026-09-21,BWAY,25,55,50,260813,70.82,176/ 83%ile,13.61
2026-09-21,BWB,19,24,25,251203,32.50,11/ 18%ile,20.79
2026-09-21,BWEN,46,109,174,260918,102.65,368/ 52%ile,4.27
2026-09-21,BWET,129,107,118,260824,88.09,78/ 88%ile,863.50
2026-09-21,BWIN,45,48,60,260909,71.10,301/ 87%ile,31.93
2026-09-21,BWMN,4.0,102,77,260918,54.34,186/ 37%ile,42.46
2026-09-21,BWMX,23,28,29,260918,42.86,149/ 13%ile,17.31
2026-09-21,BWXT,41,41,41,260918,44.98,600/ 66%ile,146.97
2026-09-21,BX,29,36,37,260918,36.63,600/ 69%ile,124.96
2026-09-21,BXC,40,73,81,260918,67.63,497/ 80%ile,74.17
2026-09-21,BXMT,21,31,28,260918,20.94,579/ 54%ile,13.27
2026-09-21,BXP,27,27,27,260918,33.35,600/ 75%ile,63.17
2026-09-21,BXSL,13,19,20,260918,10.38,508/  2%ile,24.84
2026-09-21,BYD,18,23,25,260918,33.62,600/ 84%ile,72.97
2026-09-21,BYND,69,151,156,260918,95.47,569/ 38%ile,11.51
2026-09-21,BYRN,60,129,105,260918,92.94,594/ 84%ile,3.69
2026-09-21,BYSI,94,121,110,251114,98.75,66/ 15%ile,0.75
2026-09-21,BZ,71,55,49,260918,32.84,562/  0%ile,14.80
2026-09-21,BZAI,140,197,169,260916,164.29,370/ 91%ile,0.64
2026-09-21,BZFD,102,88,140,260918,121.91,494/ 52%ile,1.12
2026-09-21,BZH,3.6,17,64,260909,14.96,546/  0%ile,33.32
2026-09-21,BZQ,50,50,49,260918,81.03,230/ 98%ile,19.19
2026-09-21,BZUN,48,58,53,260918,87.12,580/ 65%ile,2.85
2026-09-21,C,21,28,27,260918,30.52,600/ 58%ile,131.82
2026-09-21,CAAP,30,30,35,260918,52.76,514/ 88%ile,23.62
2026-09-21,CAAS,69,52,44,260918,66.25,168/ 41%ile,5.04
2026-09-21,CABA,92,77,87,260918,108.45,554/ 18%ile,2.56
2026-09-21,CAC,15,22,24,260917,29.96,48/  8%ile,57.55
2026-09-21,CACC,20,26,29,251119,51.04,55/ 92%ile,578.29
2026-09-21,CACI,31,56,48,260918,39.69,456/ 83%ile,626.85
2026-09-21,CADL,69,68,68,260911,92.51,506/ 13%ile,10.85
2026-09-21,CAE,28,30,38,260918,43.58,372/ 80%ile,23.57
2026-09-21,CAF,13,21,22,260722,35.78,67/ 67%ile,18.38
2026-09-21,CAG,22,32,33,260918,31.60,600/ 69%ile,15.13
2026-09-21,CAH,25,24,26,260918,29.82,599/ 61%ile,225.38
2026-09-21,CAI,70,78,80,260917,61.06,427/ 38%ile,29.98
2026-09-21,CAIE,14,12,11,251022,9.31,1/100%ile,26.57
2026-09-21,CAKE,48,51,44,260918,44.22,600/ 88%ile,96.51
2026-09-21,CAL,53,58,68,260918,69.82,600/ 64%ile,11.74
2026-09-21,CALC,166,148,156,260316,168.75,160/ 94%ile,0.74
2026-09-21,CALF,13,17,17,260918,44.31,351/ 97%ile,55.29
2026-09-21,CALM,27,35,32,260918,43.94,599/ 91%ile,72.89
2026-09-21,CALX,24,36,35,260918,51.10,598/ 64%ile,35.24
2026-09-21,CALY,21,34,47,260918,50.10,599/ 14%ile,14.69
2026-09-21,CAMT,63,73,85,260918,65.01,588/ 60%ile,149.12
2026-09-21,CAN,419,356,279,260521,163.96,446/ 75%ile,0.38
2026-09-21,CANE,22,23,23,260918,29.57,304/ 51%ile,11.06
2026-09-21,CAPL,15,25,24,260910,24.41,177/ 61%ile,21.94
2026-09-21,CAPR,130,297,215,260918,118.17,591/ 37%ile,9.07
2026-09-21,CAR,42,46,55,260918,53.77,587/ 28%ile,117.71
2026-09-21,CARE,20,26,28,260819,46.16,62/ 91%ile,30.79
2026-09-21,CARG,27,39,44,260917,70.62,586/ 97%ile,33.21
2026-09-21,CARR,24,34,39,260918,32.57,600/ 49%ile,53.88
2026-09-21,CARS,31,44,46,260918,51.24,409/ 70%ile,11.14
2026-09-21,CART,42,45,46,260918,42.86,600/ 38%ile,45.38
2026-09-21,CARZ,20,30,40,260810,38.70,322/ 46%ile,106.40
2026-09-21,CASH,19,26,27,260917,57.39,245/ 84%ile,76.17
2026-09-21,CASY,64,49,51,260917,35.44,549/ 77%ile,597.48
2026-09-21,CAT,27,36,44,260918,34.10,600/ 62%ile,808.99
2026-09-21,CATH,10,12,12,260918,28.37,96/  8%ile,90.59
2026-09-21,CATO,82,73,66,260918,77.65,294/ 31%ile,2.51
2026-09-21,CATX,56,61,67,260916,136.27,265/ 68%ile,2.86
2026-09-21,CATY,13,16,19,260908,40.18,39/ 20%ile,62.25
2026-09-21,CAVA,53,62,60,260918,60.75,600/ 64%ile,51.65
2026-09-21,CB,16,22,22,260918,20.07,600/ 26%ile,340.64
2026-09-21,CBAN,17,22,23,260811,28.44,17/  5%ile,20.71
2026-09-21,CBL,19,26,30,260918,35.26,370/ 79%ile,54.34
2026-09-21,CBOE,39,36,47,260918,37.13,599/ 90%ile,272.36
2026-09-21,CBRE,31,36,33,260918,37.27,600/ 80%ile,139.50
2026-09-21,CBRG,150,230,0.0,260918,118.20,82/  1%ile,3.43
2026-09-21,CBRL,54,48,62,260918,62.61,600/ 72%ile,45.06
2026-09-21,CBRS,72,115,0.0,260918,70.68,86/  4%ile,198.74
2026-09-21,CBRZ,151,0.0,0.0,260909,147.06,7/ 57%ile,8.76
2026-09-21,CBSH,12,13,16,260908,89.87,115/ 95%ile,57.09
2026-09-21,CBT,21,33,37,260918,31.75,596/ 29%ile,77.44
2026-09-21,CBU,13,20,22,260318,46.74,64/100%ile,62.00
2026-09-21,CBUS,77,96,96,260810,136.00,168/ 70%ile,1.61
2026-09-21,CBZ,4.6,46,53,260911,18.10,92/ 14%ile,54.63
2026-09-21,CC,30,64,66,260918,58.96,600/ 47%ile,14.34
2026-09-21,CCAP,22,29,32,260915,31.60,9/100%ile,9.78
2026-09-21,CCB,35,138,102,260918,64.66,304/ 93%ile,45.97
2026-09-21,CCBG,15,20,21,260817,63.77,56/ 37%ile,50.09
2026-09-21,CCC,46,51,56,260918,51.91,407/ 68%ile,6.55
2026-09-21,CCCC,55,60,77,260918,112.43,558/ 32%ile,3.39
2026-09-21,CCEC,10,18,34,260918,34.65,350/ 57%ile,21.66
2026-09-21,CCEP,23,23,25,260918,30.71,589/ 86%ile,99.77
2026-09-21,CCI,20,29,33,260918,31.48,600/ 90%ile,73.06
2026-09-21,CCJ,48,44,50,260918,49.03,600/ 46%ile,91.62
2026-09-21,CCK,16,23,24,260918,26.51,598/ 29%ile,109.20
2026-09-21,CCL,30,35,43,260918,49.50,600/ 70%ile,21.83
2026-09-21,CCLD,76,73,72,260918,71.10,516/  7%ile,2.17
2026-09-21,CCO,0.0,0.0,0.0,260723,111.76,179/ 78%ile,2.38
2026-09-21,CCOI,80,88,99,260918,86.74,600/ 75%ile,9.01
2026-09-21,CCS,29,36,43,260918,42.56,565/ 25%ile,60.53
2026-09-21,CCSI,52,48,58,260918,69.31,286/ 76%ile,34.93
2026-09-21,CCU,29,27,31,260911,29.84,103/ 69%ile,11.24
2026-09-21,CCUP,214,187,198,260918,141.60,155/ 10%ile,26.33
2026-09-21,CCXI,48,68,70,260918,74.19,596/ 23%ile,12.84
2026-09-21,CD,115,135,140,260918,160.70,286/ 66%ile,3.50
2026-09-21,CDC,10,11,11,260814,27.38,20/ 50%ile,74.05
2026-09-21,CDE,50,69,71,260918,62.24,600/ 26%ile,19.73
2026-09-21,CDEI,7,14,13,260421,51.77,332/ 97%ile,91.38
2026-09-21,CDL,10,11,12,260217,41.57,8/ 37%ile,79.67
2026-09-21,CDLX,64,78,89,260529,175.00,544/ 74%ile,3.91
2026-09-21,CDNA,40,86,70,260918,62.77,326/ 19%ile,53.83
2026-09-21,CDNL,67,0.0,0.0,260916,88.86,36/ 19%ile,30.87
2026-09-21,CDNS,46,42,42,260918,44.33,600/ 72%ile,282.92
2026-09-21,CDP,14,14,19,260716,27.75,85/ 77%ile,34.38
2026-09-21,CDRE,36,52,54,260908,56.56,266/ 85%ile,26.29
2026-09-21,CDW,54,51,62,260918,47.92,600/ 92%ile,146.19
2026-09-21,CDXS,94,111,96,260918,127.97,307/ 72%ile,1.36
2026-09-21,CDZI,63,69,70,260918,77.51,508/ 16%ile,3.56
2026-09-21,CE,40,40,44,260918,50.53,600/ 41%ile,45.41
2026-09-21,CECO,61,68,74,260918,73.07,355/ 74%ile,69.48
2026-09-21,CEG,40,37,43,260918,44.25,600/ 17%ile,254.58
2026-09-21,CEGX,80,75,87,260918,87.12,100/ 30%ile,11.66
2026-09-21,CELC,46,68,82,260918,68.25,305/ 10%ile,80.61
2026-09-21,CELH,54,77,68,260918,53.56,600/ 15%ile,28.01
2026-09-21,CELU,354,244,191,260918,183.72,167/ 85%ile,1.31
2026-09-21,CENT,18,26,27,260914,30.81,183/  5%ile,40.05
2026-09-21,CENX,46,53,61,260918,61.79,600/ 15%ile,39.01
2026-09-21,CEPI,23,30,30,260902,21.84,57/ 66%ile,31.85
2026-09-21,CEPO,6,4.6,40,251111,76.88,15/ 80%ile,10.77
2026-09-21,CEPU,36,40,43,260827,50.62,187/ 10%ile,13.46
2026-09-21,CERS,34,87,93,260918,88.54,472/ 69%ile,2.65
2026-09-21,CERT,53,49,68,260916,86.33,250/ 79%ile,8.42
2026-09-21,CERY,12,16,17,260518,23.72,4/ 50%ile,39.85
2026-09-21,CEVA,54,89,93,260918,67.64,573/ 56%ile,30.27
2026-09-21,CF,40,40,41,260918,45.99,600/ 83%ile,127.70
2026-09-21,CFA,9,9,10,251124,12.88,235/  0%ile,101.92
2026-09-21,CFFN,15,19,21,260205,22.34,63/  1%ile,8.90
2026-09-21,CFG,24,25,25,260918,28.88,600/ 36%ile,67.04
2026-09-21,CFO,9,9,9,251113,104.98,81/100%ile,79.89
2026-09-21,CFR,14,17,19,260918,27.10,598/ 21%ile,159.80
2026-09-21,CG,29,38,37,260918,43.09,600/ 75%ile,40.10
2026-09-21,CGAU,42,52,54,260918,55.53,514/ 60%ile,23.02
2026-09-21,CGBD,25,27,27,260731,25.83,59/ 76%ile,11.41
2026-09-21,CGC,130,110,96,260918,87.83,575/ 14%ile,0.94
2026-09-21,CGDV,10,12,13,260824,25.31,18/ 55%ile,48.96
2026-09-21,CGEM,39,52,66,260918,90.08,137/ 51%ile,21.08
2026-09-21,CGEN,65,62,63,260918,100.56,283/ 51%ile,2.49
2026-09-21,CGGR,13,17,19,260918,31.63,87/ 37%ile,46.78
2026-09-21,CGNT,39,36,57,260918,67.57,560/ 84%ile,8.41
2026-09-21,CGNX,42,50,51,260918,53.56,598/ 77%ile,61.56
2026-09-21,CGON,35,45,48,260918,73.78,350/ 42%ile,74.62
2026-09-21,CGUS,9,12,13,260729,54.31,2/100%ile,44.33
2026-09-21,CGW,9,12,14,260804,15.79,247/  7%ile,63.23
2026-09-21,CHAT,34,47,51,260918,32.54,599/ 45%ile,89.77
2026-09-21,CHAU,20,40,43,260918,36.23,569/ 11%ile,20.83
2026-09-21,CHCO,9,15,17,260819,27.33,5/ 40%ile,143.21
2026-09-21,CHCT,16,40,33,260918,29.55,280/ 34%ile,14.17
2026-09-21,CHD,21,22,24,260918,23.78,600/ 45%ile,94.75
2026-09-21,CHDN,35,34,35,260918,41.76,600/ 82%ile,81.91
2026-09-21,CHE,23,22,22,260727,40.26,71/ 94%ile,504.06
2026-09-21,CHEF,39,40,43,260918,47.10,594/ 75%ile,110.85
2026-09-21,CHGG,155,128,138,260918,140.63,547/ 76%ile,0.73
2026-09-21,CHH,30,30,44,260918,44.45,212/ 63%ile,96.85
2026-09-21,CHIQ,20,23,23,260824,29.53,352/ 47%ile,16.28
2026-09-21,CHKP,36,42,52,260918,36.73,600/ 69%ile,132.71
2026-09-21,CHMI,45,57,52,260807,28.69,100/  5%ile,2.82
2026-09-21,CHPS,37,51,60,260917,48.36,211/ 64%ile,84.86
2026-09-21,CHPT,211,142,120,260918,80.60,543/ 15%ile,10.32
2026-09-21,CHPX,35,46,0.0,260918,33.48,87/  1%ile,96.76
2026-09-21,CHPY,32,46,0.0,260918,17.24,56/  1%ile,66.62
2026-09-21,CHRD,37,41,41,260918,40.42,588/ 72%ile,144.49
2026-09-21,CHRS,56,101,90,260918,144.17,508/ 64%ile,1.34
2026-09-21,CHRW,28,55,48,260918,41.13,600/ 86%ile,152.99
2026-09-21,CHT,8,15,17,251112,24.76,57/100%ile,45.90
2026-09-21,CHTR,64,57,56,260918,53.01,600/ 75%ile,128.18
2026-09-21,CHWY,56,49,51,260918,52.05,600/ 41%ile,20.62
2026-09-21,CHYM,56,66,65,260918,50.45,317/  4%ile,30.33
2026-09-21,CI,25,30,29,260918,33.46,600/ 73%ile,275.12
2026-09-21,CIA,49,63,58,260918,113.33,506/ 70%ile,3.58
2026-09-21,CIB,29,33,35,260918,37.19,439/ 58%ile,96.63
2026-09-21,CIBR,42,35,34,260918,32.51,600/ 84%ile,99.87
2026-09-21,CIEG,164,169,0.0,260918,103.04,23/  4%ile,4.05
2026-09-21,CIEN,77,80,80,260918,63.45,580/ 63%ile,348.77
2026-09-21,CIFG,216,269,0.0,260918,157.59,23/  8%ile,4.88
2026-09-21,CIFR,111,134,120,260918,96.48,600/  3%ile,18.34
2026-09-21,CIFU,214,265,237,260918,184.08,141/ 12%ile,11.92
2026-09-21,CIG,52,50,46,260918,47.81,102/ 61%ile,2.14
2026-09-21,CIGI,30,39,38,260917,44.16,215/ 80%ile,89.61
2026-09-21,CIM,21,23,21,260813,19.26,514/  3%ile,10.87
2026-09-21,CINF,15,23,22,260918,21.97,600/ 14%ile,169.00
2026-09-21,CING,49,49,0.0,260918,99.77,49/ 36%ile,5.24
2026-09-21,CINT,75,57,66,260918,96.88,369/ 95%ile,2.98
2026-09-21,CION,21,47,41,260918,25.94,103/ 51%ile,7.13
2026-09-21,CIVB,13,16,21,260106,29.69,4/ 25%ile,27.29
2026-09-21,CL,15,20,23,260918,22.07,600/ 58%ile,87.47
2026-09-21,CLAR,41,45,56,260917,83.15,504/ 91%ile,3.58
2026-09-21,CLB,32,44,52,260917,57.56,521/ 68%ile,11.25
2026-09-21,CLBK,15,181,129,260820,41.88,57/ 92%ile,11.58
2026-09-21,CLBT,45,88,75,260918,59.49,581/ 69%ile,11.62
2026-09-21,CLDT,25,25,33,260909,31.09,58/  5%ile,12.98
2026-09-21,CLDX,35,39,41,260917,163.42,466/ 98%ile,38.24
2026-09-21,CLF,46,61,66,260918,63.32,600/ 40%ile,12.50
2026-09-21,CLFD,46,73,84,260918,83.75,500/ 90%ile,30.16
2026-09-21,CLGN,222,323,246,260114,220.00,70/100%ile,4.58
2026-09-21,CLH,17,24,28,260918,33.82,600/ 44%ile,315.80
2026-09-21,CLIX,15,24,23,260723,79.43,137/ 98%ile,59.77
2026-09-21,CLLS,206,137,105,260826,124.38,101/ 73%ile,1.53
2026-09-21,CLMT,37,50,47,260918,68.22,600/ 56%ile,59.00
2026-09-21,CLNE,47,76,68,260918,80.97,582/ 90%ile,1.69
2026-09-21,CLOU,35,34,36,260918,60.18,575/100%ile,27.82
2026-09-21,CLOV,58,66,71,260918,71.98,598/ 19%ile,4.45
2026-09-21,CLPR,34,41,55,260807,46.25,225/ 29%ile,3.41
2026-09-21,CLPT,57,65,79,260918,87.63,578/ 60%ile,13.83
2026-09-21,CLS,72,86,85,260918,61.72,600/ 33%ile,332.63
2026-09-21,CLSK,93,99,89,260918,78.34,600/  7%ile,14.47
2026-09-21,CLSX,175,193,177,260918,149.43,95/  1%ile,15.82
2026-09-21,CLVT,68,73,78,260918,103.17,543/ 94%ile,1.89
2026-09-21,CLW,28,59,61,260918,58.10,537/ 47%ile,20.89
2026-09-21,CLX,23,32,37,260918,33.29,600/ 84%ile,83.10
2026-09-21,CLYM,81,76,76,260917,105.10,20/ 10%ile,14.05
2026-09-21,CM,23,22,23,260918,19.38,600/ 28%ile,114.87
2026-09-21,CMBT,28,30,40,260918,29.32,314/  3%ile,20.29
2026-09-21,CMC,35,37,40,260918,43.67,600/ 80%ile,64.50
2026-09-21,CMCL,30,46,48,260918,57.97,411/ 53%ile,24.07
2026-09-21,CMCM,55,64,66,260917,118.75,225/ 89%ile,2.86
2026-09-21,CMCO,47,98,85,260914,57.81,360/ 77%ile,15.76
2026-09-21,CMCSA,36,39,34,260918,34.99,599/ 88%ile,22.72
2026-09-21,CMDY,14,14,16,260915,17.72,222/ 18%ile,64.99
2026-09-21,CME,22,23,29,260918,26.53,600/ 86%ile,276.01
2026-09-21,CMG,40,53,46,260918,40.64,585/ 71%ile,33.42
2026-09-21,CMI,23,29,40,260918,32.82,600/ 65%ile,532.23
2026-09-21,CMP,43,52,50,260918,41.09,562/  0%ile,23.87
2026-09-21,CMPR,23,32,44,260918,59.67,571/ 80%ile,80.11
2026-09-21,CMPS,68,69,76,260918,85.46,590/ 21%ile,15.19
2026-09-21,CMPX,79,77,187,260918,116.43,233/ 32%ile,1.90
2026-09-21,CMRC,94,127,105,260918,94.82,590/ 83%ile,3.33
2026-09-21,CMRE,34,31,33,260918,34.07,557/ 19%ile,15.46
2026-09-21,CMS,13,15,19,260918,21.43,545/ 73%ile,65.34
2026-09-21,CMTG,70,78,73,260729,105.63,367/ 88%ile,1.43
2026-09-21,CMTL,56,65,127,260710,157.47,464/ 91%ile,1.50
2026-09-21,CNA,15,21,25,260824,22.10,122/ 32%ile,48.02
2026-09-21,CNBS,32,41,54,260820,67.16,191/ 30%ile,28.07
2026-09-21,CNC,32,38,45,260918,49.75,600/ 69%ile,65.11
2026-09-21,CNDT,96,91,97,260918,112.13,541/ 86%ile,1.61
2026-09-21,CNH,60,52,50,260918,48.08,513/ 95%ile,13.45
2026-09-21,CNI,19,18,22,260918,26.02,599/ 86%ile,118.95
2026-09-21,CNK,30,32,38,260918,39.20,600/ 28%ile,34.99
2026-09-21,CNM,33,30,34,260918,37.26,597/ 24%ile,42.61
2026-09-21,CNMD,23,54,51,260918,37.58,383/  1%ile,45.42
2026-09-21,CNNE,26,28,28,260824,41.88,95/ 30%ile,14.96
2026-09-21,CNO,18,17,18,260917,28.33,188/ 24%ile,55.21
2026-09-21,CNOB,16,23,24,260917,33.68,22/ 50%ile,31.59
2026-09-21,CNP,21,20,20,260918,21.44,599/ 48%ile,38.22
2026-09-21,CNQ,27,30,32,260918,32.19,600/ 73%ile,49.63
2026-09-21,CNR,29,38,40,260918,44.11,598/ 33%ile,91.08
2026-09-21,CNS,26,27,28,260918,37.36,250/ 56%ile,73.79
2026-09-21,CNTB,234,163,124,260914,220.00,151/100%ile,1.29
2026-09-21,CNTY,38,54,74,251029,116.88,187/ 96%ile,1.14
2026-09-21,CNVS,37,50,61,260918,132.26,328/ 89%ile,2.12
2026-09-21,CNX,24,26,25,260918,33.62,600/ 23%ile,32.89
2026-09-21,CNXC,67,71,70,260918,92.18,589/ 98%ile,27.87
2026-09-21,CNXN,25,25,25,260918,30.94,571/ 72%ile,86.68
2026-09-21,CNXT,24,43,42,260918,36.61,503/ 56%ile,48.71
2026-09-21,CNYA,12,21,22,260910,24.22,201/ 46%ile,35.17
2026-09-21,COAL,30,27,29,260918,29.90,268/ 26%ile,25.01
2026-09-21,COCO,40,45,62,260918,56.96,592/ 74%ile,55.82
2026-09-21,CODI,21,44,46,260918,52.57,562/ 39%ile,11.03
2026-09-21,CODX,69,108,220,251111,198.61,228/ 81%ile,5.98
2026-09-21,COF,25,26,29,260918,29.49,600/ 23%ile,202.43
2026-09-21,COGT,40,48,43,260917,66.96,406/ 14%ile,31.50
2026-09-21,COHH,157,217,0.0,260918,126.69,31/  3%ile,6.82
2026-09-21,COHR,77,107,100,260918,73.02,600/ 59%ile,317.23
2026-09-21,COHU,87,94,91,260918,72.80,450/ 79%ile,57.75
2026-09-21,COHX,160,218,204,260918,133.76,123/  3%ile,27.54
2026-09-21,COIG,190,160,147,260918,128.07,194/ 25%ile,6.14
2026-09-21,COIN,94,79,73,260918,67.40,600/ 35%ile,194.25
2026-09-21,COIW,109,94,86,260918,61.67,90/ 46%ile,9.56
2026-09-21,COKE,28,31,44,260918,38.02,319/ 53%ile,192.08
2026-09-21,COLB,18,21,23,260918,26.34,483/  8%ile,29.93
2026-09-21,COLD,35,36,46,260918,38.58,473/ 54%ile,14.41
2026-09-21,COLL,31,61,53,260730,55.74,29/ 79%ile,22.77
2026-09-21,COLM,23,28,33,260918,37.76,571/ 49%ile,56.84
2026-09-21,COLO,18,18,26,260918,28.06,370/ 51%ile,49.25
2026-09-21,COM,9,8,10,260312,202.95,9/100%ile,35.37
2026-09-21,COMB,12,16,17,260914,28.44,18/ 88%ile,28.54
2026-09-21,COMP,46,52,71,260918,71.16,600/ 61%ile,10.08
2026-09-21,COMT,21,19,22,260819,28.83,291/ 93%ile,37.38
2026-09-21,CON,21,35,30,260917,54.72,118/ 96%ile,35.47
2026-09-21,CONI,194,162,149,260917,116.61,363/ 45%ile,22.52
2026-09-21,CONL,189,163,149,260918,124.27,600/ 24%ile,6.27
2026-09-21,CONY,74,64,59,260918,37.42,535/ 64%ile,20.90
2026-09-21,COO,61,46,40,260918,29.92,600/ 24%ile,55.29
2026-09-21,COOK,42,58,81,260302,140.00,379/ 94%ile,66.86
2026-09-21,COP,33,31,32,260918,32.65,600/ 76%ile,131.83
2026-09-21,COPJ,49,44,50,260918,36.60,194/  3%ile,44.97
2026-09-21,COPP,49,45,50,260918,40.64,163/  0%ile,42.49
2026-09-21,COPX,45,44,50,260918,44.34,600/ 68%ile,87.34
2026-09-21,COR,23,29,40,260918,31.72,600/ 84%ile,308.78
2026-09-21,CORD,150,254,219,260918,161.24,441/ 63%ile,3.42
2026-09-21,CORN,14,18,21,260918,22.08,592/ 47%ile,19.71
2026-09-21,CORO,14,16,19,251224,126.65,2/100%ile,36.61
2026-09-21,CORT,28,68,60,260918,58.61,600/ 25%ile,110.29
2026-09-21,CORZ,65,87,80,260918,68.32,600/  1%ile,17.98
2026-09-21,COSM,0.0,224,232,260305,220.00,81/100%ile,0.33
2026-09-21,COST,21,21,21,260918,26.06,600/ 76%ile,895.15
2026-09-21,COSW,22,24,0.0,260629,84.12,1/100%ile,37.64
2026-09-21,COTY,56,60,70,260918,70.18,600/ 76%ile,2.43
2026-09-21,COUR,51,69,71,260918,73.17,600/ 75%ile,5.04
2026-09-21,COWS,14,16,16,251120,58.67,3/100%ile,37.56
2026-09-21,COWZ,13,15,14,260826,12.60,302/  5%ile,69.01
2026-09-21,COYA,50,52,63,260617,89.38,22/ 50%ile,4.89
2026-09-21,COZX,130,172,0.0,260918,127.50,21/  4%ile,8.84
2026-09-21,CP,23,22,23,260918,25.81,599/ 66%ile,87.48
2026-09-21,CPA,24,33,48,260918,38.09,600/ 70%ile,131.73
2026-09-21,CPAY,19,24,33,260918,31.06,176/ 57%ile,397.76
2026-09-21,CPB,35,34,34,260918,30.29,600/ 54%ile,20.68
2026-09-21,CPER,27,24,27,260918,28.66,600/ 50%ile,40.23
2026-09-21,CPF,15,18,20,260915,27.00,240/ 10%ile,37.64
2026-09-21,CPIX,107,118,97,260918,127.99,147/ 26%ile,7.32
2026-09-21,CPK,15,20,20,260918,26.40,309/ 60%ile,131.38
2026-09-21,CPNG,31,38,55,260918,46.90,600/ 63%ile,14.29
2026-09-21,CPRI,52,46,48,260918,58.21,600/ 49%ile,14.73
2026-09-21,CPRT,40,43,39,260918,35.23,600/ 76%ile,29.28
2026-09-21,CPS,45,62,58,260918,60.51,552/  6%ile,22.90
2026-09-21,CPSH,53,71,163,260918,103.81,340/ 32%ile,4.02
2026-09-21,CPT,13,18,20,260918,22.25,416/ 22%ile,99.12
2026-09-21,CPTL,9,10,12,260729,45.90,32/ 90%ile,48.35
2026-09-21,CPXR,60,48,54,260918,50.06,208/ 21%ile,32.58
2026-09-21,CQP,24,31,34,260918,30.96,451/ 81%ile,64.86
2026-09-21,CQQQ,18,30,34,260918,30.72,471/  9%ile,47.07
2026-09-21,CQTM,52,58,0.0,260824,79.38,10/ 10%ile,22.95
2026-09-21,CR,21,31,31,260918,41.51,600/ 76%ile,197.62
2026-09-21,CRAI,20,35,41,260226,49.96,21/100%ile,176.90
2026-09-21,CRAK,23,23,24,260918,36.93,289/100%ile,65.29
2026-09-21,CRBG,26,30,31,260918,30.60,600/ 28%ile,34.81
2026-09-21,CRBN,10,11,13,251124,17.67,31/  3%ile,256.41
2026-09-21,CRBP,100,74,94,260918,90.76,436/ 17%ile,7.48
2026-09-21,CRBU,87,73,79,260918,132.16,550/ 54%ile,1.30
2026-09-21,CRC,32,30,37,260918,47.19,599/ 87%ile,54.07
2026-09-21,CRCA,216,181,197,260918,144.55,264/ 15%ile,22.06
2026-09-21,CRCD,253,201,211,260918,164.49,213/ 61%ile,1.86
2026-09-21,CRCG,214,179,198,260918,137.82,259/  3%ile,14.98
2026-09-21,CRCL,108,90,98,260918,76.01,320/ 18%ile,91.78
2026-09-21,CRCO,75,67,80,260911,46.06,79/ 10%ile,14.51
2026-09-21,CRCT,42,64,55,260918,60.63,501/ 46%ile,5.64
2026-09-21,CRDF,120,137,122,260918,95.53,549/  1%ile,1.37
2026-09-21,CRDL,74,89,91,260918,121.87,133/ 61%ile,1.88
2026-09-21,CRDO,102,103,104,260918,69.07,600/ 20%ile,175.90
2026-09-21,CRDU,223,216,213,260918,125.78,183/  1%ile,7.53
2026-09-21,CRESY,48,42,44,260918,42.77,303/ 12%ile,12.76
2026-09-21,CRGY,42,45,46,260918,49.55,564/ 64%ile,13.90
2026-09-21,CRH,27,30,34,260918,34.81,600/ 59%ile,86.15
2026-09-21,CRI,38,37,45,260918,52.14,593/ 57%ile,29.64
2026-09-21,CRK,60,53,55,260918,53.79,600/ 30%ile,12.86
2026-09-21,CRL,27,41,46,260918,46.22,598/ 46%ile,278.06
2026-09-21,CRM,79,62,56,260918,40.35,600/ 61%ile,237.95
2026-09-21,CRMD,27,53,50,260918,58.64,600/  5%ile,7.72
2026-09-21,CRMG,145,121,110,260918,80.57,274/ 32%ile,8.53
2026-09-21,CRML,131,110,108,260918,103.45,299/ 17%ile,6.74
2026-09-21,CRMX,231,206,209,260914,172.50,40/  5%ile,4.60
2026-09-21,CRNC,44,58,72,260918,81.09,599/  9%ile,7.73
2026-09-21,CRNT,70,68,68,260918,85.00,565/ 85%ile,2.08
2026-09-21,CRNX,2.1,156,118,260828,17.17,277/  6%ile,84.95
2026-09-21,CRON,36,42,44,260918,40.92,568/  0%ile,3.34
2026-09-21,CROX,42,44,42,260918,48.50,600/ 62%ile,122.24
2026-09-21,CRPT,73,61,59,260909,61.02,230/ 21%ile,15.81
2026-09-21,CRS,33,42,44,260918,52.09,569/ 81%ile,408.12
2026-09-21,CRSH,48,45,43,260918,24.58,220/  8%ile,19.47
2026-09-21,CRSP,53,55,55,260918,59.08,600/ 34%ile,56.54
2026-09-21,CRSR,57,92,93,260918,71.81,600/ 59%ile,13.38
2026-09-21,CRTC,15,14,15,260917,13.99,44/  6%ile,40.48
2026-09-21,CRTO,28,74,79,260918,50.56,588/ 44%ile,16.70
2026-09-21,CRUS,39,38,40,260918,46.16,600/ 69%ile,118.86
2026-09-21,CRVS,45,47,59,260918,69.74,597/  1%ile,12.56
2026-09-21,CRWD,98,76,64,260918,53.80,599/ 73%ile,237.61
2026-09-21,CRWG,135,206,194,260918,147.07,268/  5%ile,16.08
2026-09-21,CRWL,189,147,125,260918,99.50,392/ 67%ile,85.50
2026-09-21,CRWS,37,45,39,260825,80.00,37/ 89%ile,2.51
2026-09-21,CRWU,138,213,199,260918,150.59,249/ 15%ile,31.05
2026-09-21,CRWV,69,106,97,260918,76.44,368/ 12%ile,81.31
2026-09-21,CSB,9,11,12,251113,121.55,78/100%ile,66.70
2026-09-21,CSBR,44,47,48,260626,96.34,81/ 96%ile,5.30
2026-09-21,CSCO,25,35,41,260918,31.70,600/ 73%ile,109.51
2026-09-21,CSD,15,19,24,260701,32.29,50/ 76%ile,129.00
2026-09-21,CSEX,140,173,173,260918,125.77,74/ 27%ile,13.15
2026-09-21,CSGP,37,49,46,260918,53.14,600/ 79%ile,29.09
2026-09-21,CSHR,69,73,73,260917,72.55,53/  1%ile,5.85
2026-09-21,CSIQ,61,62,78,260918,77.20,600/ 51%ile,11.40
2026-09-21,CSL,30,40,43,260729,47.12,558/ 98%ile,314.70
2026-09-21,CSM,9,10,11,260916,30.19,298/ 33%ile,87.50
2026-09-21,CSR,34,28,31,260917,44.48,7/ 42%ile,56.00
2026-09-21,CSTE,59,85,82,260918,98.48,237/ 68%ile,2.87
2026-09-21,CSTL,40,53,65,260918,76.46,393/ 79%ile,35.34
2026-09-21,CSTM,30,39,45,260918,53.31,599/ 48%ile,25.55
2026-09-21,CSV,22,41,38,260918,36.81,409/ 16%ile,30.48
2026-09-21,CSWC,16,17,17,260918,19.22,412/ 66%ile,23.42
2026-09-21,CSX,18,22,22,260918,27.60,600/ 78%ile,47.10
2026-09-21,CTA,35,33,29,260918,33.26,153/ 96%ile,29.84
2026-09-21,CTAS,14,27,27,260918,35.10,599/ 95%ile,197.64
2026-09-21,CTBI,12,18,20,260908,92.31,134/ 87%ile,75.93
2026-09-21,CTEC,27,38,43,260616,43.73,14/ 14%ile,56.39
2026-09-21,CTEV,55,94,135,260918,121.33,415/ 44%ile,30.81
2026-09-21,CTEX,46,47,51,260817,35.12,164/  7%ile,32.50
2026-09-21,CTGO,50,60,67,260918,69.71,240/ 63%ile,18.74
2026-09-21,CTKB,52,46,58,260720,68.75,140/ 60%ile,5.30
2026-09-21,CTMX,88,69,65,260918,135.09,523/ 49%ile,2.76
2026-09-21,CTNM,60,60,66,260430,161.20,2/100%ile,13.53
2026-09-21,CTO,14,18,19,260918,21.82,129/ 43%ile,20.28
2026-09-21,CTOS,36,44,48,260918,49.33,267/ 18%ile,9.33
2026-09-21,CTRE,15,23,26,260918,22.51,387/ 40%ile,37.54
2026-09-21,CTRI,27,71,70,260918,51.81,292/ 30%ile,19.35
2026-09-21,CTRM,92,78,78,260918,132.82,388/ 95%ile,2.18
2026-09-21,CTRN,49,45,62,260408,77.28,233/ 67%ile,55.39
2026-09-21,CTS,21,34,39,260828,57.95,127/ 70%ile,58.30
2026-09-21,CTSH,40,47,50,260918,42.44,600/ 83%ile,59.91
2026-09-21,CTVA,28,39,32,260918,30.77,598/ 80%ile,80.53
2026-09-21,CTXR,116,141,186,260416,192.50,286/ 72%ile,0.60
2026-09-21,CUBE,12,18,21,260918,20.22,536/  2%ile,39.55
2026-09-21,CUBI,21,23,26,260918,46.82,584/ 21%ile,77.61
2026-09-21,CUE,109,119,178,260423,220.00,115/100%ile,30.95
2026-09-21,CULP,55,52,53,260908,75.00,120/ 63%ile,3.63
2026-09-21,CURB,13,17,20,260918,32.01,76/ 76%ile,28.33
2026-09-21,CURE,47,53,53,260918,46.86,600/ 55%ile,128.45
2026-09-21,CURI,71,114,104,260918,87.50,434/ 49%ile,2.78
2026-09-21,CURV,75,73,90,260918,99.75,391/ 79%ile,2.30
2026-09-21,CUT,12,17,19,260729,28.04,28/100%ile,29.03
2026-09-21,CUZ,19,20,23,260918,27.50,57/ 43%ile,28.29
2026-09-21,CVBF,14,16,20,260806,41.39,44/ 79%ile,22.70
2026-09-21,CVE,33,36,39,260918,39.54,600/ 75%ile,32.62
2026-09-21,CVEO,18,35,40,260918,36.90,157/ 22%ile,34.33
2026-09-21,CVGI,53,66,77,260918,107.50,292/ 81%ile,2.93
2026-09-21,CVI,51,58,55,260918,63.79,599/ 88%ile,53.69
2026-09-21,CVIE,14,17,21,260818,39.16,397/ 97%ile,83.95
2026-09-21,CVLC,10,11,13,260918,26.78,313/ 11%ile,94.77
2026-09-21,CVLG,30,44,42,260910,44.89,351/ 87%ile,33.80
2026-09-21,CVLT,51,69,58,260918,53.46,600/ 75%ile,144.54
2026-09-21,CVMC,11,12,14,260914,29.36,389/ 33%ile,74.24
2026-09-21,CVNA,42,59,59,260918,58.24,599/ 34%ile,65.12
2026-09-21,CVNY,36,51,49,260901,37.99,9/ 33%ile,18.27
2026-09-21,CVRX,61,223,173,260911,83.75,260/ 22%ile,3.04
2026-09-21,CVS,23,27,30,260918,31.02,600/ 41%ile,88.84
2026-09-21,CVSA,35,59,54,260918,46.84,600/ 50%ile,126.72
2026-09-21,CVU,38,52,61,260918,87.50,415/ 45%ile,5.08
2026-09-21,CVX,22,24,26,260918,27.94,600/ 81%ile,209.40
2026-09-21,CW,27,38,35,260831,40.97,390/ 86%ile,568.27
2026-09-21,CWB,14,18,20,260918,22.59,561/ 49%ile,101.69
2026-09-21,CWBC,12,23,22,260914,30.06,67/ 38%ile,26.05
2026-09-21,CWCO,18,26,26,260806,43.28,297/ 85%ile,28.20
2026-09-21,CWEB,39,49,57,260918,56.96,599/ 11%ile,18.97
2026-09-21,CWEN,29,32,34,260918,33.01,581/ 72%ile,30.82
2026-09-21,CWH,55,62,72,260918,69.81,600/ 72%ile,5.60
2026-09-21,CWI,13,16,19,260819,18.23,100/ 71%ile,40.73
2026-09-21,CWK,35,48,43,260918,47.54,542/ 43%ile,12.40
2026-09-21,CWST,23,28,34,260918,48.55,513/ 90%ile,89.07
2026-09-21,CWT,15,20,25,260917,27.68,101/ 84%ile,47.38
2026-09-21,CWVX,137,207,193,260918,146.17,283/  6%ile,13.37
2026-09-21,CX,28,29,37,260918,40.65,596/ 47%ile,10.06
2026-09-21,CXAI,93,108,360,260128,220.00,287/100%ile,2.48
2026-09-21,CXDO,34,53,72,260918,78.15,564/ 57%ile,5.63
2026-09-21,CXM,74,60,52,260918,70.94,585/ 96%ile,5.33
2026-09-21,CXSE,14,19,22,251022,77.59,153/100%ile,39.57
2026-09-21,CXT,36,36,43,260918,51.85,440/ 80%ile,45.61
2026-09-21,CXW,33,35,41,260918,48.68,600/ 52%ile,35.23
2026-09-21,CYD,55,48,54,260918,69.62,340/ 15%ile,35.40
2026-09-21,CYH,38,57,54,260918,69.05,600/  9%ile,2.87
2026-09-21,CYPH,200,190,223,260918,189.49,335/ 41%ile,3.59
2026-09-21,CYRX,35,39,51,260918,54.32,523/  0%ile,17.02
2026-09-21,CYTK,40,36,47,260918,49.15,599/  5%ile,68.78
2026-09-21,CZNC,13,19,24,260623,28.75,29/ 44%ile,25.81
2026-09-21,CZR,3.8,7,22,260915,10.86,567/  0%ile,29.64
2026-09-21,D,14,15,23,260918,22.61,600/ 76%ile,63.58
2026-09-21,DAC,20,26,24,260918,22.90,569/ 14%ile,161.19
2026-09-21,DAIO,39,48,71,260918,134.84,240/ 94%ile,2.81
2026-09-21,DAKT,30,31,35,260918,50.25,497/ 18%ile,17.41
2026-09-21,DAL,26,31,36,260918,42.86,600/ 48%ile,79.60
2026-09-21,DAN,36,36,50,260918,52.88,559/ 80%ile,29.81
2026-09-21,DAO,69,63,69,260908,73.19,335/ 29%ile,14.66
2026-09-21,DAPP,65,65,62,260918,49.89,300/  1%ile,20.91
2026-09-21,DAR,39,39,34,260918,40.11,600/ 11%ile,65.35
2026-09-21,DASH,36,40,45,260918,49.64,600/ 61%ile,192.94
2026-09-21,DAT,32,36,38,260730,66.71,213/100%ile,49.10
2026-09-21,DAVA,57,59,68,260917,91.83,516/ 88%ile,2.78
2026-09-21,DAVE,64,76,71,260918,68.30,479/ 16%ile,337.82
2026-09-21,DAX,12,13,18,260918,20.22,222/ 38%ile,45.01
2026-09-21,DB,25,25,33,260918,31.92,600/ 19%ile,37.99
2026-09-21,DBA,14,14,14,260918,21.90,488/ 71%ile,28.15
2026-09-21,DBB,19,15,18,260916,18.46,179/  5%ile,25.94
2026-09-21,DBC,20,23,22,260918,26.23,448/ 73%ile,32.98
2026-09-21,DBD,23,54,46,260918,48.26,424/ 38%ile,63.20
2026-09-21,DBE,39,45,44,260918,46.76,94/ 71%ile,37.21
2026-09-21,DBEF,9,10,13,260826,19.01,206/ 48%ile,54.75
2026-09-21,DBEM,16,21,27,260717,36.29,9/ 11%ile,39.31
2026-09-21,DBEU,8,9,13,260821,48.01,210/ 99%ile,53.54
2026-09-21,DBEZ,11,11,15,260901,36.86,198/ 79%ile,61.64
2026-09-21,DBI,83,70,78,260918,82.62,599/ 41%ile,6.02
2026-09-21,DBJP,13,17,19,260610,89.91,162/100%ile,115.25
2026-09-21,DBMF,10,9,10,260601,149.41,9/100%ile,32.22
2026-09-21,DBO,41,53,49,260918,57.01,142/ 59%ile,25.07
2026-09-21,DBP,28,27,28,260918,31.28,137/ 43%ile,101.35
2026-09-21,DBRG,6,6,5,260129,19.97,422/  0%ile,15.88
2026-09-21,DBX,33,39,45,260918,35.50,600/ 51%ile,36.48
2026-09-21,DC,57,59,62,260918,65.74,549/ 52%ile,6.12
2026-09-21,DCBO,46,56,60,260918,53.69,231/ 65%ile,23.09
2026-09-21,DCGO,0.0,131,144,260918,220.00,330/100%ile,0.36
2026-09-21,DCH,56,59,67,260918,69.92,600/ 80%ile,5.89
2026-09-21,DCI,20,20,23,260918,32.99,529/ 69%ile,86.44
2026-09-21,DCO,42,46,45,260918,55.82,272/ 81%ile,166.25
2026-09-21,DCOM,15,17,20,260915,30.97,165/  3%ile,40.73
2026-09-21,DCOR,9,10,12,260914,24.02,127/  5%ile,83.32
2026-09-21,DCTH,28,62,53,260918,71.85,515/ 14%ile,16.11
2026-09-21,DD,21,24,31,260918,34.98,598/ 75%ile,129.01
2026-09-21,DDD,67,79,94,260918,80.41,600/  5%ile,3.62
2026-09-21,DDL,57,60,58,260917,72.81,377/ 23%ile,2.28
2026-09-21,DDM,24,25,25,260918,29.81,596/ 33%ile,63.32
2026-09-21,DDOG,56,74,78,260918,55.77,600/ 60%ile,229.95
2026-09-21,DE,39,33,34,260917,30.95,599/ 60%ile,683.99
2026-09-21,DEA,15,20,21,260918,18.96,172/  3%ile,23.40
2026-09-21,DECK,36,38,39,260918,45.85,598/ 63%ile,78.46
2026-09-21,DECO,52,57,51,260918,46.91,314/ 36%ile,78.36
2026-09-21,DEEP,14,17,16,260612,69.66,28/ 89%ile,42.05
2026-09-21,DEFT,163,166,144,260918,141.00,244/ 39%ile,0.52
2026-09-21,DEI,23,26,31,260911,35.31,445/ 54%ile,10.25
2026-09-21,DELL,84,86,92,260918,61.07,600/ 71%ile,568.56
2026-09-21,DEM,10,13,17,260917,17.14,351/ 16%ile,56.28
2026-09-21,DEO,21,30,30,260918,26.05,600/ 41%ile,85.59
2026-09-21,DERM,57,53,61,260918,66.87,49/ 40%ile,7.31
2026-09-21,DES,9,11,12,260911,57.29,64/ 96%ile,38.86
2026-09-21,DESK,18,19,20,260805,23.75,30/  3%ile,38.21
2026-09-21,DEUS,8,10,10,260811,32.26,222/ 60%ile,64.91
2026-09-21,DEW,9,7,9,260407,101.66,1/100%ile,72.34
2026-09-21,DFAC,9,10,11,260918,19.26,390/ 14%ile,44.84
2026-09-21,DFAS,11,12,14,260918,26.56,527/ 18%ile,79.16
2026-09-21,DFAT,10,11,12,260916,30.87,338/ 31%ile,68.91
2026-09-21,DFAU,10,11,12,260528,59.69,23/ 73%ile,52.58
2026-09-21,DFAW,9,10,13,260805,41.36,9/ 77%ile,83.89
2026-09-21,DFAX,11,15,18,260529,14.79,16/ 12%ile,37.66
2026-09-21,DFDV,129,95,98,260918,129.09,326/ 57%ile,6.05
2026-09-21,DFE,11,11,15,260918,22.65,352/ 32%ile,76.00
2026-09-21,DFEN,54,65,72,260918,71.45,599/ 76%ile,52.14
2026-09-21,DFH,48,72,72,260918,62.85,487/ 75%ile,11.35
2026-09-21,DFIC,10,11,15,260611,15.02,18/ 33%ile,38.60
2026-09-21,DFIS,10,12,15,260330,27.09,27/100%ile,37.61
2026-09-21,DFIV,10,10,13,260611,14.74,82/  4%ile,57.40
2026-09-21,DFJ,12,17,17,260804,19.55,34/ 64%ile,116.21
2026-09-21,DFNL,14,13,14,260916,37.76,5/ 40%ile,50.02
2026-09-21,DFSU,11,12,12,260520,14.64,4/100%ile,47.54
2026-09-21,DFSV,11,12,12,260918,17.68,159/  3%ile,38.92
2026-09-21,DFTX,52,60,89,260918,62.41,600/  0%ile,38.81
2026-09-21,DFUS,10,12,13,260918,21.14,517/ 12%ile,83.22
2026-09-21,DFUV,10,9,11,260916,23.56,203/  3%ile,56.21
2026-09-21,DFVX,10,10,11,260805,38.64,3/ 33%ile,84.05
2026-09-21,DG,38,36,38,260918,34.93,600/ 29%ile,122.41
2026-09-21,DGICA,19,23,24,250929,34.45,6/ 33%ile,18.73
2026-09-21,DGII,38,50,47,260915,50.42,121/ 51%ile,72.13
2026-09-21,DGIN,18,18,18,260714,36.49,120/ 97%ile,36.42
2026-09-21,DGNX,114,123,171,260918,176.34,175/ 38%ile,1.38
2026-09-21,DGRO,9,9,9,260918,18.42,590/ 63%ile,76.89
2026-09-21,DGRS,11,12,14,260917,31.35,129/ 66%ile,57.08
2026-09-21,DGRW,9,10,10,260918,25.12,382/ 88%ile,97.93
2026-09-21,DGS,13,16,20,260820,50.80,280/ 97%ile,63.97
2026-09-21,DGT,9,9,12,260821,18.04,115/ 19%ile,188.53
2026-09-21,DGX,21,27,24,260918,28.02,600/ 79%ile,246.45
2026-09-21,DGXX,74,88,110,260918,94.56,226/  1%ile,4.07
2026-09-21,DH,147,173,155,260123,70.63,333/ 48%ile,0.96
2026-09-21,DHC,25,36,38,260918,47.92,573/  5%ile,8.01
2026-09-21,DHI,27,33,36,260918,37.02,600/ 52%ile,138.02
2026-09-21,DHR,25,41,36,260918,32.50,600/ 75%ile,211.81
2026-09-21,DHS,9,11,11,260615,12.55,32/ 15%ile,115.15
2026-09-21,DHT,35,38,40,260918,45.31,594/ 86%ile,23.27
2026-09-21,DHX,63,65,76,260918,82.70,355/ 32%ile,4.90
2026-09-21,DIA,12,12,12,260918,12.54,600/ 28%ile,515.89
2026-09-21,DIBS,55,68,67,260915,73.75,289/ 70%ile,4.04
2026-09-21,DIG,39,44,48,260918,49.61,591/ 72%ile,70.31
2026-09-21,DIHP,10,12,15,260721,20.10,49/100%ile,34.21
2026-09-21,DIN,46,41,45,260918,58.35,594/ 86%ile,27.91
2026-09-21,DINO,34,37,39,260918,56.42,600/ 99%ile,115.96
2026-09-21,DIOD,47,75,76,260918,67.35,572/ 81%ile,92.29
2026-09-21,DIPS,37,34,34,260910,20.02,64/  4%ile,32.35
2026-09-21,DIS,24,27,28,260918,26.77,600/ 47%ile,102.65
2026-09-21,DISK,58,0.0,0.0,260918,56.93,45/  4%ile,39.50
2026-09-21,DISV,10,11,14,260827,16.45,105/  4%ile,44.00
2026-09-21,DIVB,12,15,14,260717,41.80,48/ 79%ile,66.93
2026-09-21,DIVI,11,13,16,260729,66.76,2/100%ile,43.22
2026-09-21,DIVO,10,9,9,260406,14.39,72/ 77%ile,47.37
2026-09-21,DJD,11,12,11,260916,32.71,203/ 77%ile,64.20
2026-09-21,DJP,15,19,19,260918,38.30,557/ 93%ile,52.72
2026-09-21,DJT,57,64,63,260918,63.50,600/ 18%ile,8.84
2026-09-21,DJTU,115,128,135,260918,124.36,288/ 38%ile,10.85
2026-09-21,DK,59,56,56,260918,66.33,599/ 84%ile,78.12
2026-09-21,DKL,15,39,36,260918,23.36,521/ 58%ile,57.71
2026-09-21,DKNG,48,51,55,260918,56.21,600/ 64%ile,21.73
2026-09-21,DKS,138,91,71,260918,43.71,600/ 62%ile,121.15
2026-09-21,DLB,32,40,37,260918,41.19,598/ 93%ile,57.65
2026-09-21,DLHC,54,49,38,260814,50.63,165/ 20%ile,3.91
2026-09-21,DLLL,163,170,177,260918,125.73,297/ 75%ile,36.90
2026-09-21,DLN,8,8,8,260918,13.92,41/ 36%ile,98.76
2026-09-21,DLNG,42,52,42,260901,98.04,128/ 92%ile,3.71
2026-09-21,DLO,36,36,48,260918,51.64,599/ 13%ile,14.21
2026-09-21,DLPN,61,79,80,251029,165.00,2/100%ile,1.10
2026-09-21,DLR,30,36,32,260918,33.42,600/ 76%ile,182.12
2026-09-21,DLS,11,12,14,251126,10.26,54/  1%ile,88.55
2026-09-21,DLTH,87,63,76,260918,80.94,273/ 34%ile,4.28
2026-09-21,DLTR,44,36,47,260918,38.11,600/ 23%ile,111.96
2026-09-21,DLX,26,33,44,260914,38.25,304/ 55%ile,23.31
2026-09-21,DMAC,44,41,50,260918,104.04,207/ 81%ile,6.85
2026-09-21,DMC,24,25,34,260918,48.07,597/ 99%ile,30.38
2026-09-21,DMLP,17,24,25,260520,26.48,71/ 76%ile,29.60
2026-09-21,DMRC,70,75,98,260918,123.13,499/ 91%ile,5.00
2026-09-21,DNA,84,90,87,260918,88.11,551/  8%ile,7.88
2026-09-21,DNL,13,15,19,260828,32.59,58/ 62%ile,44.60
2026-09-21,DNLI,24,51,50,260828,75.61,215/ 72%ile,19.73
2026-09-21,DNN,71,65,64,260918,71.93,589/ 53%ile,2.83
2026-09-21,DNOW,29,36,33,260918,41.08,405/ 20%ile,15.59
2026-09-21,DNTH,34,51,54,260918,73.90,155/ 45%ile,96.81
2026-09-21,DNUT,41,52,60,260918,69.67,600/ 45%ile,3.03
2026-09-21,DOC,17,20,34,260918,22.67,564/ 45%ile,20.33
2026-09-21,DOCN,78,89,98,260918,77.47,600/ 71%ile,130.14
2026-09-21,DOCS,47,80,79,260918,56.83,600/ 48%ile,26.11
2026-09-21,DOCU,48,56,53,260918,51.62,600/ 62%ile,69.07
2026-09-21,DOG,13,13,13,260804,16.76,298/ 65%ile,22.08
2026-09-21,DOJE,73,52,52,260918,81.78,179/ 24%ile,8.13
2026-09-21,DOL,11,12,16,260811,27.70,11/  9%ile,75.66
2026-09-21,DOLE,15,26,27,260918,38.84,303/ 92%ile,13.03
2026-09-21,DOMH,85,83,86,260918,72.62,155/  3%ile,2.45
2026-09-21,DOMO,32,76,127,260916,36.95,580/  0%ile,3.76
2026-09-21,DON,9,10,11,260409,16.31,332/ 40%ile,56.10
2026-09-21,DOO,48,40,37,260918,42.54,534/ 42%ile,58.01
2026-09-21,DORM,16,48,41,260918,45.13,505/ 72%ile,122.44
2026-09-21,DOUG,70,59,64,260824,80.27,355/ 25%ile,1.69
2026-09-21,DOV,20,28,26,260918,23.55,600/ 19%ile,187.42
2026-09-21,DOW,34,36,36,260918,40.19,600/ 48%ile,28.73
2026-09-21,DOX,23,32,33,260918,29.55,538/ 65%ile,59.30
2026-09-21,DPC,63,83,0.0,260918,71.93,50/ 42%ile,40.76
2026-09-21,DPRO,93,81,83,260918,103.04,292/ 39%ile,5.62
2026-09-21,DPST,42,48,55,260918,58.79,600/  0%ile,124.71
2026-09-21,DPZ,41,39,39,260918,37.30,589/ 87%ile,293.85
2026-09-21,DQ,63,59,57,260918,60.55,600/  8%ile,12.07
2026-09-21,DRAM,56,84,96,260918,56.85,114/  4%ile,59.61
2026-09-21,DRD,48,57,58,260918,59.00,551/ 65%ile,26.30
2026-09-21,DRGN,23,33,37,260918,37.52,142/  7%ile,33.67
2026-09-21,DRH,24,26,25,260618,35.00,69/ 11%ile,12.24
2026-09-21,DRI,33,31,28,260918,33.80,600/ 84%ile,209.28
2026-09-21,DRIP,51,58,59,260918,58.47,596/ 61%ile,33.77
2026-09-21,DRIV,21,28,35,260818,55.97,232/ 99%ile,33.52
2026-09-21,DRLL,23,25,27,260916,49.56,48/ 89%ile,41.77
2026-09-21,DRN,29,37,44,260918,42.46,600/  8%ile,9.18
2026-09-21,DRNZ,33,41,49,260918,48.14,143/ 32%ile,20.65
2026-09-21,DRS,27,31,37,260918,40.45,599/ 44%ile,37.19
2026-09-21,DRTS,35,57,85,260918,63.10,180/  2%ile,15.24
2026-09-21,DRUG,46,370,0.0,260818,81.84,2/100%ile,60.98
2026-09-21,DRUP,20,25,24,260828,68.29,195/ 95%ile,69.13
2026-09-21,DRV,30,36,45,260918,39.31,599/  0%ile,21.42
2026-09-21,DRVN,40,50,51,260918,56.35,411/ 72%ile,12.28
2026-09-21,DSGN,52,54,85,260622,96.13,116/ 31%ile,12.24
2026-09-21,DSGR,3.5,51,39,260810,22.33,43/  2%ile,34.83
2026-09-21,DSGX,44,44,43,260918,53.88,593/ 90%ile,77.30
2026-09-21,DSI,13,15,15,260918,30.38,361/ 70%ile,145.31
2026-09-21,DSMC,13,14,14,251010,87.93,1/100%ile,42.75
2026-09-21,DSP,85,74,72,260917,66.55,417/ 54%ile,11.88
2026-09-21,DSX,49,49,52,260918,57.42,250/ 45%ile,3.11
2026-09-21,DT,38,45,48,260918,43.34,600/ 60%ile,55.14
2026-09-21,DTCR,24,27,28,260918,28.59,347/ 51%ile,28.04
2026-09-21,DTCX,147,108,94,260918,133.04,137/ 47%ile,2.07
2026-09-21,DTE,13,16,19,260918,21.29,599/ 64%ile,128.52
2026-09-21,DTEC,21,21,21,260918,48.84,95/ 85%ile,51.09
2026-09-21,DTH,9,9,0.0,260625,14.39,1/100%ile,55.06
2026-09-21,DTIL,38,49,62,260728,96.88,34/ 26%ile,6.67
2026-09-21,DTM,24,23,24,260918,29.26,467/ 56%ile,125.86
2026-09-21,DUBS,11,12,13,260916,34.48,11/ 18%ile,42.87
2026-09-21,DUG,37,43,46,260918,46.24,438/ 68%ile,14.42
2026-09-21,DUHP,11,11,11,260918,34.22,100/ 43%ile,41.71
2026-09-21,DUK,14,16,18,260918,16.52,600/ 20%ile,117.50
2026-09-21,DUOG,104,132,124,260918,127.87,96/ 35%ile,52.24
2026-09-21,DUOL,51,66,61,260918,66.12,600/ 52%ile,141.96
2026-09-21,DUOT,54,72,90,260918,93.57,168/ 45%ile,8.54
2026-09-21,DUSA,9,9,9,260723,29.73,139/  2%ile,56.19
2026-09-21,DUSL,41,46,55,260910,127.25,91/ 97%ile,77.48
2026-09-21,DUST,83,100,104,260916,89.90,582/ 85%ile,34.57
2026-09-21,DV,7,40,46,260806,92.93,561/ 99%ile,13.46
2026-09-21,DVA,33,51,53,260918,39.61,600/ 65%ile,183.86
2026-09-21,DVN,32,35,39,260918,36.07,600/ 56%ile,48.61
2026-09-21,DVXV,22,23,22,260311,22.81,12/ 75%ile,24.50
2026-09-21,DVY,10,11,12,260918,21.41,600/ 91%ile,158.24
2026-09-21,DVYE,16,13,16,260918,20.01,111/ 67%ile,34.73
2026-09-21,DWAS,21,28,28,260824,44.52,214/ 55%ile,109.18
2026-09-21,DX,15,18,18,260127,14.31,9/ 22%ile,12.18
2026-09-21,DXC,44,51,70,260918,59.99,597/ 76%ile,10.78
2026-09-21,DXCM,26,43,43,260918,38.48,600/ 20%ile,89.35
2026-09-21,DXD,26,25,25,260918,31.13,566/ 60%ile,17.74
2026-09-21,DXJ,14,17,17,260918,28.98,594/ 85%ile,178.22
2026-09-21,DXPE,32,55,59,260916,52.37,330/ 27%ile,185.26
2026-09-21,DXUV,10,10,11,260916,37.74,7/ 28%ile,68.09
2026-09-21,DXYZ,59,71,0.0,260918,74.73,78/  3%ile,31.24
2026-09-21,DY,63,61,67,260918,56.01,548/ 88%ile,291.80
2026-09-21,DYN,71,56,60,260918,55.00,292/  4%ile,17.11
2026-09-21,DYNC,6,4.5,3.2,260401,54.06,121/ 10%ile,10.88
2026-09-21,DYNF,10,12,14,260918,25.49,97/ 20%ile,69.29
2026-09-21,E,30,32,31,260917,28.01,303/ 76%ile,54.62
2026-09-21,EAF,83,83,89,260918,103.19,503/ 46%ile,8.22
2026-09-21,EARN,41,33,32,260507,17.55,12/  8%ile,4.23
2026-09-21,EART,30,33,38,260617,92.28,33/100%ile,29.03
2026-09-21,EAT,46,50,54,260918,48.05,600/ 37%ile,196.71
2026-09-21,EBAY,30,34,33,260918,30.84,600/ 50%ile,111.84
2026-09-21,EBC,17,21,23,260602,32.50,205/ 41%ile,21.60
2026-09-21,EBIZ,19,22,21,251120,109.94,8/100%ile,28.32
2026-09-21,EBS,64,100,80,260918,68.07,592/  7%ile,6.80
2026-09-21,EC,34,34,43,260918,39.64,430/ 71%ile,17.58
2026-09-21,ECG,45,61,64,260918,60.75,291/ 13%ile,115.97
2026-09-21,ECH,20,20,24,260918,28.80,419/ 54%ile,39.45
2026-09-21,ECHO,26,39,52,260918,45.44,600/  0%ile,93.46
2026-09-21,ECHX,56,83,0.0,260918,83.85,52/  7%ile,8.63
2026-09-21,ECL,16,20,23,260918,23.07,600/ 40%ile,269.41
2026-09-21,ECNS,18,18,18,260514,25.39,175/ 28%ile,27.68
2026-09-21,ECO,38,45,0.0,260918,53.50,66/ 74%ile,84.95
2026-09-21,ECON,18,25,32,260811,40.57,23/ 47%ile,35.33
2026-09-21,ECOW,12,0.0,0.0,260709,25.27,1/100%ile,26.88
2026-09-21,ECPG,34,41,35,260918,51.72,338/ 55%ile,99.54
2026-09-21,ECVT,33,38,35,260917,40.69,266/ 19%ile,10.44
2026-09-21,ED,15,16,18,260918,17.75,600/ 23%ile,105.43
2026-09-21,EDC,58,73,92,260918,63.68,596/ 71%ile,78.27
2026-09-21,EDIT,90,79,85,260918,109.70,588/ 40%ile,2.70
2026-09-21,EDU,32,47,40,260918,34.75,598/  0%ile,55.64
2026-09-21,EDV,14,15,15,260918,12.34,599/ 17%ile,59.65
2026-09-21,EDZ,60,74,88,260918,69.52,431/ 87%ile,14.61
2026-09-21,EE,38,37,36,260918,50.79,460/ 72%ile,36.02
2026-09-21,EEFT,36,44,42,260918,45.60,595/ 73%ile,65.97
2026-09-21,EEM,20,24,30,260918,23.09,600/ 72%ile,67.04
2026-09-21,EEMS,18,21,24,260918,33.75,354/ 70%ile,75.61
2026-09-21,EEMV,14,18,21,260901,35.22,463/ 70%ile,75.15
2026-09-21,EEMX,21,24,30,260916,45.59,21/ 47%ile,53.20
2026-09-21,EES,11,12,13,251120,41.56,179/ 81%ile,67.88
2026-09-21,EET,39,51,64,260909,45.20,293/ 66%ile,108.16
2026-09-21,EETH,53,47,51,260918,49.06,412/ 15%ile,31.97
2026-09-21,EEV,40,50,60,260918,38.87,104/ 63%ile,10.77
2026-09-21,EFA,11,13,16,260918,15.08,593/ 52%ile,104.99
2026-09-21,EFAD,10,11,13,251112,13.61,1/100%ile,42.03
2026-09-21,EFAV,9,9,12,260909,32.41,444/ 84%ile,92.98
2026-09-21,EFAX,11,12,17,260916,33.51,107/ 53%ile,54.21
2026-09-21,EFC,13,17,17,260416,17.05,25/ 32%ile,12.45
2026-09-21,EFG,14,16,20,260729,32.69,223/ 87%ile,120.10
2026-09-21,EFO,25,25,31,260909,42.49,112/ 41%ile,73.36
2026-09-21,EFOR,52,69,73,260918,70.25,504/ 83%ile,32.76
2026-09-21,EFSC,13,17,20,260507,24.18,49/  4%ile,61.60
2026-09-21,EFV,10,11,14,260918,24.58,446/ 58%ile,80.80
2026-09-21,EFX,34,42,41,260918,42.98,599/ 81%ile,158.87
2026-09-21,EFXT,38,43,44,260918,47.85,299/ 34%ile,22.74
2026-09-21,EG,20,23,23,260918,27.86,600/ 53%ile,374.58
2026-09-21,EGAN,84,61,59,260918,70.00,412/ 47%ile,5.36
2026-09-21,EGBN,22,23,26,260903,40.69,85/ 16%ile,28.32
2026-09-21,EGHT,62,79,95,260918,120.09,550/ 85%ile,1.77
2026-09-21,EGO,55,63,64,260918,53.60,600/ 69%ile,43.22
2026-09-21,EGP,12,17,19,260918,18.01,243/  0%ile,202.37
2026-09-21,EGY,40,46,48,260918,44.31,593/ 53%ile,6.06
2026-09-21,EH,50,51,79,260918,75.56,600/ 70%ile,4.58
2026-09-21,EHC,14,31,32,260918,33.75,583/ 60%ile,121.75
2026-09-21,EHTH,89,77,83,260612,104.71,429/ 82%ile,0.89
2026-09-21,EIDO,22,22,32,260918,27.07,203/ 50%ile,12.49
2026-09-21,EIG,14,20,22,260115,32.52,2/100%ile,48.97
2026-09-21,EIPI,11,11,12,260209,10.92,8/ 25%ile,22.35
2026-09-21,EIX,107,72,54,260918,32.11,600/ 67%ile,55.31
2026-09-21,EL,36,45,46,260918,36.80,600/ 13%ile,93.43
2026-09-21,ELA,34,49,66,260918,64.84,300/ 85%ile,12.44
2026-09-21,ELAN,31,41,51,260918,50.41,600/ 75%ile,22.42
2026-09-21,ELD,7,7,8,260917,104.44,57/100%ile,28.54
2026-09-21,ELDN,48,56,61,260918,87.99,321/ 17%ile,2.62
2026-09-21,ELE,47,57,66,260918,59.82,136/ 58%ile,21.30
2026-09-21,ELF,44,53,57,260918,55.90,600/ 14%ile,96.44
2026-09-21,ELIL,41,62,69,260918,68.02,142/ 23%ile,27.57
2026-09-21,ELMD,83,60,64,260917,69.22,308/ 91%ile,26.70
2026-09-21,ELS,13,19,19,260918,34.16,187/ 89%ile,60.40
2026-09-21,ELTX,76,70,268,260807,155.00,67/ 80%ile,1.89
2026-09-21,ELV,27,36,35,260915,34.86,592/ 62%ile,410.95
2026-09-21,ELVA,62,138,113,260918,81.88,137/  2%ile,6.61
2026-09-21,ELVN,41,42,53,260918,59.69,81/ 17%ile,49.45
2026-09-21,EMA,16,15,16,260910,24.32,165/ 83%ile,49.28
2026-09-21,EMB,6,5,6,260918,4.98,392/  0%ile,93.38
2026-09-21,EMBC,61,83,159,260918,65.83,454/ 73%ile,5.29
2026-09-21,EMBJ,24,29,41,260918,42.89,599/ 49%ile,75.07
2026-09-21,EME,38,54,48,260901,41.19,467/ 68%ile,750.09
2026-09-21,EMET,38,38,43,260908,35.01,172/  6%ile,42.44
2026-09-21,EMGF,18,23,29,260918,32.92,283/ 29%ile,71.90
2026-09-21,EMLC,7,7,8,260416,13.42,6/100%ile,25.19
2026-09-21,EMN,25,26,31,260918,30.45,600/ 48%ile,65.69
2026-09-21,EMPD,86,79,74,260918,78.14,118/ 42%ile,3.14
2026-09-21,EMQQ,17,18,20,260422,25.96,379/ 55%ile,31.65
2026-09-21,EMR,26,30,33,260918,28.67,600/ 54%ile,149.92
2026-09-21,EMXC,23,29,36,260918,29.58,462/ 61%ile,99.24
2026-09-21,ENB,19,18,21,260918,18.55,600/ 69%ile,48.73
2026-09-21,ENFR,12,16,18,260821,34.68,161/100%ile,39.08
2026-09-21,ENGN,61,49,0.0,260827,114.39,48/ 72%ile,1.91
2026-09-21,ENIC,37,34,33,260824,38.67,47/ 29%ile,4.19
2026-09-21,ENLT,44,57,65,260918,57.73,275/ 60%ile,75.00
2026-09-21,ENLV,98,170,152,260608,220.00,57/100%ile,4.64
2026-09-21,ENOV,82,81,79,260918,73.19,539/ 90%ile,18.04
2026-09-21,ENPH,48,58,88,260918,65.83,600/ 38%ile,34.65
2026-09-21,ENR,39,37,44,260918,44.04,557/ 64%ile,21.38
2026-09-21,ENS,30,38,47,260918,41.14,600/ 60%ile,178.12
2026-09-21,ENSG,21,22,29,260918,36.20,523/ 73%ile,173.91
2026-09-21,ENTA,49,42,46,260304,68.50,145/  5%ile,12.20
2026-09-21,ENTG,58,76,82,260918,59.19,600/ 67%ile,142.25
2026-09-21,ENTX,57,170,143,260918,115.01,73/  6%ile,2.96
2026-09-21,ENVA,102,74,59,260918,51.35,556/ 82%ile,174.72
2026-09-21,ENVX,68,97,97,260918,90.96,599/ 33%ile,2.99
2026-09-21,EOG,32,36,33,260918,32.71,600/ 77%ile,144.23
2026-09-21,EOLS,48,68,62,260918,63.33,549/ 39%ile,7.86
2026-09-21,EOSE,117,111,110,260918,104.00,593/ 28%ile,3.96
2026-09-21,EOSU,220,212,214,260918,187.55,69/  7%ile,7.76
2026-09-21,EPAC,23,34,33,260717,37.37,176/ 33%ile,35.36
2026-09-21,EPAM,38,58,58,260918,54.73,587/ 72%ile,114.12
2026-09-21,EPC,33,34,52,260909,46.03,208/ 87%ile,27.18
2026-09-21,EPD,15,16,19,260918,17.92,600/ 70%ile,38.89
2026-09-21,EPI,13,11,14,260918,24.20,569/ 71%ile,41.67
2026-09-21,EPM,48,54,50,260826,58.61,281/ 94%ile,3.85
2026-09-21,EPOL,17,18,23,260916,26.09,426/ 44%ile,44.40
2026-09-21,EPP,15,14,16,260909,30.67,342/ 62%ile,55.67
2026-09-21,EPR,16,20,20,260918,20.34,591/ 64%ile,56.72
2026-09-21,EPRT,19,22,21,260917,21.51,317/ 23%ile,26.75
2026-09-21,EPS,10,11,12,251201,67.77,500/100%ile,70.83
2026-09-21,EPSN,31,42,45,260916,56.38,148/ 85%ile,6.08
2026-09-21,EPU,23,26,31,260903,39.03,335/ 98%ile,90.75
2026-09-21,EPV,21,24,33,260918,29.16,318/ 21%ile,18.42
2026-09-21,EQ,84,83,99,260911,159.68,153/ 35%ile,1.92
2026-09-21,EQAL,9,10,11,260909,112.14,247/ 99%ile,58.99
2026-09-21,EQBK,16,18,19,260916,42.06,167/ 14%ile,49.03
2026-09-21,EQH,26,31,32,260918,39.02,569/ 65%ile,53.95
2026-09-21,EQIX,25,29,25,260831,28.16,316/ 64%ile,1021.34
2026-09-21,EQNR,35,42,42,260918,37.88,600/ 81%ile,44.09
2026-09-21,EQPT,58,78,84,260918,73.52,132/ 18%ile,18.03
2026-09-21,EQT,24,31,28,260918,31.47,600/ 10%ile,49.99
2026-09-21,EQWL,9,10,11,260918,17.69,347/ 13%ile,130.94
2026-09-21,EQX,53,57,60,260918,57.58,596/ 56%ile,12.48
2026-09-21,ERAS,57,59,130,260918,122.14,468/ 64%ile,14.77
2026-09-21,ERIC,26,45,44,260918,36.04,595/ 70%ile,10.18
2026-09-21,ERIE,30,52,45,260918,29.81,512/ 11%ile,239.05
2026-09-21,ERII,35,39,55,260918,63.11,510/ 77%ile,6.99
2026-09-21,ERO,75,68,72,260918,62.01,594/ 73%ile,34.17
2026-09-21,EROC,112,0.0,0.0,260918,86.80,42/ 50%ile,13.05
2026-09-21,ERTH,14,16,18,251113,59.99,70/ 97%ile,43.93
2026-09-21,ERX,39,43,47,260918,48.90,600/ 77%ile,109.04
2026-09-21,ERY,39,44,47,260918,52.19,598/ 82%ile,8.84
2026-09-21,ES,19,18,21,260918,20.58,594/ 29%ile,67.72
2026-09-21,ESAB,38,46,51,260918,45.95,401/ 67%ile,64.94
2026-09-21,ESCA,26,40,41,260810,45.73,18/ 38%ile,19.43
2026-09-21,ESE,26,34,37,260918,39.57,200/ 74%ile,265.92
2026-09-21,ESGE,19,24,30,260828,49.82,126/ 95%ile,54.37
2026-09-21,ESGU,10,12,13,260918,18.23,219/  8%ile,166.54
2026-09-21,ESGV,11,13,14,260918,27.36,457/ 66%ile,135.09
2026-09-21,ESI,42,42,51,260918,46.26,478/ 74%ile,32.73
2026-09-21,ESLT,16,35,46,260826,31.34,395/ 20%ile,743.34
2026-09-21,ESML,12,14,16,260918,33.07,40/ 50%ile,52.93
2026-09-21,ESNT,14,21,24,260918,29.53,201/ 64%ile,67.19
2026-09-21,ESPO,18,22,20,260824,22.50,146/ 13%ile,96.56
2026-09-21,ESRT,29,45,44,260814,74.06,299/ 97%ile,3.93
2026-09-21,ESS,17,20,20,260918,20.80,589/  6%ile,270.05
2026-09-21,ESTA,43,49,50,260918,65.45,578/ 20%ile,69.30
2026-09-21,ESTC,86,67,61,260918,49.95,600/ 40%ile,86.96
2026-09-21,ET,12,18,19,260918,18.25,553/ 34%ile,21.13
2026-09-21,ETD,26,30,31,260918,32.05,403/ 31%ile,21.41
2026-09-21,ETH,50,46,51,260918,52.50,360/  5%ile,25.18
2026-09-21,ETHA,52,46,51,260918,54.98,360/ 13%ile,19.90
2026-09-21,ETHD,113,99,106,260916,105.83,410/ 32%ile,25.60
2026-09-21,ETHE,53,47,52,260918,53.53,360/  7%ile,21.21
2026-09-21,ETHT,102,89,102,260918,91.82,369/  4%ile,18.98
2026-09-21,ETHU,103,91,103,260918,99.60,565/ 10%ile,29.56
2026-09-21,ETHV,51,46,51,260918,50.91,104/  1%ile,38.61
2026-09-21,ETHW,52,46,52,260918,42.94,354/  0%ile,18.87
2026-09-21,ETN,45,47,48,260918,39.13,214/ 57%ile,424.77
2026-09-21,ETON,43,99,82,260918,74.94,169/ 69%ile,55.50
2026-09-21,ETOR,51,53,49,260918,47.05,337/  8%ile,28.08
2026-09-21,ETR,16,19,21,260918,22.68,600/ 46%ile,102.01
2026-09-21,ETSY,47,44,48,260918,46.06,600/ 34%ile,72.60
2026-09-21,ETU,104,93,104,260918,86.24,253/  0%ile,7.83
2026-09-21,EU,152,129,115,260918,91.83,590/ 63%ile,0.90
2026-09-21,EUAD,16,19,27,260918,32.46,355/ 60%ile,42.60
2026-09-21,EUFN,15,17,20,260918,21.64,449/ 65%ile,41.12
2026-09-21,EUO,8,9,10,260918,12.72,573/  1%ile,30.66
2026-09-21,EURL,31,35,48,260506,48.79,232/ 79%ile,44.69
2026-09-21,EUSA,10,11,11,260918,28.52,456/ 32%ile,113.14
2026-09-21,EUV,48,62,0.0,260918,53.36,84/  5%ile,23.59
2026-09-21,EVC,35,70,137,260918,93.66,403/ 64%ile,7.80
2026-09-21,EVCM,96,75,69,260914,84.62,38/100%ile,7.77
2026-09-21,EVER,47,51,96,260918,60.69,539/ 36%ile,23.14
2026-09-21,EVEX,46,83,83,260918,103.29,520/ 91%ile,2.04
2026-09-21,EVGO,104,95,91,260918,64.94,598/  0%ile,1.52
2026-09-21,EVH,52,95,86,260918,86.06,571/ 63%ile,3.69
2026-09-21,EVLV,39,40,52,260918,50.17,600/  0%ile,5.01
2026-09-21,EVMN,85,78,0.0,260824,93.96,4/ 25%ile,9.65
2026-09-21,EVR,26,38,38,260918,42.18,592/ 68%ile,262.60
2026-09-21,EVRG,16,15,17,260918,33.91,595/ 98%ile,79.78
2026-09-21,EVTC,31,38,50,260918,51.19,18/ 88%ile,27.65
2026-09-21,EVTL,133,146,118,260918,135.33,300/ 86%ile,0.64
2026-09-21,EVX,10,11,12,260818,37.40,35/100%ile,39.48
2026-09-21,EW,26,25,25,260918,30.48,600/ 44%ile,88.26
2026-09-21,EWA,17,16,19,260918,16.99,413/  6%ile,28.75
2026-09-21,EWBC,16,18,19,260918,33.17,590/ 49%ile,126.92
2026-09-21,EWC,14,12,13,260918,15.53,592/ 28%ile,60.21
2026-09-21,EWD,15,15,20,260903,18.38,145/  4%ile,50.97
2026-09-21,EWG,12,13,18,260918,17.99,592/ 40%ile,42.15
2026-09-21,EWH,17,16,17,260916,17.72,519/  4%ile,22.46
2026-09-21,EWI,13,13,18,260918,21.38,454/ 49%ile,60.03
2026-09-21,EWJ,14,20,21,260918,21.95,600/ 65%ile,97.00
2026-09-21,EWK,13,13,16,260415,99.61,7/100%ile,26.84
2026-09-21,EWL,14,14,17,260806,16.37,246/ 30%ile,60.04
2026-09-21,EWM,14,13,14,260918,16.86,278/ 25%ile,27.31
2026-09-21,EWN,14,20,25,260810,21.50,166/ 33%ile,67.01
2026-09-21,EWP,14,15,18,260918,27.67,433/ 72%ile,60.60
2026-09-21,EWQ,10,12,18,260917,14.76,182/  3%ile,43.76
2026-09-21,EWS,15,16,16,260918,17.56,247/ 25%ile,32.82
2026-09-21,EWT,24,34,39,260918,29.88,581/ 64%ile,111.64
2026-09-21,EWTX,43,63,70,260918,65.32,402/ 11%ile,45.32
2026-09-21,EWU,10,10,15,260918,14.26,554/ 22%ile,47.26
2026-09-21,EWUS,15,16,18,260903,56.36,44/ 86%ile,43.62
2026-09-21,EWV,31,43,45,260909,64.31,85/ 89%ile,16.29
2026-09-21,EWW,18,17,19,260918,28.24,596/ 73%ile,73.34
2026-09-21,EWX,14,19,21,260903,27.54,330/ 86%ile,72.49
2026-09-21,EWY,45,63,73,260918,43.38,597/ 73%ile,181.31
2026-09-21,EWZ,23,23,24,260918,44.08,599/100%ile,37.50
2026-09-21,EWZS,28,28,31,260918,50.26,317/ 96%ile,13.19
2026-09-21,EXC,17,18,20,260918,20.76,600/ 66%ile,42.07
2026-09-21,EXE,28,30,28,260918,32.32,600/ 73%ile,87.49
2026-09-21,EXEL,31,36,38,260918,37.52,598/ 18%ile,58.36
2026-09-21,EXFY,62,98,95,260918,141.41,341/ 92%ile,2.24
2026-09-21,EXI,14,15,18,260918,31.08,22/ 90%ile,191.90
2026-09-21,EXK,61,73,77,260918,71.99,597/ 35%ile,10.23
2026-09-21,EXLS,25,52,47,260918,46.12,407/ 90%ile,35.15
2026-09-21,EXP,20,32,35,260918,40.30,599/ 70%ile,176.82
2026-09-21,EXPD,16,26,28,260918,20.51,599/  5%ile,190.94
2026-09-21,EXPE,49,45,45,260918,48.87,600/ 67%ile,279.35
2026-09-21,EXPO,20,28,32,260915,39.38,222/ 81%ile,68.30
2026-09-21,EXR,17,20,22,260918,36.95,600/ 98%ile,136.71
2026-09-21,EXTR,33,64,72,260918,46.54,600/ 24%ile,22.31
2026-09-21,EYE,48,49,63,260918,50.69,522/ 18%ile,16.88
2026-09-21,EYPT,103,267,193,260918,218.24,520/ 95%ile,3.84
2026-09-21,EZA,24,27,31,260918,36.16,566/ 64%ile,68.40
2026-09-21,EZBC,45,35,37,260918,42.10,165/  7%ile,46.92
2026-09-21,EZET,53,46,52,260827,87.34,7/ 71%ile,20.01
2026-09-21,EZJ,34,41,43,260918,56.38,136/ 89%ile,68.64
2026-09-21,EZM,11,11,12,260918,31.40,423/ 62%ile,73.75
2026-09-21,EZPW,63,55,52,260918,51.80,559/ 89%ile,30.65
2026-09-21,EZU,11,13,18,260918,23.17,573/ 67%ile,68.15
2026-09-21,F,36,33,46,260918,36.11,599/ 82%ile,13.21
2026-09-21,FA,40,67,66,260914,57.42,28/ 78%ile,20.72
2026-09-21,FAB,9,11,11,260810,27.41,354/ 10%ile,105.92
2026-09-21,FAC,100,133,0.0,260918,106.01,15/ 40%ile,6.25
2026-09-21,FAD,16,19,22,260916,27.23,44/ 72%ile,181.17
2026-09-21,FAF,28,33,30,260918,45.88,175/ 91%ile,69.59
2026-09-21,FAN,20,19,22,260309,39.81,224/100%ile,23.35
2026-09-21,FANG,38,38,37,260918,36.92,600/ 74%ile,192.14
2026-09-21,FAS,40,35,38,260918,46.44,600/ 31%ile,161.32
2026-09-21,FAST,22,24,22,260918,30.66,600/ 83%ile,49.01
2026-09-21,FATE,67,71,112,260918,103.72,486/  6%ile,2.53
2026-09-21,FAZ,41,35,39,260918,44.87,595/ 15%ile,35.08
2026-09-21,FBIN,31,38,48,260918,42.71,583/ 54%ile,39.40
2026-09-21,FBIO,43,70,66,260918,63.22,372/  1%ile,2.51
2026-09-21,FBK,19,20,21,260918,37.07,346/ 36%ile,53.36
2026-09-21,FBL,53,85,88,260918,77.04,599/ 75%ile,27.30
2026-09-21,FBNC,19,21,23,260825,70.85,93/ 55%ile,63.38
2026-09-21,FBOT,20,22,25,260828,39.57,38/ 81%ile,38.03
2026-09-21,FBP,15,20,20,260917,33.19,53/ 64%ile,27.58
2026-09-21,FBRT,32,32,30,260918,34.67,125/ 72%ile,7.47
2026-09-21,FBRX,3.6,163,137,260730,77.59,14/ 28%ile,76.99
2026-09-21,FBT,20,22,22,260918,26.79,453/ 50%ile,268.04
2026-09-21,FBTC,45,36,38,260918,38.48,457/ 11%ile,70.66
2026-09-21,FBY,23,38,40,260601,89.27,13/100%ile,9.04
2026-09-21,FC,31,40,48,260709,62.65,35/ 74%ile,17.27
2026-09-21,FCEL,122,132,164,260918,94.38,519/ 17%ile,18.12
2026-09-21,FCF,16,18,18,260205,28.13,8/ 37%ile,21.10
2026-09-21,FCFS,49,42,38,260918,45.70,581/ 96%ile,218.99
2026-09-21,FCG,28,29,30,260918,32.07,598/ 80%ile,30.42
2026-09-21,FCLD,25,28,31,260914,29.42,25/ 12%ile,44.26
2026-09-21,FCN,23,27,33,260918,41.86,600/ 83%ile,141.18
2026-09-21,FCOM,16,21,19,260918,31.20,157/ 87%ile,71.51
2026-09-21,FCPI,11,11,12,251010,49.73,104/ 98%ile,56.55
2026-09-21,FCPT,13,20,21,260911,24.53,24/ 58%ile,22.62
2026-09-21,FCX,51,49,51,260918,46.44,600/ 68%ile,71.54
2026-09-21,FDEV,11,10,12,260203,14.48,1/100%ile,38.15
2026-09-21,FDIG,46,43,46,260909,52.82,428/ 37%ile,45.35
2026-09-21,FDIQ,22,21,20,260908,75.10,358/100%ile,71.13
2026-09-21,FDIS,17,20,20,260918,36.95,373/ 77%ile,96.47
2026-09-21,FDL,9,13,13,260212,66.26,153/100%ile,51.17
2026-09-21,FDLO,9,10,10,260918,42.57,285/ 92%ile,71.23
2026-09-21,FDMO,14,19,21,260918,23.74,414/  7%ile,94.48
2026-09-21,FDMT,51,73,77,260917,61.54,390/  0%ile,15.22
2026-09-21,FDN,17,20,21,260918,29.33,591/ 38%ile,288.04
2026-09-21,FDNI,20,24,25,260806,31.05,3/ 33%ile,25.92
2026-09-21,FDRR,11,11,11,260729,55.81,41/ 90%ile,69.37
2026-09-21,FDRS,27,29,0.0,260918,29.28,15/ 53%ile,25.16
2026-09-21,FDRV,17,21,31,260824,29.69,13/ 30%ile,16.45
2026-09-21,FDS,46,49,53,260917,49.60,410/ 73%ile,283.83
2026-09-21,FDT,16,19,24,260811,27.27,147/ 34%ile,95.14
2026-09-21,FDTX,24,35,0.0,260916,46.27,13/ 69%ile,55.72
2026-09-21,FDUS,12,21,26,260916,16.70,16/ 43%ile,19.36
2026-09-21,FDVV,10,11,11,260918,20.67,114/ 89%ile,62.04
2026-09-21,FDX,23,23,32,260918,31.44,600/ 46%ile,303.65
2026-09-21,FDXF,36,47,0.0,260918,51.23,69/ 62%ile,120.13
2026-09-21,FE,14,14,18,260918,21.85,600/ 85%ile,45.26
2026-09-21,FEIM,138,125,107,260918,82.79,182/  2%ile,85.53
2026-09-21,FELE,15,24,24,260825,25.46,96/ 10%ile,95.51
2026-09-21,FELG,15,18,18,260917,40.04,25/ 56%ile,44.40
2026-09-21,FEMS,15,17,20,251010,82.54,44/ 93%ile,44.67
2026-09-21,FENC,48,64,76,260520,65.63,146/ 31%ile,10.62
2026-09-21,FENI,11,13,16,260505,15.65,3/100%ile,40.25
2026-09-21,FENY,20,22,24,260918,31.18,449/ 93%ile,35.28
2026-09-21,FEP,11,11,16,260429,42.36,13/ 61%ile,58.65
2026-09-21,FEPI,13,21,21,260918,8.38,55/  3%ile,42.69
2026-09-21,FER,24,23,26,260916,44.48,163/ 93%ile,55.04
2026-09-21,FERG,24,31,31,260918,36.80,599/ 70%ile,214.43
2026-09-21,FESM,12,14,17,260918,37.57,24/ 41%ile,45.62
2026-09-21,FET,31,66,57,260918,57.91,378/ 51%ile,82.08
2026-09-21,FETH,52,46,51,260918,59.71,359/ 23%ile,26.26
2026-09-21,FEUZ,10,11,17,260805,36.22,124/ 32%ile,67.29
2026-09-21,FEZ,11,13,19,260918,19.00,592/ 50%ile,68.15
2026-09-21,FF,38,66,66,260918,68.91,365/ 57%ile,5.56
2026-09-21,FFAI,85,299,290,260602,215.08,242/ 86%ile,1.78
2026-09-21,FFBC,15,21,21,260918,29.08,212/ 31%ile,32.09
2026-09-21,FFEM,20,25,31,260702,48.68,7/ 28%ile,41.97
2026-09-21,FFIN,16,19,20,260603,32.89,96/ 44%ile,32.81
2026-09-21,FFIV,40,39,36,260918,41.53,600/ 74%ile,432.03
2026-09-21,FFTY,20,23,34,260828,60.28,405/ 98%ile,35.25
2026-09-21,FG,32,41,40,260918,50.08,258/ 79%ile,23.10
2026-09-21,FGM,15,14,20,260507,136.25,134/100%ile,61.56
2026-09-21,FGNX,113,102,95,260401,79.38,56/  1%ile,7.45
2026-09-21,FHB,15,19,21,260402,32.81,167/ 71%ile,25.81
2026-09-21,FHI,21,26,28,260917,64.91,291/ 76%ile,57.10
2026-09-21,FHLC,15,17,17,260810,24.54,311/ 73%ile,81.37
2026-09-21,FHN,19,21,21,260918,28.54,600/ 22%ile,23.94
2026-09-21,FHTX,56,76,78,260120,90.63,151/ 52%ile,4.14
2026-09-21,FIAT,92,72,64,260918,38.88,150/ 23%ile,15.07
2026-09-21,FIBK,16,19,23,260918,24.61,205/  1%ile,37.35
2026-09-21,FICO,74,75,61,260529,57.53,93/ 91%ile,949.68
2026-09-21,FIDU,15,16,19,260901,31.15,400/ 83%ile,89.80
2026-09-21,FIG,70,87,85,260918,71.07,281/ 14%ile,22.70
2026-09-21,FIGG,133,174,170,260918,137.64,114/  5%ile,18.17
2026-09-21,FIGR,86,83,78,260918,78.48,255/  3%ile,35.48
2026-09-21,FIGS,52,70,80,260918,64.91,587/ 65%ile,13.06
2026-09-21,FINV,83,60,56,260917,75.90,535/ 95%ile,3.30
2026-09-21,FINX,35,30,30,260918,22.99,282/  1%ile,25.76
2026-09-21,FIP,52,71,73,260918,71.30,590/ 61%ile,3.00
2026-09-21,FIRY,52,67,104,260918,72.87,600/ 34%ile,10.34
2026-09-21,FIS,32,37,37,260918,39.28,600/ 81%ile,35.62
2026-09-21,FISI,17,21,23,251224,35.91,40/ 45%ile,40.64
2026-09-21,FISV,36,39,44,260918,43.10,600/ 68%ile,47.19
2026-09-21,FITB,22,21,24,260918,25.19,600/ 18%ile,52.91
2026-09-21,FITE,28,28,31,260831,35.93,169/ 31%ile,109.69
2026-09-21,FIVA,12,12,17,260507,64.74,6/100%ile,38.94
2026-09-21,FIVE,48,39,45,260918,40.26,600/  5%ile,234.14
2026-09-21,FIVN,48,72,78,260918,63.26,600/ 49%ile,32.46
2026-09-21,FIW,12,16,17,260917,39.68,340/ 96%ile,105.14
2026-09-21,FIX,48,57,59,260429,60.56,310/ 95%ile,1650.50
2026-09-21,FIZZ,27,29,33,260910,39.05,438/ 76%ile,31.60
2026-09-21,FJET,103,92,126,260918,161.25,182/ 65%ile,1.69
2026-09-21,FJP,17,21,23,260916,38.45,265/ 89%ile,78.14
2026-09-21,FKWL,42,46,49,260918,63.75,214/ 14%ile,2.41
2026-09-21,FLBR,24,24,24,260918,44.78,55/100%ile,23.38
2026-09-21,FLD,116,150,143,260528,162.50,119/ 95%ile,0.57
2026-09-21,FLEE,10,11,0.0,260515,12.50,1/100%ile,38.47
2026-09-21,FLEX,52,63,85,260918,63.77,599/ 85%ile,108.51
2026-09-21,FLG,22,25,25,260918,30.50,600/  1%ile,12.55
2026-09-21,FLGT,26,58,53,260917,55.66,525/ 78%ile,21.69
2026-09-21,FLIN,15,13,15,260918,18.67,80/ 48%ile,34.56
2026-09-21,FLJH,13,17,18,260723,45.30,4/100%ile,45.88
2026-09-21,FLJP,14,19,20,260916,27.69,109/ 87%ile,41.25
2026-09-21,FLKR,42,59,0.0,260918,45.15,83/  3%ile,59.39
2026-09-21,FLL,72,56,77,260918,100.01,339/ 70%ile,1.90
2026-09-21,FLMX,15,16,19,260514,61.47,91/ 94%ile,35.71
2026-09-21,FLNA,137,119,102,260821,119.29,557/ 51%ile,0.72
2026-09-21,FLNC,78,83,131,260918,92.40,600/ 42%ile,7.30
2026-09-21,FLNG,26,31,30,260918,25.81,600/ 43%ile,32.42
2026-09-21,FLO,35,39,45,260918,45.14,552/ 89%ile,5.94
2026-09-21,FLQL,11,13,14,260828,30.42,46/ 60%ile,78.29
2026-09-21,FLR,37,57,59,260918,49.80,600/ 60%ile,54.90
2026-09-21,FLS,32,35,48,260918,44.28,596/ 84%ile,73.88
2026-09-21,FLUT,47,53,50,260918,48.76,599/ 70%ile,89.56
2026-09-21,FLUX,215,179,148,260224,205.00,194/100%ile,0.55
2026-09-21,FLWS,77,65,74,260918,99.89,596/ 70%ile,2.48
2026-09-21,FLY,61,77,105,260918,78.62,512/  7%ile,20.98
2026-09-21,FLYT,122,154,211,260918,161.20,54/  9%ile,4.60
2026-09-21,FLYW,31,42,53,260918,52.56,555/ 21%ile,17.34
2026-09-21,FMAG,15,16,17,251222,20.45,1/100%ile,35.42
2026-09-21,FMAO,14,34,31,260727,47.58,107/ 59%ile,35.53
2026-09-21,FMAT,15,17,20,260903,35.11,315/ 86%ile,56.92
2026-09-21,FMBH,13,20,21,260803,60.15,20/ 30%ile,49.98
2026-09-21,FMC,69,72,65,260918,67.00,600/ 75%ile,10.09
2026-09-21,FMDE,11,11,12,260515,18.31,8/ 50%ile,40.80
2026-09-21,FMET,15,18,0.0,260828,41.88,3/ 33%ile,38.45
2026-09-21,FMNB,18,21,21,260814,26.88,44/ 13%ile,15.56
2026-09-21,FMS,19,22,32,260210,41.47,67/ 80%ile,22.20
2026-09-21,FMX,20,29,27,260917,28.01,498/ 35%ile,118.72
2026-09-21,FN,49,86,84,260918,56.16,552/ 42%ile,388.83
2026-09-21,FNB,16,19,20,260911,30.14,326/ 31%ile,17.93
2026-09-21,FNCL,13,12,13,260821,14.55,474/  1%ile,79.08
2026-09-21,FND,42,47,53,260918,45.78,600/ 26%ile,47.28
2026-09-21,FNDA,11,12,14,251010,92.38,33/100%ile,35.80
2026-09-21,FNDC,11,13,15,260914,28.95,73/ 16%ile,50.43
2026-09-21,FNDE,10,11,16,260610,29.86,267/ 99%ile,42.30
2026-09-21,FNDF,12,13,17,260528,19.78,200/ 91%ile,54.70
2026-09-21,FNDX,9,9,10,260520,18.15,166/ 40%ile,32.10
2026-09-21,FNF,20,31,28,260918,30.35,593/ 74%ile,42.50
2026-09-21,FNGG,30,40,47,260918,40.99,476/ 13%ile,266.67
2026-09-21,FNGR,557,382,301,260605,191.23,496/ 82%ile,0.14
2026-09-21,FNGS,15,22,25,260918,31.61,600/ 52%ile,80.77
2026-09-21,FNKO,66,66,64,260918,91.25,592/ 51%ile,5.38
2026-09-21,FNV,32,36,39,260918,38.34,600/ 67%ile,265.93
2026-09-21,FNX,10,11,14,260904,20.85,400/  1%ile,139.05
2026-09-21,FNY,16,19,22,260918,29.41,555/ 55%ile,99.53
2026-09-21,FOA,27,41,51,260824,49.01,407/  5%ile,14.01
2026-09-21,FOCL,36,69,59,260918,67.71,231/ 33%ile,4.15
2026-09-21,FOR,21,30,31,260901,119.41,263/100%ile,26.02
2026-09-21,FORM,74,100,103,260918,70.64,565/ 66%ile,118.38
2026-09-21,FORR,32,60,59,260211,135.78,86/100%ile,11.99
2026-09-21,FOSL,64,74,68,260918,87.86,534/  5%ile,5.47
2026-09-21,FOTO,54,77,0.0,260918,39.74,86/  1%ile,17.69
2026-09-21,FOUR,62,80,75,260918,62.11,600/ 73%ile,38.99
2026-09-21,FOX,32,33,44,260918,38.35,465/ 84%ile,57.74
2026-09-21,FOXA,33,33,46,260918,36.91,598/ 85%ile,64.45
2026-09-21,FOXF,37,51,51,260909,148.13,418/100%ile,18.77
2026-09-21,FPH,25,28,31,260918,41.88,369/  1%ile,4.92
2026-09-21,FPI,18,20,24,260917,26.97,201/ 30%ile,10.87
2026-09-21,FPS,89,89,87,260918,68.03,151/  0%ile,39.49
2026-09-21,FPX,18,28,29,260917,29.48,42/ 61%ile,179.49
2026-09-21,FPXI,21,34,39,251104,77.35,311/100%ile,56.43
2026-09-21,FQAL,9,10,10,260918,27.47,268/ 14%ile,83.43
2026-09-21,FR,12,16,19,260909,120.77,259/100%ile,61.80
2026-09-21,FRDM,24,32,39,260916,44.81,145/ 80%ile,70.20
2026-09-21,FREL,10,12,15,250925,19.66,94/ 94%ile,27.96
2026-09-21,FRHC,51,51,59,260918,34.28,518/  7%ile,164.48
2026-09-21,FRME,16,21,22,260416,30.35,74/ 77%ile,40.87
2026-09-21,FRMI,91,117,114,260918,102.79,241/  0%ile,5.00
2026-09-21,FRMM,71,77,96,260918,123.55,244/ 52%ile,4.66
2026-09-21,FRNW,22,23,29,260611,41.32,89/ 71%ile,21.79
2026-09-21,FRO,36,38,42,260917,44.50,599/ 58%ile,51.40
2026-09-21,FROG,68,66,71,260918,71.71,600/ 79%ile,92.81
2026-09-21,FRPT,27,50,53,260918,53.87,600/ 41%ile,61.44
2026-09-21,FRSH,46,51,52,260918,55.87,600/ 47%ile,12.25
2026-09-21,FRST,19,21,24,260604,36.76,8/100%ile,15.91
2026-09-21,FRT,11,14,17,260918,12.02,553/  0%ile,110.91
2026-09-21,FRVO,132,140,0.0,260918,102.38,86/ 36%ile,16.92
2026-09-21,FSBC,16,19,20,260916,28.52,36/  8%ile,44.47
2026-09-21,FSK,24,37,34,260918,45.63,184/ 91%ile,11.29
2026-09-21,FSLR,45,49,57,260918,52.89,600/ 30%ile,195.87
2026-09-21,FSLY,82,91,116,260918,87.30,600/ 63%ile,23.86
2026-09-21,FSM,41,52,55,260918,58.57,600/ 60%ile,11.95
2026-09-21,FSMD,10,13,15,251010,59.38,32/ 90%ile,49.78
2026-09-21,FSOL,71,52,60,260918,58.03,179/ 11%ile,13.47
2026-09-21,FSS,25,38,41,260918,44.79,568/ 88%ile,113.83
2026-09-21,FSTA,15,16,16,260824,15.28,284/ 62%ile,51.83
2026-09-21,FSTR,20,26,43,260827,36.72,93/  1%ile,37.41
2026-09-21,FSV,26,33,34,260918,39.57,145/ 91%ile,129.11
2026-09-21,FSZ,12,13,15,260127,21.89,213/ 10%ile,78.10
2026-09-21,FTA,10,11,11,260729,22.09,308/  0%ile,99.06
2026-09-21,FTAG,16,14,14,260630,23.75,14/ 35%ile,30.11
2026-09-21,FTAI,66,66,72,260918,58.49,580/ 51%ile,190.74
2026-09-21,FTCI,79,98,112,260918,142.50,326/ 87%ile,2.32
2026-09-21,FTCS,11,12,12,260518,26.33,113/ 63%ile,97.97
2026-09-21,FTDR,20,49,47,260918,47.78,596/ 70%ile,78.29
2026-09-21,FTEC,20,25,28,260918,24.43,592/ 11%ile,291.74
2026-09-21,FTEK,84,83,101,260918,137.78,255/ 77%ile,1.76
2026-09-21,FTHI,9,9,0.0,260618,9.38,1/100%ile,23.85
2026-09-21,FTHM,138,117,166,251027,177.50,113/ 92%ile,0.53
2026-09-21,FTI,31,35,35,260918,35.77,600/ 35%ile,72.02
2026-09-21,FTK,68,108,90,260918,80.10,546/ 76%ile,31.40
2026-09-21,FTNT,58,47,52,260918,52.17,600/ 80%ile,169.84
2026-09-21,FTRE,58,57,65,260918,82.12,512/ 50%ile,19.93
2026-09-21,FTRI,19,18,20,260401,23.95,4/ 50%ile,17.97
2026-09-21,FTS,15,14,16,260918,22.05,412/ 64%ile,54.10
2026-09-21,FTV,24,28,26,260918,45.25,563/ 95%ile,55.00
2026-09-21,FTW,33,24,0.0,260622,20.63,8/ 37%ile,10.10
2026-09-21,FTXG,12,16,16,260326,21.88,1/100%ile,22.24
2026-09-21,FTXH,17,0.0,0.0,260720,81.62,1/100%ile,41.09
2026-09-21,FTXL,39,52,60,260918,40.25,578/ 46%ile,237.33
2026-09-21,FTXN,22,26,27,260903,40.31,23/ 69%ile,40.26
2026-09-21,FTXO,16,16,18,260827,20.66,117/  1%ile,40.59
2026-09-21,FTXR,16,17,21,260805,56.31,37/ 83%ile,42.11
2026-09-21,FUBO,71,78,87,260918,79.07,599/ 13%ile,10.04
2026-09-21,FUL,18,31,35,260918,42.85,142/ 90%ile,49.41
2026-09-21,FULC,12,29,124,260818,23.13,492/  0%ile,3.76
2026-09-21,FULT,15,18,21,260903,23.28,256/  1%ile,23.40
2026-09-21,FUN,64,70,71,260918,69.96,598/ 63%ile,12.22
2026-09-21,FUTG,128,104,178,260918,96.31,98/ 20%ile,4.16
2026-09-21,FUTU,59,50,80,260918,45.54,600/  5%ile,112.00
2026-09-21,FUTY,15,13,15,260825,15.78,325/ 36%ile,52.73
2026-09-21,FV,15,18,20,260911,31.18,194/ 47%ile,72.63
2026-09-21,FVAL,10,11,11,260918,34.58,186/ 70%ile,81.73
2026-09-21,FVD,8,10,11,251215,13.06,211/ 27%ile,49.25
2026-09-21,FVRR,28,67,66,260918,61.34,600/ 62%ile,8.50
2026-09-21,FWDI,112,93,99,260918,103.98,218/ 53%ile,7.70
2026-09-21,FWONA,19,25,25,260918,29.69,243/ 12%ile,85.74
2026-09-21,FWONK,19,25,26,260918,34.01,575/ 32%ile,94.54
2026-09-21,FWRD,55,81,129,260918,80.22,595/ 51%ile,14.83
2026-09-21,FWRG,51,47,50,260918,62.52,500/ 78%ile,10.18
2026-09-21,FXA,6,6,7,260918,7.73,357/  1%ile,70.59
2026-09-21,FXB,4.4,5,6,260918,5.79,476/  6%ile,128.88
2026-09-21,FXC,4.9,4.5,4.4,260918,13.31,287/ 55%ile,69.80
2026-09-21,FXD,19,19,20,260803,39.14,161/ 98%ile,70.92
2026-09-21,FXE,3.9,4.5,4.8,260918,7.01,597/ 16%ile,105.99
2026-09-21,FXF,5,8,7,260918,8.91,593/  1%ile,107.15
2026-09-21,FXG,12,15,16,251003,17.65,324/ 54%ile,61.11
2026-09-21,FXH,13,15,16,260918,32.43,564/ 89%ile,130.60
2026-09-21,FXI,16,17,19,260918,23.02,600/ 15%ile,34.32
2026-09-21,FXN,23,25,25,260818,27.58,23/ 30%ile,23.33
2026-09-21,FXO,13,12,13,260916,43.02,124/ 67%ile,63.75
2026-09-21,FXP,26,35,40,260918,41.56,513/  8%ile,21.74
2026-09-21,FXR,15,16,19,260828,49.15,314/100%ile,83.30
2026-09-21,FXU,15,13,15,260420,38.70,89/100%ile,45.51
2026-09-21,FXY,11,11,9,260918,10.90,600/  6%ile,58.49
2026-09-21,FXZ,22,23,24,260810,29.57,250/ 62%ile,81.43
2026-09-21,FYC,14,17,20,260918,26.90,545/ 26%ile,117.02
2026-09-21,FYLD,8,10,12,260120,15.46,73/ 61%ile,40.38
2026-09-21,FYT,9,13,14,260819,54.77,293/ 97%ile,69.06
2026-09-21,FYX,10,12,14,260828,30.89,72/ 38%ile,137.61
2026-09-21,G,32,41,42,260918,38.57,549/ 67%ile,34.14
2026-09-21,GABC,13,19,19,260831,24.00,46/ 30%ile,49.13
2026-09-21,GAIA,74,113,98,251027,72.17,147/ 73%ile,1.32
2026-09-21,GAIN,11,19,25,260825,22.81,52/ 40%ile,15.86
2026-09-21,GAL,6,8,10,260421,74.07,34/ 94%ile,53.01
2026-09-21,GALT,72,97,98,260918,116.66,512/ 34%ile,3.89
2026-09-21,GAMR,11,16,22,260918,52.02,406/ 98%ile,97.24
2026-09-21,GANX,63,84,84,260918,107.70,318/  5%ile,1.76
2026-09-21,GAP,61,46,51,260918,38.23,600/  2%ile,20.54
2026-09-21,GASS,27,29,35,260918,33.84,470/  0%ile,9.46
2026-09-21,GATX,14,17,25,260918,39.39,427/ 91%ile,177.89
2026-09-21,GAU,62,66,70,260918,84.14,373/ 55%ile,2.13
2026-09-21,GBCI,16,22,24,260916,34.38,234/ 37%ile,44.67
2026-09-21,GBDC,18,20,21,260918,20.66,21/ 57%ile,12.54
2026-09-21,GBFH,28,87,68,260917,52.16,99/ 26%ile,18.92
2026-09-21,GBTC,45,36,38,260918,38.39,457/  9%ile,62.83
2026-09-21,GBTG,0.0,5,75,260515,41.88,221/  1%ile,9.46
2026-09-21,GBUG,43,51,54,260918,45.59,129/ 24%ile,49.93
2026-09-21,GBX,29,32,28,260918,39.39,598/ 39%ile,41.82
2026-09-21,GCO,47,41,51,260918,71.02,501/ 62%ile,32.76
2026-09-21,GCOR,4.5,4.4,4.5,260302,109.32,36/ 83%ile,39.90
2026-09-21,GCT,50,55,54,260918,61.36,600/  9%ile,52.86
2026-09-21,GCTS,49,88,0.0,260918,124.34,76/ 10%ile,2.08
2026-09-21,GD,16,17,24,260918,22.63,600/ 52%ile,353.05
2026-09-21,GDDY,52,69,59,260918,48.32,600/ 75%ile,97.46
2026-09-21,GDE,27,28,30,260908,55.23,167/ 98%ile,66.78
2026-09-21,GDOC,11,21,25,260917,51.74,116/ 92%ile,36.99
2026-09-21,GDOG,72,52,54,260918,69.06,47/ 17%ile,10.34
2026-09-21,GDOT,15,14,17,260811,43.13,406/  2%ile,13.17
2026-09-21,GDRX,29,52,60,260918,83.47,583/ 72%ile,3.38
2026-09-21,GDS,37,43,53,260918,55.23,600/  3%ile,32.79
2026-09-21,GDX,41,48,51,260918,43.53,600/ 68%ile,95.55
2026-09-21,GDXJ,46,53,57,260918,49.36,600/ 69%ile,124.45
2026-09-21,GDXW,54,59,62,260917,45.30,33/ 36%ile,42.78
2026-09-21,GDXY,32,39,40,260827,41.01,69/100%ile,10.88
2026-09-21,GDYN,31,43,56,260918,62.15,507/ 52%ile,7.59
2026-09-21,GE,29,31,33,260918,31.71,600/ 51%ile,313.93
2026-09-21,GEF,21,26,26,260918,35.17,464/ 76%ile,82.71
2026-09-21,GEHC,17,41,42,260918,33.17,600/ 60%ile,64.11
2026-09-21,GEL,23,24,27,260918,29.43,364/ 13%ile,14.65
2026-09-21,GEM,18,23,29,260818,53.88,17/100%ile,51.26
2026-09-21,GEMG,198,174,175,260918,187.50,51/ 17%ile,12.03
2026-09-21,GEMI,98,85,87,260918,104.10,254/ 33%ile,5.80
2026-09-21,GEN,32,32,40,260918,39.11,600/ 81%ile,29.01
2026-09-21,GENC,25,48,41,260915,52.50,284/ 90%ile,17.33
2026-09-21,GENI,54,70,78,260918,71.80,600/ 76%ile,5.64
2026-09-21,GENZ,22,25,23,260918,30.72,129/ 38%ile,37.47
2026-09-21,GEO,31,30,45,260918,49.14,600/  9%ile,31.74
2026-09-21,GEOS,41,69,68,260918,93.18,452/ 54%ile,5.10
2026-09-21,GERN,87,97,86,260918,128.07,596/ 88%ile,1.30
2026-09-21,GETY,0.0,268,239,260724,195.54,535/ 96%ile,0.23
2026-09-21,GEV,50,53,54,260918,45.70,570/ 20%ile,940.01
2026-09-21,GEVG,103,108,110,260918,82.61,90/  1%ile,21.40
2026-09-21,GEVO,84,88,82,260918,99.13,546/ 25%ile,1.57
2026-09-21,GEVX,101,107,110,260918,93.06,175/ 22%ile,16.90
2026-09-21,GFF,25,39,41,260917,45.52,230/ 62%ile,93.22
2026-09-21,GFI,50,53,58,260918,45.36,600/ 31%ile,42.49
2026-09-21,GFL,35,29,31,260918,49.50,547/ 97%ile,42.53
2026-09-21,GFS,47,59,71,260918,57.90,600/ 75%ile,47.84
2026-09-21,GFUZ,73,0.0,0.0,260917,88.13,26/ 23%ile,7.95
2026-09-21,GGAL,30,44,49,260918,51.54,595/ 30%ile,41.76
2026-09-21,GGB,40,37,41,260918,40.00,220/ 46%ile,4.94
2026-09-21,GGG,15,23,21,260918,39.10,198/ 88%ile,76.26
2026-09-21,GGLL,47,74,73,260918,59.24,600/ 45%ile,103.44
2026-09-21,GGLS,24,37,40,260918,33.14,200/ 26%ile,57.70
2026-09-21,GGME,12,15,20,260918,44.25,193/ 81%ile,64.93
2026-09-21,GGR,141,121,88,260918,80.83,200/  1%ile,2.82
2026-09-21,GH,47,48,56,260918,53.50,600/  4%ile,179.38
2026-09-21,GHI,31,44,44,260821,59.40,37/ 89%ile,5.97
2026-09-21,GHM,50,59,60,260918,64.67,177/ 68%ile,84.04
2026-09-21,GHRS,33,45,55,260720,79.19,27/ 14%ile,28.26
2026-09-21,GIB,30,33,37,260918,42.28,122/ 93%ile,69.37
2026-09-21,GIC,16,22,28,260903,35.95,77/ 88%ile,40.38
2026-09-21,GIGB,6,5,5.0,260501,4.84,269/ 26%ile,45.29
2026-09-21,GII,10,8,12,260811,25.53,94/ 17%ile,71.81
2026-09-21,GIII,49,37,37,260918,51.93,559/ 47%ile,27.57
2026-09-21,GIL,33,36,51,260918,38.47,576/ 69%ile,46.87
2026-09-21,GILD,24,27,28,260918,29.76,600/ 62%ile,149.99
2026-09-21,GILT,39,47,75,260918,63.93,525/ 69%ile,9.82
2026-09-21,GINN,14,14,15,260828,60.29,70/ 80%ile,81.47
2026-09-21,GIS,27,31,32,260918,34.24,600/ 95%ile,36.33
2026-09-21,GK,10,15,20,251010,58.45,1/100%ile,28.71
2026-09-21,GKOS,36,36,57,260918,52.89,594/ 42%ile,163.81
2026-09-21,GL,16,25,23,260918,30.51,600/ 31%ile,173.42
2026-09-21,GLAD,14,20,23,260917,21.56,231/ 32%ile,19.31
2026-09-21,GLAS,58,0.0,0.0,260918,75.90,45/  4%ile,7.97
2026-09-21,GLBE,41,41,48,260918,50.86,599/ 34%ile,38.04
2026-09-21,GLBS,61,63,70,260918,75.10,97/ 12%ile,3.92
2026-09-21,GLD,25,25,25,260918,20.62,600/ 55%ile,401.23
2026-09-21,GLDW,30,31,31,260421,46.02,11/ 63%ile,42.38
2026-09-21,GLGG,173,200,185,260918,146.14,56/  1%ile,4.90
2026-09-21,GLIBK,21,33,53,260814,52.50,111/ 94%ile,23.79
2026-09-21,GLIN,16,15,18,260811,38.14,311/ 78%ile,44.61
2026-09-21,GLL,49,50,50,260918,45.90,519/ 66%ile,22.52
2026-09-21,GLND,93,161,0.0,260918,126.25,72/ 11%ile,1.20
2026-09-21,GLNG,24,22,25,260918,33.44,600/ 11%ile,51.79
2026-09-21,GLNK,66,50,55,260918,83.12,194/ 31%ile,10.97
2026-09-21,GLOB,49,60,67,260918,66.67,600/ 67%ile,35.65
2026-09-21,GLOO,120,0.0,0.0,260918,105.86,37/ 83%ile,4.91
2026-09-21,GLP,19,20,30,260909,26.44,141/ 14%ile,48.98
2026-09-21,GLPI,18,21,21,260918,23.36,577/ 96%ile,39.59
2026-09-21,GLRE,15,29,28,260428,28.59,43/ 13%ile,15.03
2026-09-21,GLUE,55,88,76,260910,129.49,317/ 88%ile,12.13
2026-09-21,GLW,70,81,93,260918,59.13,600/ 76%ile,150.12
2026-09-21,GLWG,144,166,0.0,260918,111.85,57/ 10%ile,12.73
2026-09-21,GLXU,165,198,184,260918,148.40,70/  2%ile,5.76
2026-09-21,GLXY,82,97,92,260918,87.95,333/ 26%ile,24.68
2026-09-21,GM,27,31,33,260918,35.45,600/ 62%ile,82.20
2026-09-21,GMAB,32,29,34,260918,55.46,294/ 89%ile,34.74
2026-09-21,GME,30,41,42,260918,50.12,599/ 20%ile,22.62
2026-09-21,GMED,27,34,40,260918,33.08,598/ 20%ile,74.08
2026-09-21,GMEU,63,85,85,260918,97.52,335/ 36%ile,7.79
2026-09-21,GNE,16,22,27,260818,39.57,278/ 27%ile,16.03
2026-09-21,GNK,37,39,36,260918,33.98,352/ 67%ile,27.96
2026-09-21,GNL,15,29,25,260811,25.94,274/ 58%ile,8.77
2026-09-21,GNLX,52,63,63,251023,115.44,3/ 33%ile,2.53
2026-09-21,GNOM,35,42,36,260918,36.87,196/ 58%ile,66.40
2026-09-21,GNR,17,16,17,260917,20.41,264/ 50%ile,77.23
2026-09-21,GNSS,77,76,71,260908,110.00,310/ 80%ile,1.53
2026-09-21,GNTX,23,27,27,260918,31.51,515/ 79%ile,22.24
2026-09-21,GNW,26,22,21,260918,32.01,593/ 48%ile,10.05
2026-09-21,GO,42,40,43,260918,59.35,597/ 65%ile,11.27
2026-09-21,GOAU,40,47,50,260911,56.06,131/ 79%ile,47.15
2026-09-21,GOEX,46,52,54,260918,83.22,133/ 91%ile,88.04
2026-09-21,GOGO,75,89,83,260918,86.99,599/ 81%ile,2.43
2026-09-21,GOLD,63,57,51,260918,50.43,597/ 49%ile,45.46
2026-09-21,GOLF,20,30,36,260918,28.39,289/  2%ile,80.55
2026-09-21,GOLY,28,28,28,260918,25.56,38/ 21%ile,26.24
2026-09-21,GOOD,13,23,24,260918,20.94,56/ 53%ile,12.61
2026-09-21,GOOG,22,36,36,260918,32.74,600/ 61%ile,344.22
2026-09-21,GOOGL,24,37,37,260918,31.36,600/ 50%ile,349.02
2026-09-21,GOOP,27,36,0.0,260820,25.48,6/ 50%ile,36.30
2026-09-21,GOOS,41,37,39,260918,49.37,598/ 32%ile,7.46
2026-09-21,GOOW,29,43,44,260828,31.96,33/ 21%ile,61.66
2026-09-21,GOOX,44,71,72,260918,67.17,380/ 48%ile,72.69
2026-09-21,GOOY,21,32,31,260917,23.48,33/ 60%ile,12.17
2026-09-21,GOP,12,14,16,260629,22.97,169/ 98%ile,44.35
2026-09-21,GORO,89,307,226,260717,107.50,243/ 17%ile,3.64
2026-09-21,GOSS,362,318,302,260501,158.64,370/ 51%ile,10.73
2026-09-21,GOTU,70,66,66,260918,69.26,597/ 13%ile,2.16
2026-09-21,GOVZ,15,17,17,260127,21.09,36/ 11%ile,33.39
2026-09-21,GPC,20,27,35,260918,32.98,600/ 80%ile,128.08
2026-09-21,GPCR,71,60,56,260918,69.26,572/  3%ile,35.00
2026-09-21,GPGI,53,58,77,260918,60.83,553/ 70%ile,11.98
2026-09-21,GPI,46,63,52,260911,44.53,540/ 89%ile,246.42
2026-09-21,GPIQ,13,17,20,260918,10.39,311/ 14%ile,56.86
2026-09-21,GPIX,10,10,11,260917,7.35,174/  3%ile,55.72
2026-09-21,GPK,39,41,48,260918,49.79,509/ 82%ile,9.31
2026-09-21,GPMT,106,94,82,260302,90.94,283/ 94%ile,0.85
2026-09-21,GPN,27,38,40,260918,41.72,600/ 62%ile,85.06
2026-09-21,GPOR,35,34,32,260918,39.56,307/ 41%ile,159.70
2026-09-21,GPRE,49,61,55,260918,58.37,600/ 13%ile,15.15
2026-09-21,GPRK,53,45,49,260918,49.92,450/ 54%ile,11.04
2026-09-21,GPRO,256,188,153,260918,82.68,448/  9%ile,1.30
2026-09-21,GPT,18,17,19,260902,20.25,30/ 56%ile,34.10
2026-09-21,GPTY,24,29,31,260805,124.49,37/100%ile,42.67
2026-09-21,GPZ,23,28,28,260814,29.54,45/ 17%ile,22.43
2026-09-21,GRAB,41,45,44,260918,63.74,599/ 94%ile,2.80
2026-09-21,GRAL,50,74,72,260918,118.27,551/ 96%ile,80.77
2026-09-21,GRBK,21,27,32,260917,50.38,553/ 90%ile,66.21
2026-09-21,GRC,22,27,33,260831,45.90,19/ 84%ile,73.25
2026-09-21,GRCE,55,48,56,260918,140.00,62/ 69%ile,2.11
2026-09-21,GRDN,40,45,41,260918,45.51,95/  5%ile,44.99
2026-09-21,GREK,14,18,23,260918,27.06,472/ 41%ile,85.09
2026-09-21,GRFS,24,35,34,260911,40.19,498/ 10%ile,7.31
2026-09-21,GRID,24,26,29,260918,26.79,504/ 63%ile,178.25
2026-09-21,GRMN,21,43,36,260918,38.14,600/ 87%ile,274.06
2026-09-21,GRN,18,23,22,260916,25.30,115/ 17%ile,34.59
2026-09-21,GRND,30,37,48,260918,46.89,596/ 28%ile,15.40
2026-09-21,GRNT,34,38,45,260918,40.00,135/ 59%ile,4.90
2026-09-21,GRNY,18,15,17,260918,21.72,456/  3%ile,27.88
2026-09-21,GRO,62,57,0.0,260918,119.67,60/ 91%ile,2.41
2026-09-21,GROW,49,46,46,260909,80.83,165/ 86%ile,3.06
2026-09-21,GROY,38,46,50,260918,63.02,439/ 45%ile,3.34
2026-09-21,GRPM,12,14,14,260810,29.00,404/ 61%ile,138.71
2026-09-21,GRPN,37,67,80,260918,66.70,600/ 11%ile,19.08
2026-09-21,GRRR,82,111,100,260918,85.16,494/ 11%ile,12.89
2026-09-21,GRSD,68,93,117,260909,103.13,518/ 90%ile,1.63
2026-09-21,GRWG,38,72,81,260915,92.79,492/ 20%ile,1.57
2026-09-21,GS,32,38,36,260918,32.94,600/ 77%ile,942.00
2026-09-21,GSAT,7,13,12,260918,23.25,539/ 18%ile,82.84
2026-09-21,GSBC,13,16,19,260910,28.96,172/ 55%ile,78.91
2026-09-21,GSBD,23,29,30,260918,18.59,108/ 36%ile,9.70
2026-09-21,GSEU,9,10,15,260828,35.06,23/ 17%ile,48.44
2026-09-21,GSEW,10,10,11,260916,17.13,53/ 43%ile,94.56
2026-09-21,GSG,22,26,26,260918,34.70,596/ 92%ile,36.32
2026-09-21,GSHD,55,72,71,260918,69.55,548/ 75%ile,54.55
2026-09-21,GSIE,11,11,14,250930,15.27,122/ 13%ile,46.85
2026-09-21,GSIT,61,82,105,260918,83.75,577/  0%ile,5.33
2026-09-21,GSK,25,26,27,260918,28.00,600/ 68%ile,50.22
2026-09-21,GSKH,24,26,0.0,260917,67.62,2/100%ile,70.43
2026-09-21,GSL,22,24,28,260918,27.47,600/ 37%ile,45.84
2026-09-21,GSLC,10,11,12,260915,21.54,291/ 41%ile,145.44
2026-09-21,GSM,63,74,69,260918,100.97,596/ 99%ile,4.18
2026-09-21,GSOL,72,54,62,260918,59.48,202/  9%ile,8.67
2026-09-21,GSUS,10,12,13,260918,22.42,205/  7%ile,105.70
2026-09-21,GSWO,10,11,12,260908,25.56,14/  7%ile,65.02
2026-09-21,GT,46,48,50,260918,61.29,600/ 83%ile,5.04
2026-09-21,GTE,45,95,81,260918,66.57,568/ 65%ile,10.30
2026-09-21,GTEK,23,34,37,260918,50.38,283/ 94%ile,56.59
2026-09-21,GTES,29,39,41,260918,39.04,559/ 51%ile,25.61
2026-09-21,GTIM,0.0,50,48,251024,71.97,53/ 75%ile,1.54
2026-09-21,GTLB,57,58,62,260918,54.19,600/ 28%ile,49.23
2026-09-21,GTM,70,78,102,260918,77.37,600/ 80%ile,3.82
2026-09-21,GTN,38,73,72,260918,67.71,565/ 74%ile,4.44
2026-09-21,GTPE,11,14,18,260917,38.38,33/ 87%ile,60.32
2026-09-21,GTX,35,36,56,260918,48.82,584/ 81%ile,26.27
2026-09-21,GTY,18,21,19,260831,36.06,182/ 96%ile,29.64
2026-09-21,GUNR,16,15,16,260918,35.82,208/ 93%ile,55.09
2026-09-21,GURU,12,15,16,260811,39.00,238/ 90%ile,67.43
2026-09-21,GUSH,50,58,61,260918,64.75,600/ 78%ile,45.69
2026-09-21,GVA,26,45,43,260918,40.49,598/ 69%ile,115.97
2026-09-21,GVI,3.1,2.7,2.8,260918,2.74,574/ 26%ile,103.81
2026-09-21,GVIP,13,24,28,260910,46.95,219/ 97%ile,169.44
2026-09-21,GWRE,100,80,76,260918,53.35,599/ 70%ile,144.29
2026-09-21,GWRS,30,46,43,260918,37.66,140/ 40%ile,8.50
2026-09-21,GWW,21,23,23,260807,23.63,398/ 57%ile,1266.61
2026-09-21,GWX,13,16,19,260908,80.84,131/100%ile,46.06
2026-09-21,GXC,12,15,18,260918,25.50,411/ 10%ile,88.13
2026-09-21,GXDW,23,34,38,251110,27.27,10/ 40%ile,24.58
2026-09-21,GXLC,11,0.0,0.0,260918,27.42,20/ 50%ile,91.60
2026-09-21,GXO,29,40,51,260918,43.18,600/ 78%ile,45.92
2026-09-21,GXPE,19,0.0,0.0,260806,28.79,2/100%ile,37.42
2026-09-21,GXRP,103,70,64,260918,60.09,198/  4%ile,27.38
2026-09-21,GYRE,44,45,55,251106,78.97,8/ 37%ile,7.55
2026-09-21,H,25,30,31,260918,35.84,600/ 50%ile,155.04
2026-09-21,HACK,48,40,36,260918,33.59,600/ 80%ile,118.46
2026-09-21,HAE,20,42,44,260918,48.17,593/ 57%ile,108.40
2026-09-21,HAFN,42,35,40,260918,34.01,218/ 18%ile,10.12
2026-09-21,HAIL,23,27,35,260624,43.57,43/ 44%ile,34.42
2026-09-21,HAIN,156,188,177,260914,144.52,492/ 94%ile,0.56
2026-09-21,HAL,32,34,34,260918,38.06,600/ 61%ile,33.63
2026-09-21,HALO,21,48,41,260918,32.00,600/  1%ile,112.45
2026-09-21,HAP,16,14,16,260810,20.35,262/  8%ile,76.00
2026-09-21,HAPN,33,41,45,260918,56.33,600/ 54%ile,16.18
2026-09-21,HARD,38,35,31,260811,28.99,3/100%ile,35.70
2026-09-21,HAS,19,32,32,260918,38.61,600/ 91%ile,87.57
2026-09-21,HASI,27,27,27,260918,32.14,597/ 10%ile,36.73
2026-09-21,HAWK,57,72,0.0,260918,79.07,79/ 18%ile,16.30
2026-09-21,HAYW,22,33,36,260918,42.16,416/ 61%ile,12.99
2026-09-21,HBAN,25,25,26,260918,28.54,600/ 69%ile,15.88
2026-09-21,HBB,31,58,54,260910,70.31,30/ 93%ile,31.64
2026-09-21,HBCP,15,19,20,260817,49.10,34/ 35%ile,68.57
2026-09-21,HBIO,31,42,64,260213,220.00,134/100%ile,6.11
2026-09-21,HBM,60,60,70,260918,56.39,600/ 58%ile,26.90
2026-09-21,HBMX,44,69,0.0,260917,53.29,58/ 13%ile,23.40
2026-09-21,HBNC,13,17,22,260211,32.50,83/ 53%ile,19.48
2026-09-21,HBR,57,47,45,260918,49.85,57/ 12%ile,10.81
2026-09-21,HBT,13,22,23,260918,25.47,152/ 21%ile,36.01
2026-09-21,HCA,32,38,34,260918,31.98,600/ 58%ile,427.71
2026-09-21,HCAT,67,82,109,260918,90.94,435/ 68%ile,1.79
2026-09-21,HCC,37,40,52,260918,50.68,600/ 49%ile,87.93
2026-09-21,HCI,11,23,25,260918,33.46,547/  3%ile,187.67
2026-09-21,HCKT,32,50,72,260821,49.87,63/ 76%ile,10.38
2026-09-21,HCM,70,54,46,260417,44.78,12/ 16%ile,13.67
2026-09-21,HCSG,15,30,30,260831,43.13,148/ 11%ile,21.47
2026-09-21,HD,19,24,27,260918,26.34,600/ 63%ile,299.97
2026-09-21,HDB,35,35,33,260918,35.68,597/ 97%ile,23.16
2026-09-21,HDEF,10,9,12,260519,13.11,52/ 21%ile,34.33
2026-09-21,HDGE,17,23,22,260813,29.38,181/ 90%ile,14.97
2026-09-21,HDSN,38,53,58,260918,57.50,546/ 71%ile,5.16
2026-09-21,HDV,9,12,13,260918,13.13,579/  6%ile,28.75
2026-09-21,HE,21,23,27,260918,38.59,600/  7%ile,9.80
2026-09-21,HEAL,20,23,23,260811,32.25,27/ 81%ile,29.50
2026-09-21,HEDJ,10,11,15,260831,48.16,100/ 73%ile,55.51
2026-09-21,HEEM,16,23,28,251017,39.99,77/ 64%ile,42.40
2026-09-21,HEI,24,24,34,260918,34.00,599/ 62%ile,298.22
2026-09-21,HELE,43,51,55,260918,72.23,587/ 52%ile,26.84
2026-09-21,HELP,74,88,84,260918,144.07,392/ 92%ile,12.37
2026-09-21,HELX,21,21,24,260709,146.80,13/100%ile,43.16
2026-09-21,HEPS,29,44,44,260918,76.25,136/ 39%ile,2.50
2026-09-21,HERO,19,24,21,260910,23.97,220/ 20%ile,26.98
2026-09-21,HESM,19,19,22,260918,19.62,596/ 25%ile,40.16
2026-09-21,HEWJ,13,18,20,260914,44.90,151/ 97%ile,64.63
2026-09-21,HEZU,11,12,16,260811,43.09,301/ 98%ile,48.36
2026-09-21,HFFG,62,77,81,260817,137.50,319/ 96%ile,1.60
2026-09-21,HG,16,23,26,260918,30.81,431/  3%ile,34.96
2026-09-21,HGER,12,16,17,260918,17.66,25/ 24%ile,35.97
2026-09-21,HGTY,20,41,38,260915,50.85,128/ 86%ile,13.94
2026-09-21,HGV,25,43,43,260918,54.32,439/ 88%ile,35.59
2026-09-21,HHH,18,24,26,260918,33.47,541/ 51%ile,60.22
2026-09-21,HIBL,79,88,96,260918,84.75,333/ 81%ile,103.43
2026-09-21,HIBS,80,91,96,260917,71.36,383/ 28%ile,18.79
2026-09-21,HIG,18,20,21,260918,28.75,600/ 93%ile,131.89
2026-09-21,HII,19,41,40,260918,38.98,600/ 71%ile,272.86
2026-09-21,HIMS,65,90,87,260918,69.25,600/  9%ile,27.99
2026-09-21,HIMX,52,65,97,260918,58.36,600/ 53%ile,14.02
2026-09-21,HIMZ,139,183,177,260918,135.38,327/ 12%ile,24.85
2026-09-21,HIPO,23,34,37,260918,71.30,399/ 62%ile,31.24
2026-09-21,HITI,63,57,56,260918,56.55,575/  1%ile,2.58
2026-09-21,HIVE,97,102,110,260918,89.17,600/  2%ile,3.41
2026-09-21,HIW,17,22,26,260831,32.09,365/ 61%ile,30.42
2026-09-21,HIYY,51,0.0,0.0,260810,44.51,5/ 60%ile,11.39
2026-09-21,HL,56,66,69,260918,60.31,600/ 50%ile,18.94
2026-09-21,HLF,58,56,53,260918,70.96,600/ 46%ile,11.89
2026-09-21,HLI,22,38,34,260918,44.47,464/ 93%ile,130.55
2026-09-21,HLIO,33,30,42,260911,45.02,160/ 30%ile,69.29
2026-09-21,HLIT,41,54,69,260918,75.35,553/ 84%ile,11.10
2026-09-21,HLLY,65,57,69,260918,81.67,345/ 64%ile,2.54
2026-09-21,HLMN,36,49,43,260918,51.20,236/ 88%ile,7.13
2026-09-21,HLN,24,23,25,260918,29.78,333/ 76%ile,9.28
2026-09-21,HLNE,33,42,44,260918,46.58,278/ 55%ile,87.74
2026-09-21,HLT,17,23,24,260918,32.40,600/ 76%ile,305.73
2026-09-21,HMC,31,28,32,260918,24.89,598/ 24%ile,32.20
2026-09-21,HMN,18,22,22,260128,36.88,152/ 97%ile,48.38
2026-09-21,HMY,58,58,65,260918,47.38,600/  7%ile,19.92
2026-09-21,HNGE,50,49,49,260918,60.77,326/ 18%ile,94.90
2026-09-21,HNI,28,31,42,260918,40.32,132/ 57%ile,46.11
2026-09-21,HNRG,47,52,61,260918,65.74,596/ 14%ile,15.12
2026-09-21,HNST,47,86,75,260918,71.82,595/ 20%ile,5.32
2026-09-21,HODL,45,37,38,260918,43.20,263/ 14%ile,22.96
2026-09-21,HOFT,46,46,60,260623,56.51,82/ 90%ile,13.26
2026-09-21,HOG,31,39,42,260918,44.46,600/ 57%ile,25.93
2026-09-21,HOMB,14,18,19,260908,68.82,200/ 96%ile,29.79
2026-09-21,HOMZ,16,20,21,260304,17.50,62/ 24%ile,42.42
2026-09-21,HON,20,28,31,260918,31.75,599/ 87%ile,206.46
2026-09-21,HONA,41,77,0.0,260918,43.73,54/  7%ile,163.60
2026-09-21,HOOD,91,73,75,260918,63.69,600/ 30%ile,119.82
2026-09-21,HOOG,175,144,149,260918,117.78,243/ 10%ile,36.85
2026-09-21,HOOW,109,87,89,260918,53.93,207/ 46%ile,29.76
2026-09-21,HOOX,175,143,148,260918,118.98,180/ 17%ile,41.60
2026-09-21,HOOY,69,58,59,260918,32.92,62/ 24%ile,28.99
2026-09-21,HOPE,14,19,22,260209,33.59,6/100%ile,13.96
2026-09-21,HOS,65,52,46,260918,55.17,588/ 75%ile,8.41
2026-09-21,HOWL,312,219,218,251027,200.00,101/ 91%ile,0.96
2026-09-21,HP,43,50,51,260918,49.81,600/ 60%ile,40.91
2026-09-21,HPE,85,71,73,260918,62.42,600/ 85%ile,60.74
2026-09-21,HPK,53,70,79,260918,84.26,512/ 76%ile,8.33
2026-09-21,HPP,43,57,68,260918,73.24,565/ 41%ile,11.51
2026-09-21,HPQ,57,53,56,260918,49.18,600/ 87%ile,34.44
2026-09-21,HQ,189,155,0.0,260916,130.00,11/ 36%ile,13.52
2026-09-21,HQY,46,37,35,260918,39.36,599/ 33%ile,95.14
2026-09-21,HR,10,17,20,260918,23.67,385/ 32%ile,18.26
2026-09-21,HRB,30,53,56,260918,37.01,600/ 65%ile,44.25
2026-09-21,HRI,40,48,54,260918,54.42,600/ 49%ile,135.26
2026-09-21,HRL,43,32,35,260918,24.65,600/ 31%ile,20.83
2026-09-21,HRMY,32,44,39,260918,72.55,315/ 66%ile,42.02
2026-09-21,HROW,43,47,64,260918,67.65,596/ 20%ile,33.08
2026-09-21,HRTG,21,50,57,260918,58.32,546/ 27%ile,34.37
2026-09-21,HRTS,15,16,17,260806,38.28,36/ 27%ile,36.17
2026-09-21,HRTX,297,245,223,260807,193.17,519/ 91%ile,0.31
2026-09-21,HRZN,48,40,49,260917,21.11,61/ 59%ile,4.67
2026-09-21,HSAI,68,59,69,260918,69.16,590/ 10%ile,16.55
2026-09-21,HSBC,18,21,26,260918,23.81,600/ 61%ile,101.83
2026-09-21,HSBH,17,19,22,260824,47.04,59/ 88%ile,112.31
2026-09-21,HSDT,100,90,97,260918,105.00,56/  5%ile,2.76
2026-09-21,HSIC,17,18,23,260918,35.25,595/ 70%ile,84.84
2026-09-21,HST,18,26,25,260915,25.01,579/ 28%ile,21.84
2026-09-21,HSTM,17,33,39,260903,31.66,17/ 47%ile,29.23
2026-09-21,HSY,17,23,28,260918,26.87,600/ 43%ile,169.79
2026-09-21,HTB,15,19,19,260810,86.62,14/ 85%ile,47.08
2026-09-21,HTEC,24,24,24,260916,39.42,26/ 53%ile,42.53
2026-09-21,HTFL,52,88,83,260918,68.77,71/  7%ile,50.75
2026-09-21,HTGC,13,20,20,260918,21.21,563/ 72%ile,17.35
2026-09-21,HTH,14,17,22,260908,24.84,29/  6%ile,38.65
2026-09-21,HTHT,23,39,36,260918,32.22,527/  8%ile,43.44
2026-09-21,HTLD,37,39,40,260722,44.41,306/ 85%ile,11.87
2026-09-21,HTO,15,18,20,260914,27.70,180/ 80%ile,62.67
2026-09-21,HTT,44,37,67,260825,54.38,355/  3%ile,2.53
2026-09-21,HTZ,68,120,130,260918,106.94,600/ 77%ile,1.82
2026-09-21,HUBB,26,32,35,260828,35.50,284/ 67%ile,446.92
2026-09-21,HUBG,36,65,57,260918,61.67,212/ 88%ile,32.72
2026-09-21,HUBS,63,91,90,260918,71.13,565/ 79%ile,216.35
2026-09-21,HUM,25,35,41,260918,64.24,597/ 91%ile,386.22
2026-09-21,HUMA,188,186,176,260911,220.00,553/100%ile,0.59
2026-09-21,HUMN,30,35,43,260918,35.54,278/ 56%ile,29.46
2026-09-21,HUN,32,66,64,260918,52.32,600/ 53%ile,9.09
2026-09-21,HURN,32,87,76,260918,50.80,541/ 71%ile,158.33
2026-09-21,HUT,95,106,106,260918,94.26,600/ 25%ile,98.78
2026-09-21,HUTG,189,212,209,260918,178.34,46/ 17%ile,16.64
2026-09-21,HUYA,43,44,49,260917,67.19,496/ 24%ile,2.07
2026-09-21,HVT,23,33,34,260821,36.23,58/ 13%ile,27.28
2026-09-21,HWC,16,18,20,260908,77.29,119/ 82%ile,74.95
2026-09-21,HWKN,29,34,37,260916,44.48,359/ 69%ile,122.20
2026-09-21,HWM,55,42,39,260918,39.17,600/ 63%ile,229.67
2026-09-21,HXL,25,28,31,260918,45.83,577/ 94%ile,88.15
2026-09-21,HY,36,55,54,260630,57.50,194/ 88%ile,33.54
2026-09-21,HYD,5,4.7,4.3,260918,4.84,395/ 26%ile,48.98
2026-09-21,HYDR,41,52,62,260824,57.61,82/ 89%ile,45.14
2026-09-21,HYFT,122,135,123,260604,156.43,179/ 60%ile,1.36
2026-09-21,HYG,4.0,3.4,3.9,260918,2.89,600/ 22%ile,78.55
2026-09-21,HYLN,67,85,134,260918,94.42,600/ 35%ile,4.21
2026-09-21,HYMB,7,6,6,260917,49.26,7/ 57%ile,24.13
2026-09-21,HYMC,71,89,90,260918,85.27,600/  2%ile,21.40
2026-09-21,HYNX,129,0.0,0.0,260918,120.93,46/ 15%ile,29.50
2026-09-21,HYPG,61,0.0,0.0,260918,59.46,19/  5%ile,32.72
2026-09-21,HYPR,97,94,98,260916,122.88,136/ 15%ile,0.79
2026-09-21,HZO,2.6,90,72,260915,13.60,451/  0%ile,52.56
2026-09-21,IA,45,64,68,260918,65.26,419/ 34%ile,18.38
2026-09-21,IAG,48,59,63,260918,55.77,600/ 20%ile,20.36
2026-09-21,IAI,24,21,20,260918,25.95,596/ 33%ile,184.73
2026-09-21,IAK,15,18,18,260807,24.41,449/ 44%ile,142.70
2026-09-21,IART,33,60,66,260910,61.69,102/ 72%ile,15.22
2026-09-21,IAT,19,18,20,260918,25.38,599/ 23%ile,59.58
2026-09-21,IAU,25,25,25,260918,24.06,600/ 68%ile,82.25
2026-09-21,IAUI,20,18,21,260918,13.80,213/ 30%ile,50.68
2026-09-21,IBB,23,25,24,260918,24.07,600/ 56%ile,204.56
2026-09-21,IBBQ,24,25,24,251120,45.73,3/100%ile,34.69
2026-09-21,IBCP,15,21,22,251104,30.56,65/ 56%ile,36.23
2026-09-21,IBEX,36,37,42,260918,61.83,158/ 71%ile,40.20
2026-09-21,IBIT,45,36,38,260918,38.25,458/ 17%ile,46.01
2026-09-21,IBKR,45,41,40,260918,43.86,600/ 77%ile,90.69
2026-09-21,IBLC,56,57,56,260407,50.21,91/ 43%ile,48.87
2026-09-21,IBM,35,74,66,260918,36.82,600/ 77%ile,229.62
2026-09-21,IBN,22,18,21,260918,24.34,598/ 64%ile,28.15
2026-09-21,IBOC,12,15,17,260917,64.84,35/ 45%ile,70.24
2026-09-21,IBOT,20,23,28,260910,27.41,194/  9%ile,62.92
2026-09-21,IBP,39,42,69,260918,49.72,578/ 55%ile,197.63
2026-09-21,IBRN,23,24,24,260828,73.17,3/100%ile,35.25
2026-09-21,IBRX,58,60,64,260918,99.35,600/ 26%ile,8.49
2026-09-21,IBTA,34,111,89,260918,82.42,507/ 82%ile,41.57
2026-09-21,IBUY,20,24,22,251226,19.24,65/  4%ile,67.90
2026-09-21,IBX,70,173,0.0,260918,79.00,52/ 51%ile,16.83
2026-09-21,ICE,23,23,25,260918,25.39,599/ 71%ile,155.47
2026-09-21,ICF,10,12,14,260918,31.08,440/ 90%ile,64.48
2026-09-21,ICFI,18,39,45,260918,55.27,10/100%ile,85.21
2026-09-21,ICHR,66,103,99,260918,77.94,491/ 53%ile,54.80
2026-09-21,ICL,28,33,40,260918,39.88,268/ 49%ile,5.36
2026-09-21,ICLN,22,28,35,260918,35.57,551/ 83%ile,17.56
2026-09-21,ICLR,32,38,53,260918,53.48,599/ 72%ile,164.11
2026-09-21,ICMB,0.0,50,88,260306,93.75,25/ 32%ile,0.88
2026-09-21,ICOP,41,40,45,260916,37.76,283/ 45%ile,54.54
2026-09-21,ICUI,20,37,37,260918,44.29,509/  6%ile,152.65
2026-09-21,ICVT,15,19,21,260918,28.54,186/ 61%ile,113.42
2026-09-21,IDA,14,17,19,260918,27.98,312/ 71%ile,131.58
2026-09-21,IDCC,33,47,52,260918,44.83,600/ 51%ile,323.05
2026-09-21,IDEV,11,12,15,260918,30.96,219/ 73%ile,90.60
2026-09-21,IDGT,26,27,28,260918,29.55,576/ 59%ile,114.25
2026-09-21,IDN,53,85,103,260918,128.75,554/ 98%ile,2.35
2026-09-21,IDNA,35,39,33,260827,28.92,110/ 87%ile,39.84
2026-09-21,IDR,47,65,75,260918,80.64,564/ 56%ile,28.58
2026-09-21,IDRV,18,21,29,260819,30.27,105/ 44%ile,34.68
2026-09-21,IDT,17,20,26,260918,37.86,582/ 21%ile,69.84
2026-09-21,IDU,14,13,15,251021,40.74,219/ 99%ile,104.15
2026-09-21,IDV,9,9,13,260918,15.45,319/ 55%ile,43.64
2026-09-21,IDXX,24,28,30,260916,37.05,413/ 88%ile,511.65
2026-09-21,IDYA,33,32,46,260827,39.66,109/  0%ile,38.41
2026-09-21,IE,83,76,78,260918,78.60,598/ 60%ile,9.48
2026-09-21,IEF,5,4.8,5,260918,6.03,600/ 28%ile,90.80
2026-09-21,IEFA,11,13,15,260918,21.55,587/ 63%ile,97.97
2026-09-21,IEI,3.6,3.1,3.4,260918,4.17,596/ 35%ile,114.24
2026-09-21,IEMG,18,23,29,260918,25.70,571/ 71%ile,81.67
2026-09-21,IEO,22,27,28,260918,36.88,597/ 90%ile,140.00
2026-09-21,IEP,20,26,26,260918,30.48,572/ 13%ile,6.98
2026-09-21,IESC,72,97,82,260428,69.70,460/ 73%ile,322.16
2026-09-21,IETC,21,25,27,260918,30.50,431/ 56%ile,111.10
2026-09-21,IEUR,10,11,16,260806,38.52,179/ 94%ile,74.97
2026-09-21,IEV,10,12,16,260918,29.88,536/ 86%ile,72.35
2026-09-21,IEX,17,19,21,260918,27.57,430/ 30%ile,223.72
2026-09-21,IEZ,29,29,30,260918,34.85,544/ 71%ile,28.06
2026-09-21,IFF,16,33,42,260918,29.73,600/ 30%ile,82.96
2026-09-21,IFRA,13,13,16,260918,19.05,169/ 37%ile,56.61
2026-09-21,IFRX,108,80,97,260918,105.25,194/  7%ile,2.09
2026-09-21,IGC,210,131,145,251030,209.59,17/ 82%ile,0.28
2026-09-21,IGE,14,15,16,260805,42.68,348/ 99%ile,64.65
2026-09-21,IGF,10,9,12,260720,29.92,101/ 91%ile,63.17
2026-09-21,IGIB,6,4.9,4.9,260910,32.03,300/ 98%ile,51.26
2026-09-21,IGIC,21,26,28,260727,33.34,97/ 37%ile,25.06
2026-09-21,IGLB,9,8,8,260918,6.59,587/ 10%ile,47.45
2026-09-21,IGLD,25,23,25,260402,26.68,2/100%ile,21.30
2026-09-21,IGM,17,25,28,260918,27.56,600/ 48%ile,163.93
2026-09-21,IGOV,7,7,8,260909,15.11,113/ 60%ile,40.53
2026-09-21,IGPT,27,40,48,260918,37.66,345/ 69%ile,98.09
2026-09-21,IGV,41,34,35,260918,31.06,600/ 69%ile,104.47
2026-09-21,IHAK,46,37,34,260918,48.71,323/ 92%ile,65.78
2026-09-21,IHE,15,17,19,260918,42.01,346/ 96%ile,101.56
2026-09-21,IHF,12,15,17,260918,35.77,511/ 91%ile,56.13
2026-09-21,IHI,19,26,25,260918,24.54,600/ 78%ile,51.76
2026-09-21,IHRT,58,83,88,260918,98.75,550/ 28%ile,2.39
2026-09-21,IHS,9,11,12,260805,44.78,407/  0%ile,8.42
2026-09-21,III,33,56,47,260917,55.00,155/ 74%ile,5.19
2026-09-21,IIIN,22,31,31,260724,31.56,391/  0%ile,29.66
2026-09-21,IIIV,40,63,54,260918,41.01,316/ 26%ile,14.78
2026-09-21,IIPR,17,22,34,260918,26.69,600/  9%ile,55.62
2026-09-21,IJH,12,12,14,260918,24.00,599/ 83%ile,72.98
2026-09-21,IJK,14,16,17,260918,27.94,573/ 50%ile,109.81
2026-09-21,IJR,10,12,14,260918,23.23,600/ 61%ile,138.86
2026-09-21,IJS,10,12,14,260918,28.77,587/ 59%ile,131.38
2026-09-21,IJT,11,14,16,260918,25.03,586/ 21%ile,163.01
2026-09-21,ILCB,11,11,12,260915,26.37,61/ 22%ile,105.54
2026-09-21,ILCG,16,19,21,260918,24.40,172/ 11%ile,115.18
2026-09-21,ILF,21,20,21,260918,33.21,478/ 98%ile,35.05
2026-09-21,ILIT,31,37,43,260407,51.55,108/ 90%ile,13.59
2026-09-21,ILMN,53,47,45,260918,54.45,600/ 84%ile,239.44
2026-09-21,ILPT,20,32,37,260918,49.66,408/ 28%ile,7.71
2026-09-21,IMAX,28,46,48,260918,45.63,600/ 72%ile,52.77
2026-09-21,IMCG,14,14,18,260806,49.07,268/ 94%ile,93.92
2026-09-21,IMCR,28,33,34,260911,71.07,51/ 92%ile,32.00
2026-09-21,IMDX,88,93,112,260810,217.89,9/100%ile,4.00
2026-09-21,IMKTA,16,25,26,260918,35.36,402/ 45%ile,82.74
2026-09-21,IMMP,0.0,131,157,260820,220.00,325/100%ile,0.29
2026-09-21,IMMR,34,52,46,260918,39.58,583/  8%ile,7.21
2026-09-21,IMMX,57,83,80,260918,164.69,225/ 88%ile,12.50
2026-09-21,IMNM,39,49,51,260916,97.48,357/ 63%ile,23.97
2026-09-21,IMO,30,26,30,260918,37.52,598/ 76%ile,129.83
2026-09-21,IMOS,40,75,88,260909,60.56,335/ 71%ile,61.32
2026-09-21,IMPP,48,42,46,260918,49.79,588/ 17%ile,5.66
2026-09-21,IMRX,46,62,76,260918,96.00,214/ 23%ile,4.48
2026-09-21,IMSR,84,89,101,260918,97.25,268/  8%ile,4.16
2026-09-21,IMTM,12,16,20,260715,18.13,82/ 19%ile,53.02
2026-09-21,IMTX,48,47,49,260819,87.12,255/ 91%ile,8.62
2026-09-21,IMUX,60,60,71,260918,147.50,322/ 63%ile,10.62
2026-09-21,IMVP,15,13,16,260421,30.54,7/ 71%ile,19.17
2026-09-21,IMVT,31,34,63,260918,91.07,566/ 83%ile,36.95
2026-09-21,IMXI,26,62,48,260918,90.93,227/ 99%ile,12.07
2026-09-21,INBK,39,41,38,260430,94.22,155/ 91%ile,27.77
2026-09-21,INBX,71,69,72,260821,119.49,155/ 65%ile,109.35
2026-09-21,INCO,14,13,15,260617,40.44,269/ 89%ile,59.67
2026-09-21,INCR,90,108,122,260918,78.75,63/  3%ile,5.31
2026-09-21,INCY,26,33,35,260918,42.13,598/ 58%ile,125.31
2026-09-21,INDA,14,13,14,260918,21.66,600/ 89%ile,48.01
2026-09-21,INDB,15,17,19,260908,99.66,79/100%ile,82.24
2026-09-21,INDI,68,92,102,260918,87.15,599/ 38%ile,3.07
2026-09-21,INDL,28,25,29,260918,36.80,531/ 68%ile,42.04
2026-09-21,INDS,10,13,16,260709,197.76,157/100%ile,38.70
2026-09-21,INDV,25,31,34,260910,54.86,278/ 25%ile,34.88
2026-09-21,INDY,13,12,14,260422,23.16,327/ 82%ile,42.03
2026-09-21,INFL,16,14,15,260828,90.15,270/ 98%ile,53.49
2026-09-21,INFQ,89,92,113,260918,85.91,244/  2%ile,13.23
2026-09-21,INFU,20,78,69,260918,44.22,380/  1%ile,12.80
2026-09-21,INFY,36,41,44,260918,38.21,598/ 75%ile,10.82
2026-09-21,ING,19,26,28,260918,29.56,594/ 81%ile,36.40
2026-09-21,INGM,44,42,43,260918,54.21,104/ 89%ile,26.67
2026-09-21,INGN,23,34,42,260918,58.76,464/  4%ile,5.14
2026-09-21,INGR,13,20,19,260918,29.59,587/ 65%ile,97.33
2026-09-21,INIO,99,96,0.0,260918,70.00,22/  9%ile,21.15
2026-09-21,INMB,97,94,95,260918,95.29,522/ 19%ile,2.33
2026-09-21,INMD,11,18,25,260918,43.65,573/ 46%ile,14.35
2026-09-21,INN,25,30,36,260918,55.94,195/ 80%ile,5.59
2026-09-21,INNV,29,39,45,260908,78.05,321/ 59%ile,10.92
2026-09-21,INO,92,162,126,260918,161.08,562/ 84%ile,1.24
2026-09-21,INOD,58,62,131,260918,79.22,600/ 10%ile,57.14
2026-09-21,INQQ,19,19,19,260102,31.49,105/ 97%ile,13.86
2026-09-21,INR,45,45,48,260917,58.26,96/ 80%ile,12.72
2026-09-21,INSE,39,43,50,260910,66.67,318/ 92%ile,4.58
2026-09-21,INSG,70,100,100,260918,78.28,598/ 16%ile,4.13
2026-09-21,INSM,38,75,78,260918,50.33,600/ 25%ile,120.00
2026-09-21,INSP,42,65,60,260918,73.88,599/ 77%ile,76.77
2026-09-21,INSW,35,38,40,260918,42.60,507/ 61%ile,111.24
2026-09-21,INTA,45,55,61,260918,61.80,574/ 68%ile,36.21
2026-09-21,INTC,61,72,83,260918,64.76,600/ 69%ile,108.60
2026-09-21,INTR,39,51,55,260918,69.73,553/ 96%ile,5.35
2026-09-21,INTT,49,68,80,260918,72.33,493/ 73%ile,10.77
2026-09-21,INTU,42,48,61,260918,47.14,600/ 76%ile,303.11
2026-09-21,INTW,119,142,166,260918,121.94,323/ 62%ile,26.27
2026-09-21,INV,121,214,170,260918,192.50,194/ 98%ile,0.60
2026-09-21,INVA,19,23,24,260918,40.94,245/ 71%ile,21.14
2026-09-21,INVE,27,51,88,260918,61.32,299/  3%ile,2.51
2026-09-21,INVH,13,17,19,260918,21.69,598/ 35%ile,26.91
2026-09-21,INVX,34,48,47,260918,42.92,253/ 12%ile,28.77
2026-09-21,INVZ,210,154,156,260723,187.50,432/ 86%ile,0.34
2026-09-21,ION,25,31,38,260828,61.54,181/ 93%ile,48.32
2026-09-21,IONL,159,163,180,260918,125.66,222/  0%ile,12.28
2026-09-21,IONQ,79,82,90,260918,68.67,600/  6%ile,39.17
2026-09-21,IONS,52,77,59,260918,54.72,569/ 77%ile,44.44
2026-09-21,IONX,155,163,179,260918,126.50,206/  0%ile,22.13
2026-09-21,IONZ,154,173,194,260918,135.60,203/  5%ile,26.29
2026-09-21,IOO,11,13,14,260918,30.07,258/ 82%ile,143.86
2026-09-21,IOT,64,63,62,260918,61.74,600/ 53%ile,39.54
2026-09-21,IOVA,77,119,106,260918,95.24,600/ 24%ile,10.24
2026-09-21,IP,37,45,47,260918,39.41,600/ 73%ile,34.53
2026-09-21,IPAC,12,16,17,260916,37.32,91/ 56%ile,85.22
2026-09-21,IPAR,24,29,34,260918,33.34,222/ 23%ile,112.51
2026-09-21,IPAY,23,24,24,260811,28.46,86/ 11%ile,48.02
2026-09-21,IPGP,41,59,82,260918,66.71,598/ 81%ile,76.55
2026-09-21,IPI,37,36,47,260918,55.87,577/ 63%ile,37.49
2026-09-21,IPKW,12,11,14,251120,28.62,3/ 33%ile,60.44
2026-09-21,IPO,25,34,35,260918,34.07,501/ 62%ile,52.55
2026-09-21,IPOS,17,29,38,260316,58.13,3/100%ile,22.26
2026-09-21,IPSC,69,72,70,260918,145.51,132/ 93%ile,1.86
2026-09-21,IPWR,72,88,0.0,260918,115.48,16/ 25%ile,4.03
2026-09-21,IPX,88,80,85,260902,64.17,55/  9%ile,20.85
2026-09-21,IQ,115,94,86,260918,89.71,579/ 82%ile,1.00
2026-09-21,IQDG,11,12,15,260917,20.61,178/  6%ile,43.00
2026-09-21,IQLT,11,12,15,260310,23.62,13/100%ile,50.06
2026-09-21,IQM,35,42,46,260918,49.32,320/ 68%ile,105.96
2026-09-21,IQQ,14,0.0,0.0,260918,21.57,49/ 16%ile,24.38
2026-09-21,IQV,24,41,43,260918,31.91,600/ 18%ile,266.42
2026-09-21,IR,22,31,33,260918,31.05,599/ 45%ile,71.83
2026-09-21,IRD,131,102,89,260918,105.66,195/ 17%ile,5.15
2026-09-21,IRDM,22,31,60,260918,33.58,600/  1%ile,46.77
2026-09-21,IRE,166,219,220,260918,154.34,201/  3%ile,12.12
2026-09-21,IREG,171,216,219,260918,156.18,123/  6%ile,9.99
2026-09-21,IREN,83,112,111,260918,84.61,600/  3%ile,46.71
2026-09-21,IREX,171,218,219,260918,153.35,195/  3%ile,17.65
2026-09-21,IREZ,161,291,264,260918,180.01,134/ 13%ile,7.65
2026-09-21,IRM,28,30,34,260918,32.00,600/ 49%ile,114.34
2026-09-21,IRMD,18,27,30,260918,39.46,119/ 52%ile,82.12
2026-09-21,IRON,33,35,37,260918,77.07,274/ 74%ile,69.53
2026-09-21,IRS,26,27,38,260918,42.81,118/ 11%ile,15.47
2026-09-21,IRT,19,22,22,260918,25.63,191/ 37%ile,14.79
2026-09-21,IRTC,37,50,49,260918,58.04,595/ 63%ile,109.37
2026-09-21,IRWD,50,64,71,260918,74.36,464/ 18%ile,4.34
2026-09-21,ISOU,79,72,80,260909,82.14,33/ 81%ile,9.66
2026-09-21,ISPR,111,110,121,260624,177.50,391/ 97%ile,1.31
2026-09-21,ISPY,11,12,13,251120,68.99,3/100%ile,48.08
2026-09-21,ISRA,23,21,22,260806,26.20,136/ 47%ile,67.58
2026-09-21,ISRG,35,52,44,260918,38.87,600/ 82%ile,393.19
2026-09-21,IT,61,75,64,260918,53.93,538/ 77%ile,185.78
2026-09-21,ITA,18,22,24,260918,26.21,600/ 71%ile,213.77
2026-09-21,ITB,22,29,31,260918,31.29,600/ 65%ile,87.44
2026-09-21,ITEQ,24,24,27,260331,33.20,42/ 50%ile,61.68
2026-09-21,ITGR,3.9,46,39,260918,16.75,303/  1%ile,126.28
2026-09-21,ITM,6,4.9,4.4,260402,4.96,123/ 35%ile,44.81
2026-09-21,ITOT,10,12,13,260918,22.91,600/ 52%ile,166.30
2026-09-21,ITRI,17,60,47,260918,39.80,521/ 10%ile,90.44
2026-09-21,ITRN,19,24,30,260917,31.82,330/ 60%ile,51.66
2026-09-21,ITT,35,31,32,260918,38.04,597/ 81%ile,204.47
2026-09-21,ITUB,36,34,34,260918,41.14,394/ 91%ile,8.20
2026-09-21,ITW,15,22,21,260918,18.82,600/ 18%ile,269.42
2026-09-21,IUSB,5.0,4.3,4.5,260918,4.59,350/  4%ile,44.77
2026-09-21,IUSG,13,17,18,260918,23.21,594/ 11%ile,191.08
2026-09-21,IUSV,9,9,9,260610,69.62,259/100%ile,112.14
2026-09-21,IVA,45,728,0.0,260915,220.00,6/100%ile,3.78
2026-09-21,IVE,9,9,9,260918,26.93,600/ 91%ile,231.86
2026-09-21,IVES,24,28,30,260918,30.41,291/ 28%ile,40.19
2026-09-21,IVLU,11,12,16,260729,16.68,95/ 81%ile,43.74
2026-09-21,IVOG,14,15,17,260917,29.22,479/ 59%ile,137.11
2026-09-21,IVOL,10,9,9,260218,22.75,125/ 74%ile,16.26
2026-09-21,IVOO,11,12,14,260908,22.70,377/ 11%ile,123.87
2026-09-21,IVOV,10,11,12,260908,29.39,411/ 47%ile,109.88
2026-09-21,IVR,19,23,23,260910,19.19,406/ 26%ile,6.46
2026-09-21,IVT,11,16,18,260116,20.16,52/  5%ile,30.82
2026-09-21,IVV,10,11,13,260918,15.20,593/ 27%ile,764.97
2026-09-21,IVVD,165,184,163,260918,181.04,308/ 43%ile,0.76
2026-09-21,IVW,13,17,19,260918,26.40,600/ 70%ile,140.18
2026-09-21,IVZ,27,34,34,260918,36.56,600/ 72%ile,30.53
2026-09-21,IWB,10,12,12,260918,22.96,600/ 38%ile,416.06
2026-09-21,IWC,16,17,22,260918,25.81,562/  9%ile,188.88
2026-09-21,IWD,9,9,11,260918,17.65,598/ 21%ile,251.70
2026-09-21,IWF,15,19,19,260918,18.02,600/  3%ile,123.27
2026-09-21,IWL,10,12,13,260918,21.67,260/ 10%ile,189.52
2026-09-21,IWM,12,14,17,260918,14.83,600/  1%ile,284.08
2026-09-21,IWMI,11,13,14,260915,12.85,181/ 57%ile,49.99
2026-09-21,IWN,10,11,14,260917,34.22,223/ 88%ile,215.60
2026-09-21,IWO,16,19,21,260807,25.70,279/ 54%ile,361.71
2026-09-21,IWP,16,18,18,260918,25.36,596/ 53%ile,137.06
2026-09-21,IWR,11,11,12,260918,25.41,600/ 86%ile,108.22
2026-09-21,IWS,10,11,12,260918,26.59,520/ 73%ile,164.11
2026-09-21,IWV,10,11,12,260918,24.22,506/ 51%ile,431.98
2026-09-21,IWX,10,9,11,260610,91.22,21/100%ile,110.91
2026-09-21,IWY,14,19,19,260918,25.16,558/ 64%ile,289.40
2026-09-21,IXC,20,21,23,260916,36.56,450/ 99%ile,58.92
2026-09-21,IXG,13,12,13,260918,22.79,447/ 58%ile,131.48
2026-09-21,IXJ,17,17,17,251209,77.51,236/100%ile,102.88
2026-09-21,IXN,22,29,34,260918,23.45,417/ 15%ile,143.72
2026-09-21,IXP,12,18,17,260209,17.00,204/ 49%ile,118.55
2026-09-21,IXUS,13,15,18,260916,34.45,445/ 95%ile,96.01
2026-09-21,IYC,16,17,16,251226,12.43,74/  1%ile,96.18
2026-09-21,IYE,19,21,23,260918,29.75,510/ 78%ile,67.38
2026-09-21,IYF,14,12,13,260918,24.96,568/ 28%ile,131.82
2026-09-21,IYG,14,13,14,260917,31.63,419/ 40%ile,93.86
2026-09-21,IYH,16,18,18,260909,18.83,221/ 46%ile,71.11
2026-09-21,IYJ,13,13,16,260918,23.13,575/ 60%ile,155.72
2026-09-21,IYK,12,15,15,260918,27.13,183/ 96%ile,72.38
2026-09-21,IYM,18,19,21,260918,28.51,560/ 75%ile,182.37
2026-09-21,IYR,10,13,15,260918,21.62,435/ 91%ile,98.00
2026-09-21,IYRI,10,10,11,260828,8.17,29/ 13%ile,46.62
2026-09-21,IYT,17,17,20,260918,29.28,600/ 81%ile,80.25
2026-09-21,IYW,18,23,27,260918,21.48,599/ 10%ile,256.69
2026-09-21,IYY,10,12,13,260918,19.14,213/ 52%ile,185.24
2026-09-21,IYZ,18,22,24,260918,33.80,344/ 86%ile,41.89
2026-09-21,IZEA,34,48,49,260916,102.50,416/ 76%ile,2.64
2026-09-21,IZRL,17,18,23,260803,27.19,183/ 66%ile,28.45
2026-09-21,J,18,25,33,260918,31.06,597/ 56%ile,143.40
2026-09-21,JAAA,2.2,1.7,1.9,260511,41.25,51/100%ile,50.66
2026-09-21,JACK,61,64,83,260918,75.51,599/ 64%ile,13.06
2026-09-21,JAKK,23,32,34,260910,47.94,229/ 28%ile,24.13
2026-09-21,JAN,28,0.0,0.0,260918,36.96,21/ 66%ile,30.34
2026-09-21,JANX,59,47,43,260918,65.98,358/ 14%ile,16.59
2026-09-21,JAVA,10,10,11,260918,26.83,85/ 69%ile,80.96
2026-09-21,JAZZ,31,29,30,260918,32.18,577/  7%ile,240.74
2026-09-21,JBBB,2.5,2.7,3.1,260610,58.86,21/100%ile,47.47
2026-09-21,JBGS,23,50,43,260908,63.75,148/ 98%ile,11.23
2026-09-21,JBHT,60,47,40,260918,38.31,600/ 66%ile,234.25
2026-09-21,JBI,52,46,44,260910,62.81,349/ 79%ile,4.30
2026-09-21,JBIO,49,57,75,251112,112.50,1/100%ile,16.94
2026-09-21,JBL,38,50,52,260918,59.56,600/ 90%ile,299.48
2026-09-21,JBLU,40,57,61,260918,63.11,600/ 25%ile,4.39
2026-09-21,JBS,21,37,38,260915,49.71,299/ 98%ile,11.96
2026-09-21,JBSS,29,33,32,260917,53.84,133/ 93%ile,67.31
2026-09-21,JBTM,21,36,42,260918,44.40,597/ 53%ile,110.00
2026-09-21,JCI,30,28,33,260918,33.95,600/ 73%ile,143.28
2026-09-21,JD,18,30,32,260918,36.25,600/ 10%ile,26.90
2026-09-21,JDST,91,109,114,260918,86.90,590/ 62%ile,21.87
2026-09-21,JEF,32,31,38,260918,43.17,600/ 78%ile,47.90
2026-09-21,JELD,109,116,119,260918,157.08,570/ 92%ile,1.76
2026-09-21,JEPI,7,7,8,260915,6.59,559/ 48%ile,56.20
2026-09-21,JEPQ,13,16,17,260918,8.01,600/ 25%ile,60.23
2026-09-21,JETS,22,29,34,260918,36.18,600/ 79%ile,28.22
2026-09-21,JFIN,66,78,85,260827,147.80,372/ 99%ile,1.46
2026-09-21,JHML,10,10,11,260918,30.37,122/ 15%ile,89.50
2026-09-21,JHX,34,43,49,260918,49.39,341/ 39%ile,25.82
2026-09-21,JIRE,11,13,16,260916,33.37,306/ 58%ile,82.68
2026-09-21,JJSF,23,36,37,260918,47.54,327/ 86%ile,77.97
2026-09-21,JKHY,36,36,34,260918,37.07,440/ 85%ile,154.85
2026-09-21,JKS,64,56,59,260918,64.91,597/ 35%ile,10.39
2026-09-21,JLL,26,34,34,260918,35.36,597/ 31%ile,336.38
2026-09-21,JMIA,42,53,65,260918,71.16,599/  1%ile,6.95
2026-09-21,JMKE,55,0.0,0.0,260918,55.39,34/ 41%ile,19.56
2026-09-21,JMSB,18,22,23,260722,49.65,110/ 80%ile,23.15
2026-09-21,JNJ,19,21,23,260918,27.20,600/ 95%ile,269.99
2026-09-21,JNK,4.0,3.4,3.8,260908,8.17,280/ 46%ile,94.55
2026-09-21,JNUG,93,104,113,260918,90.82,567/ 66%ile,180.40
2026-09-21,JOBX,71,119,141,260918,129.17,69/  2%ile,7.57
2026-09-21,JOBY,39,63,74,260918,71.94,600/ 26%ile,6.11
2026-09-21,JOE,22,25,28,260918,37.26,597/ 82%ile,63.84
2026-09-21,JOET,10,11,13,260918,30.34,260/ 83%ile,44.97
2026-09-21,JOUL,30,33,0.0,260813,45.94,2/100%ile,22.19
2026-09-21,JOYY,18,20,35,260918,27.44,526/  5%ile,78.73
2026-09-21,JPEM,10,11,14,260204,44.42,104/ 93%ile,62.69
2026-09-21,JPIN,11,11,14,260507,41.02,311/ 96%ile,77.32
2026-09-21,JPM,15,17,20,260918,23.31,600/ 46%ile,349.35
2026-09-21,JPSE,8,11,13,260917,33.19,45/ 35%ile,57.71
2026-09-21,JQUA,10,10,12,260916,28.23,56/ 32%ile,73.76
2026-09-21,JRVR,39,44,66,260909,59.73,279/ 21%ile,3.69
2026-09-21,JSMD,15,19,22,260917,41.39,44/ 72%ile,90.57
2026-09-21,JSML,16,19,22,260916,30.26,344/ 38%ile,86.54
2026-09-21,JSPR,65,130,173,260916,205.10,291/ 71%ile,0.62
2026-09-21,JUST,10,10,12,260916,27.93,43/  6%ile,109.21
2026-09-21,JVAL,11,12,15,260811,19.49,115/ 80%ile,58.69
2026-09-21,JXI,11,10,14,260918,25.99,271/ 56%ile,79.23
2026-09-21,JXN,30,36,34,260918,39.01,600/ 42%ile,132.67
2026-09-21,JXX,21,26,26,260908,35.76,18/ 83%ile,31.24
2026-09-21,JYNT,31,31,38,260827,95.23,245/ 96%ile,8.44
2026-09-21,KAI,32,36,43,260918,42.03,274/ 64%ile,265.56
2026-09-21,KALU,38,64,56,260918,49.24,337/ 78%ile,150.13
2026-09-21,KARS,21,24,30,260603,105.51,70/100%ile,28.59
2026-09-21,KB,35,39,41,260918,37.92,286/ 79%ile,126.93
2026-09-21,KBA,12,20,24,260917,24.22,320/ 34%ile,32.02
2026-09-21,KBE,14,15,17,260918,30.00,235/ 71%ile,66.60
2026-09-21,KBH,32,35,45,260918,39.77,600/ 60%ile,47.12
2026-09-21,KBR,20,32,39,260918,37.83,594/ 68%ile,35.54
2026-09-21,KBWB,18,18,19,260918,25.60,599/ 28%ile,92.09
2026-09-21,KBWP,18,20,20,260804,23.56,104/ 71%ile,128.96
2026-09-21,KC,50,69,74,260918,61.58,572/  1%ile,9.91
2026-09-21,KCCA,18,14,13,260824,19.06,178/  1%ile,16.48
2026-09-21,KCE,20,20,20,260916,25.90,526/  7%ile,158.90
2026-09-21,KD,42,52,53,260918,55.00,600/ 60%ile,12.04
2026-09-21,KDEF,42,62,63,260918,48.81,206/ 21%ile,42.58
2026-09-21,KDK,64,64,71,260918,85.89,318/ 87%ile,3.27
2026-09-21,KDP,20,28,27,260918,26.03,600/ 69%ile,30.96
2026-09-21,KE,43,46,46,260821,54.98,37/ 78%ile,24.65
2026-09-21,KEEL,81,123,112,260918,98.17,598/  4%ile,3.99
2026-09-21,KELYA,30,36,38,260909,54.19,108/ 34%ile,16.14
2026-09-21,KEMQ,15,19,28,260527,32.50,3/100%ile,24.82
2026-09-21,KEMX,21,24,32,260406,31.42,21/ 66%ile,51.23
2026-09-21,KEN,51,46,49,260918,44.18,217/ 88%ile,65.38
2026-09-21,KEP,42,42,43,260918,72.25,360/ 99%ile,11.01
2026-09-21,KEX,17,30,28,260918,35.87,552/ 25%ile,138.35
2026-09-21,KEY,24,22,22,260918,28.64,600/ 48%ile,20.81
2026-09-21,KEYS,39,42,45,260918,37.59,600/ 59%ile,335.00
2026-09-21,KFRC,31,36,71,260901,55.34,22/ 45%ile,51.88
2026-09-21,KFY,24,27,30,260918,35.52,159/ 46%ile,76.78
2026-09-21,KGC,48,51,54,260918,45.53,600/ 44%ile,28.07
2026-09-21,KGRN,17,18,20,260914,20.71,165/  0%ile,21.77
2026-09-21,KGS,55,54,49,260918,49.03,551/ 78%ile,58.73
2026-09-21,KHC,24,31,30,260918,28.36,600/ 78%ile,24.43
2026-09-21,KIDS,34,44,44,260811,46.72,106/ 10%ile,21.82
2026-09-21,KIDZ,104,684,630,251114,220.00,80/100%ile,0.41
2026-09-21,KIE,16,18,19,260918,22.23,600/ 32%ile,61.97
2026-09-21,KIM,13,16,18,260918,22.36,574/ 50%ile,22.53
2026-09-21,KINS,24,34,41,260918,41.46,519/  3%ile,19.11
2026-09-21,KJD,37,60,64,260918,60.76,22/ 54%ile,14.84
2026-09-21,KKR,30,39,36,260918,38.11,600/ 55%ile,98.81
2026-09-21,KLAC,45,57,74,260918,54.15,514/ 85%ile,177.01
2026-09-21,KLAG,92,117,150,260918,107.40,63/  9%ile,22.58
2026-09-21,KLAR,36,74,71,260918,59.55,256/  8%ile,13.80
2026-09-21,KLC,59,145,116,260918,79.17,464/ 68%ile,2.24
2026-09-21,KLIC,44,67,67,260918,61.25,593/ 81%ile,83.14
2026-09-21,KLTR,58,95,89,260806,79.43,196/ 50%ile,1.34
2026-09-21,KLXE,29,114,106,260806,198.09,437/ 98%ile,1.52
2026-09-21,KMB,23,26,27,260918,22.07,599/ 54%ile,97.85
2026-09-21,KMDA,38,36,33,260310,88.13,164/ 93%ile,8.85
2026-09-21,KMI,23,22,23,260918,24.64,600/ 65%ile,31.83
2026-09-21,KMLM,16,15,15,260519,16.99,24/ 45%ile,30.81
2026-09-21,KMPR,34,44,46,260914,39.42,103/ 66%ile,26.48
2026-09-21,KMT,32,38,51,260918,33.47,380/ 24%ile,29.77
2026-09-21,KMX,30,32,44,260918,56.79,600/ 80%ile,57.21
2026-09-21,KN,37,48,49,260918,44.79,404/ 68%ile,35.55
2026-09-21,KNCT,21,29,36,260810,31.78,281/ 68%ile,200.35
2026-09-21,KNDI,80,114,117,260205,121.56,186/ 89%ile,0.52
2026-09-21,KNF,33,46,49,260918,53.67,462/ 61%ile,54.44
2026-09-21,KNGZ,12,14,14,260813,41.02,30/ 53%ile,41.53
2026-09-21,KNOP,19,22,27,260805,38.75,370/ 22%ile,11.30
2026-09-21,KNSA,29,61,62,260918,62.13,153/ 79%ile,77.24
2026-09-21,KNSL,25,37,37,260918,34.16,203/ 32%ile,356.85
2026-09-21,KNTK,17,28,29,260918,34.20,505/ 45%ile,53.50
2026-09-21,KNX,36,36,41,260918,38.91,600/ 58%ile,66.68
2026-09-21,KO,13,21,22,260918,19.10,600/ 70%ile,88.14
2026-09-21,KOD,36,49,59,260918,193.51,377/ 98%ile,32.71
2026-09-21,KODK,36,43,60,260918,57.57,599/ 15%ile,9.57
2026-09-21,KOF,19,23,23,260918,23.91,363/ 37%ile,110.12
2026-09-21,KOID,23,30,0.0,260918,30.80,51/  3%ile,35.51
2026-09-21,KOLD,43,58,67,260918,71.23,600/  5%ile,28.88
2026-09-21,KOMP,21,25,28,260909,50.33,125/ 90%ile,67.00
2026-09-21,KOP,21,35,38,260918,50.31,111/ 62%ile,45.33
2026-09-21,KOPN,64,104,110,260918,94.55,554/  2%ile,4.74
2026-09-21,KORU,137,188,222,260918,121.44,458/ 84%ile,20.02
2026-09-21,KOS,70,85,84,260918,79.53,599/ 59%ile,2.72
2026-09-21,KPDD,43,60,77,260917,70.70,165/ 11%ile,4.67
2026-09-21,KPTI,96,312,228,260918,194.26,390/ 68%ile,1.88
2026-09-21,KR,29,28,32,260918,27.38,600/ 54%ile,60.00
2026-09-21,KRBN,16,16,17,260812,20.67,65/ 35%ile,34.48
2026-09-21,KRC,17,22,28,260917,31.63,523/ 26%ile,34.23
2026-09-21,KRE,14,16,18,260918,21.16,600/  1%ile,72.72
2026-09-21,KREF,24,36,37,260917,35.06,217/ 64%ile,6.79
2026-09-21,KRG,12,17,18,260610,24.16,40/ 65%ile,25.43
2026-09-21,KRMD,24,53,56,260129,112.22,22/100%ile,3.23
2026-09-21,KRMN,65,70,73,260918,73.04,273/ 53%ile,35.84
2026-09-21,KRNT,32,38,40,260908,61.11,284/ 60%ile,15.38
2026-09-21,KRNY,20,21,24,260915,27.97,115/  2%ile,9.56
2026-09-21,KRO,44,86,72,260918,64.42,403/ 88%ile,8.01
2026-09-21,KROP,21,17,18,260811,27.19,28/ 53%ile,37.16
2026-09-21,KROS,46,50,52,260501,61.70,284/ 31%ile,11.19
2026-09-21,KRP,21,21,23,260918,19.65,160/ 45%ile,14.62
2026-09-21,KRRO,87,72,85,260622,85.52,40/ 12%ile,10.02
2026-09-21,KRYS,30,45,41,260918,43.76,585/  2%ile,336.67
2026-09-21,KSA,12,11,13,260918,21.96,316/ 68%ile,37.40
2026-09-21,KSPI,37,32,32,260918,36.70,496/ 16%ile,97.53
2026-09-21,KSPY,8,7,7,251105,161.54,1/100%ile,29.98
2026-09-21,KSS,60,53,66,260918,60.00,600/ 30%ile,16.55
2026-09-21,KSTR,33,55,56,260918,48.24,339/ 55%ile,24.25
2026-09-21,KT,16,22,24,260604,30.63,42/ 78%ile,19.38
2026-09-21,KTB,41,44,48,260918,47.94,591/ 56%ile,66.36
2026-09-21,KTCC,131,98,83,260828,86.50,109/ 84%ile,2.33
2026-09-21,KTEC,20,20,25,260821,32.38,182/ 10%ile,12.24
2026-09-21,KTOS,43,59,65,260918,64.98,600/ 59%ile,47.45
2026-09-21,KTUP,88,117,130,260918,114.92,114/  6%ile,5.14
2026-09-21,KULR,51,74,104,260918,115.17,472/ 26%ile,2.39
2026-09-21,KURA,62,62,64,260915,73.82,369/ 26%ile,11.73
2026-09-21,KURE,28,31,31,260918,32.45,331/ 42%ile,18.30
2026-09-21,KVHI,51,60,70,260714,74.42,159/ 90%ile,7.21
2026-09-21,KVUE,20,22,23,260918,19.57,598/  2%ile,17.81
2026-09-21,KVYO,72,79,96,260918,69.96,600/ 67%ile,15.42
2026-09-21,KWEB,19,25,29,260918,30.56,600/ 14%ile,24.84
2026-09-21,KWR,20,29,34,260918,38.35,260/ 51%ile,154.42
2026-09-21,KWY,36,43,41,260917,41.56,72/ 38%ile,9.66
2026-09-21,KYIV,34,35,38,260918,44.93,245/  3%ile,13.04
2026-09-21,KYMR,34,41,53,260917,111.04,363/ 93%ile,117.75
2026-09-21,KYN,16,19,20,260910,15.95,28/ 42%ile,14.43
2026-09-21,KYTX,58,69,66,260917,121.25,267/ 79%ile,7.13
2026-09-21,KZIA,116,93,83,260918,96.88,30/ 23%ile,10.39
2026-09-21,L,11,13,18,260918,36.95,599/ 93%ile,107.77
2026-09-21,LAB,65,85,114,260916,220.00,399/100%ile,0.77
2026-09-21,LABD,90,95,95,260918,68.77,599/  4%ile,7.33
2026-09-21,LABU,84,89,90,260918,87.75,600/ 62%ile,261.41
2026-09-21,LABX,181,202,215,260918,137.30,211/  3%ile,11.17
2026-09-21,LAC,58,58,70,260918,71.03,600/ 12%ile,2.86
2026-09-21,LAD,32,55,46,260918,38.27,600/ 18%ile,316.27
2026-09-21,LADR,13,21,20,260903,17.03,70/ 22%ile,9.43
2026-09-21,LAES,54,59,80,260918,67.18,428/  0%ile,2.23
2026-09-21,LAKE,69,52,69,260917,66.20,369/ 71%ile,10.29
2026-09-21,LAMR,13,21,24,260918,17.09,597/  1%ile,146.81
2026-09-21,LAND,26,27,24,260918,29.56,281/ 47%ile,9.43
2026-09-21,LAR,73,70,70,260918,72.64,544/ 34%ile,5.77
2026-09-21,LASE,186,163,231,260918,115.43,474/ 29%ile,0.90
2026-09-21,LASR,52,114,102,260918,81.73,456/ 60%ile,39.84
2026-09-21,LAUR,25,27,30,260813,40.12,219/ 77%ile,36.13
2026-09-21,LAW,42,65,77,260918,87.50,396/ 80%ile,4.16
2026-09-21,LAZ,39,42,48,260918,47.29,599/ 86%ile,35.75
2026-09-21,LAZR,57,0.0,0.0,260918,60.78,40/  2%ile,44.41
2026-09-21,LB,41,48,55,260918,52.28,468/  5%ile,85.96
2026-09-21,LBRDA,60,55,70,260819,57.57,449/ 90%ile,35.99
2026-09-21,LBRDK,60,54,70,260819,59.76,493/ 90%ile,36.02
2026-09-21,LBRT,51,81,66,260918,63.55,599/ 79%ile,19.33
2026-09-21,LBRX,40,60,0.0,260820,79.53,3/100%ile,42.47
2026-09-21,LBTYA,21,28,31,260918,40.24,503/ 76%ile,9.87
2026-09-21,LBTYK,21,26,31,260918,54.71,173/100%ile,9.65
2026-09-21,LCID,65,114,99,260918,85.70,599/ 41%ile,4.09
2026-09-21,LCII,29,33,41,260918,43.86,587/ 85%ile,85.60
2026-09-21,LCNB,23,36,33,260819,35.55,8/100%ile,18.79
2026-09-21,LCTD,11,12,14,260909,40.09,65/ 90%ile,58.68
2026-09-21,LCTU,10,11,12,260918,29.98,327/ 20%ile,81.71
2026-09-21,LCTX,96,94,83,260918,200.00,340/ 96%ile,1.03
2026-09-21,LCUT,49,52,93,260918,65.45,371/ 56%ile,8.20
2026-09-21,LDI,138,110,104,260916,146.22,474/ 90%ile,0.70
2026-09-21,LDOS,31,39,38,260918,33.80,600/ 58%ile,127.69
2026-09-21,LE,28,43,51,260902,99.56,314/ 98%ile,10.07
2026-09-21,LEA,35,41,38,260918,35.59,600/ 51%ile,120.64
2026-09-21,LECO,39,35,32,260918,36.11,584/ 73%ile,257.20
2026-09-21,LEG,43,40,49,260826,37.95,546/  4%ile,9.20
2026-09-21,LEGH,18,27,33,260501,45.30,79/ 88%ile,28.11
2026-09-21,LEGN,51,64,91,260918,72.54,468/ 80%ile,17.61
2026-09-21,LEGR,11,12,15,260916,26.64,81/  2%ile,66.14
2026-09-21,LEMB,6,5,6,260812,12.39,258/  5%ile,42.74
2026-09-21,LEN,30,33,37,260918,36.31,599/ 27%ile,76.49
2026-09-21,LENZ,79,75,77,260914,103.13,205/ 78%ile,4.07
2026-09-21,LESL,140,249,271,260918,220.00,407/100%ile,0.44
2026-09-21,LEU,87,81,85,260918,73.58,600/ 21%ile,145.23
2026-09-21,LEUX,189,168,0.0,260918,142.50,30/ 73%ile,7.91
2026-09-21,LEVI,27,31,30,260918,42.93,600/ 74%ile,19.82
2026-09-21,LFCR,60,58,56,260918,60.00,447/  2%ile,4.46
2026-09-21,LFGY,43,43,43,260603,27.81,44/ 84%ile,20.42
2026-09-21,LFMD,71,72,77,260918,91.70,600/ 64%ile,3.22
2026-09-21,LFST,28,40,56,260918,52.16,581/ 63%ile,12.57
2026-09-21,LFTO,42,0.0,0.0,260918,60.79,26/  3%ile,16.39
2026-09-21,LFUS,43,45,46,260918,47.34,162/ 67%ile,407.88
2026-09-21,LFVN,35,36,97,260916,92.05,366/ 46%ile,6.35
2026-09-21,LGIH,43,50,57,260918,62.41,595/ 72%ile,48.58
2026-09-21,LGLV,8,10,11,260807,18.53,187/ 14%ile,179.36
2026-09-21,LGN,60,78,73,260918,69.43,171/ 16%ile,55.80
2026-09-21,LGND,23,29,38,260918,44.59,503/ 38%ile,283.49
2026-09-21,LGO,164,138,131,260918,205.00,241/ 75%ile,0.65
2026-09-21,LH,24,25,23,260918,29.77,600/ 68%ile,320.71
2026-09-21,LHX,17,32,30,260918,28.54,600/ 68%ile,247.29
2026-09-21,LI,36,38,42,260918,48.74,600/ 11%ile,12.14
2026-09-21,LIF,44,90,78,260918,54.74,344/ 18%ile,39.62
2026-09-21,LII,24,60,50,260914,36.84,146/ 81%ile,359.23
2026-09-21,LILA,36,38,55,260914,39.69,215/  8%ile,8.41
2026-09-21,LILAK,26,33,83,260915,48.75,119/ 60%ile,8.40
2026-09-21,LIMI,36,45,45,260603,70.03,19/ 52%ile,40.33
2026-09-21,LIN,13,20,20,260918,27.04,600/ 91%ile,460.40
2026-09-21,LINC,31,85,72,260918,61.82,597/ 91%ile,25.37
2026-09-21,LIND,54,51,56,260814,42.33,242/  1%ile,27.54
2026-09-21,LINE,19,30,35,260918,34.31,514/ 25%ile,36.81
2026-09-21,LION,26,31,48,260918,62.40,539/ 40%ile,10.73
2026-09-21,LIT,22,27,32,260918,31.58,600/ 57%ile,70.32
2026-09-21,LITE,88,104,99,260918,71.01,542/ 57%ile,931.67
2026-09-21,LITS,86,69,81,251212,210.00,98/ 89%ile,1.13
2026-09-21,LITX,176,207,198,260918,140.65,133/  5%ile,31.43
2026-09-21,LITZ,182,0.0,0.0,260918,155.43,7/ 71%ile,6.62
2026-09-21,LIVN,25,35,41,260918,48.72,483/ 49%ile,78.01
2026-09-21,LKFN,12,18,23,260916,56.25,33/ 84%ile,59.70
2026-09-21,LKFT,37,35,30,260821,38.95,48/ 75%ile,28.55
2026-09-21,LKQ,28,46,44,260918,48.71,600/ 98%ile,23.30
2026-09-21,LLY,21,31,35,260918,32.26,597/ 29%ile,1152.22
2026-09-21,LLYVA,20,31,30,260917,67.71,134/ 81%ile,93.01
2026-09-21,LLYVK,20,30,29,260903,27.24,69/ 13%ile,96.28
2026-09-21,LLYX,42,62,69,260918,65.47,399/ 26%ile,24.38
2026-09-21,LMAT,18,71,57,260917,44.66,76/ 92%ile,78.87
2026-09-21,LMB,54,111,109,260918,55.95,551/  8%ile,51.74
2026-09-21,LMND,40,77,74,260918,64.13,600/ 16%ile,47.07
2026-09-21,LMNR,55,41,37,260918,36.09,567/ 13%ile,12.73
2026-09-21,LMT,24,33,30,260918,25.61,600/ 61%ile,533.33
2026-09-21,LNC,31,38,35,260918,30.13,600/ 20%ile,42.21
2026-09-21,LNG,29,32,31,260918,33.26,600/ 70%ile,268.34
2026-09-21,LNGX,24,0.0,0.0,260914,49.67,6/100%ile,43.52
2026-09-21,LNN,26,25,26,260918,42.02,570/ 78%ile,115.13
2026-09-21,LNSR,55,80,69,260918,53.06,148/ 34%ile,7.07
2026-09-21,LNT,13,16,18,260918,26.24,544/ 90%ile,65.61
2026-09-21,LNTH,4.9,23,33,260918,16.01,580/  0%ile,100.55
2026-09-21,LNZA,53,54,142,260918,143.75,231/ 88%ile,5.72
2026-09-21,LOAN,35,33,36,260708,49.84,47/ 93%ile,3.94
2026-09-21,LOAR,30,37,43,260918,54.73,513/ 44%ile,64.43
2026-09-21,LOB,18,25,27,260831,35.82,219/  5%ile,38.25
2026-09-21,LOCO,31,34,35,260915,41.41,394/ 39%ile,14.22
2026-09-21,LODE,60,81,86,260918,89.54,436/ 10%ile,2.65
2026-09-21,LOFF,87,152,0.0,260918,93.86,65/  4%ile,17.46
2026-09-21,LOGI,34,38,41,260918,35.30,600/ 64%ile,101.20
2026-09-21,LOHA,10,12,0.0,260811,24.18,31/100%ile,25.27
2026-09-21,LOMA,30,38,48,260917,46.24,366/ 12%ile,9.51
2026-09-21,LOOP,169,140,126,251027,102.71,83/ 55%ile,0.52
2026-09-21,LOPE,15,35,30,260918,36.72,600/ 75%ile,151.27
2026-09-21,LOUP,29,32,34,260916,49.39,98/ 91%ile,86.79
2026-09-21,LOVE,62,54,54,260918,58.38,587/ 22%ile,13.50
2026-09-21,LOW,17,26,28,260918,28.40,600/ 59%ile,192.46
2026-09-21,LPG,35,41,46,260918,41.47,570/ 60%ile,58.15
2026-09-21,LPL,36,56,71,260918,86.33,196/ 93%ile,2.90
2026-09-21,LPLA,26,27,34,260918,39.70,598/ 60%ile,328.09
2026-09-21,LPSN,83,101,86,260902,84.32,467/  2%ile,3.10
2026-09-21,LPTH,117,117,118,260918,98.83,445/  5%ile,9.90
2026-09-21,LPX,23,39,42,260918,46.19,599/ 72%ile,65.32
2026-09-21,LQD,6,5,6,260918,4.13,472/  0%ile,104.69
2026-09-21,LQDA,40,62,69,260918,82.05,599/ 34%ile,66.89
2026-09-21,LQDT,33,41,35,260918,36.34,334/  6%ile,42.88
2026-09-21,LRCU,105,140,152,260918,106.84,178/ 39%ile,42.34
2026-09-21,LRCX,52,72,77,260918,56.66,600/ 68%ile,287.51
2026-09-21,LRGF,10,12,12,260918,29.88,280/ 28%ile,77.86
2026-09-21,LRMR,48,68,71,260918,75.00,487/  0%ile,3.79
2026-09-21,LRN,20,52,49,260918,55.96,600/ 78%ile,78.90
2026-09-21,LRNZ,32,33,35,260729,104.69,36/100%ile,65.22
2026-09-21,LSAK,44,40,41,260918,57.08,269/ 42%ile,4.20
2026-09-21,LSCC,56,65,67,260918,61.69,600/ 67%ile,110.98
2026-09-21,LSPD,34,48,47,260918,51.77,599/ 30%ile,9.41
2026-09-21,LSTR,25,35,33,260918,38.70,600/ 67%ile,170.29
2026-09-21,LTBR,71,68,80,260918,91.98,571/ 11%ile,6.55
2026-09-21,LTC,17,24,22,260918,19.71,444/ 63%ile,42.56
2026-09-21,LTCC,53,41,43,260918,44.75,145/  1%ile,13.91
2026-09-21,LTH,26,29,42,260918,46.12,578/ 45%ile,40.75
2026-09-21,LTL,32,42,37,260331,43.44,169/ 77%ile,23.99
2026-09-21,LTM,35,40,47,260918,47.59,259/ 54%ile,51.15
2026-09-21,LTPZ,9,9,10,260918,13.34,583/ 79%ile,47.04
2026-09-21,LTRN,75,71,95,260707,117.50,277/ 59%ile,1.55
2026-09-21,LTRX,75,75,81,260918,82.62,510/ 28%ile,5.85
2026-09-21,LU,56,64,57,260917,155.83,589/ 97%ile,1.18
2026-09-21,LUCK,51,40,54,260916,72.08,478/ 91%ile,5.53
2026-09-21,LULG,177,124,0.0,260918,96.61,32/ 12%ile,4.01
2026-09-21,LULU,81,57,51,260918,43.17,600/ 36%ile,98.12
2026-09-21,LUMN,52,58,67,260918,68.63,600/ 10%ile,6.40
2026-09-21,LUNG,73,115,107,260918,100.19,404/ 49%ile,2.07
2026-09-21,LUNR,55,76,102,260918,87.62,600/ 18%ile,13.94
2026-09-21,LUV,30,36,38,260918,41.86,600/ 64%ile,41.00
2026-09-21,LUXE,87,65,59,260918,52.52,413/  0%ile,10.08
2026-09-21,LVO,78,75,85,260918,153.26,129/ 96%ile,3.09
2026-09-21,LVS,26,26,26,260918,34.03,600/ 34%ile,39.98
2026-09-21,LVWR,118,243,196,260918,156.65,341/ 86%ile,1.66
2026-09-21,LW,25,31,32,260918,43.83,600/ 74%ile,46.67
2026-09-21,LWLG,74,100,120,260918,92.51,577/ 28%ile,5.10
2026-09-21,LX,150,100,88,260911,195.00,454/ 99%ile,0.75
2026-09-21,LXEO,43,57,64,260127,145.00,64/ 95%ile,4.18
2026-09-21,LXFR,4.6,18,30,260622,38.27,108/ 51%ile,17.22
2026-09-21,LXP,2.6,13,19,260722,7.54,72/  1%ile,60.81
2026-09-21,LXRX,60,56,77,260918,114.44,571/ 36%ile,2.05
2026-09-21,LXU,48,49,47,260918,61.72,538/ 77%ile,11.04
2026-09-21,LYB,35,36,34,260918,42.24,600/ 62%ile,61.91
2026-09-21,LYEL,49,66,79,260821,87.50,127/ 30%ile,11.01
2026-09-21,LYFT,46,46,44,260918,54.29,600/ 19%ile,15.08
2026-09-21,LYG,27,29,34,260918,34.08,365/ 70%ile,5.81
2026-09-21,LYTS,62,45,42,260612,43.75,82/ 81%ile,20.35
2026-09-21,LYV,19,25,26,260918,30.45,599/ 14%ile,167.12
2026-09-21,LZ,45,99,80,260918,46.15,599/  8%ile,5.91
2026-09-21,LZB,29,51,49,260918,32.74,481/ 11%ile,29.84
2026-09-21,LZM,72,72,87,260918,95.86,178/ 58%ile,3.87
2026-09-21,M,45,40,45,260918,40.73,600/  7%ile,21.94
2026-09-21,MA,18,20,23,260918,22.68,600/ 55%ile,565.24
2026-09-21,MAA,16,18,20,260918,21.32,589/ 26%ile,118.93
2026-09-21,MAC,15,27,30,260918,30.28,599/  5%ile,22.63
2026-09-21,MAGA,7,10,10,260717,31.99,114/ 92%ile,57.48
2026-09-21,MAGC,20,27,30,251021,35.19,83/ 51%ile,18.10
2026-09-21,MAGN,34,45,48,260918,63.75,414/ 24%ile,11.50
2026-09-21,MAGS,15,22,22,260918,20.83,600/  0%ile,70.49
2026-09-21,MAGX,29,44,45,260918,51.17,411/ 16%ile,59.72
2026-09-21,MAGY,13,18,18,260202,6.30,14/ 28%ile,42.87
2026-09-21,MAIN,13,22,24,260918,17.71,578/ 41%ile,56.25
2026-09-21,MAIR,62,59,0.0,260918,58.75,65/ 47%ile,24.01
2026-09-21,MAKX,30,36,41,260918,51.57,387/ 88%ile,64.68
2026-09-21,MAMA,71,55,62,260918,58.39,513/ 56%ile,13.21
2026-09-21,MAN,36,75,66,260918,56.05,596/ 83%ile,57.57
2026-09-21,MANE,50,0.0,0.0,260918,80.14,27/  7%ile,106.75
2026-09-21,MANH,35,60,55,260918,49.45,600/ 75%ile,211.46
2026-09-21,MANU,20,26,44,260918,45.92,464/ 65%ile,19.69
2026-09-21,MAR,20,28,26,260918,28.63,600/ 51%ile,338.92
2026-09-21,MARA,97,95,84,260918,85.38,600/ 25%ile,13.23
2026-09-21,MARO,67,78,69,260918,36.56,53/  9%ile,4.50
2026-09-21,MARS,35,48,64,260918,46.22,114/  3%ile,25.46
2026-09-21,MAS,24,39,38,260918,32.39,599/ 59%ile,68.06
2026-09-21,MASS,61,64,65,260917,80.66,467/ 17%ile,10.53
2026-09-21,MAT,33,33,30,260918,44.19,600/ 83%ile,13.26
2026-09-21,MATV,30,60,59,260918,46.17,575/  3%ile,11.99
2026-09-21,MATW,23,45,38,260918,40.16,125/ 31%ile,20.48
2026-09-21,MATX,21,29,33,260918,36.85,593/ 20%ile,232.92
2026-09-21,MAX,28,43,57,260918,66.59,507/ 32%ile,10.49
2026-09-21,MAXI,113,82,66,260918,62.17,232/ 73%ile,14.60
2026-09-21,MAZE,38,46,44,260828,86.56,25/ 24%ile,22.52
2026-09-21,MBB,6,5,5,260918,4.92,551/ 14%ile,91.29
2026-09-21,MBC,44,53,61,260917,74.17,164/ 94%ile,6.63
2026-09-21,MBGL,27,0.0,0.0,260918,49.54,33/ 81%ile,19.49
2026-09-21,MBI,36,35,43,260918,56.45,598/ 10%ile,4.39
2026-09-21,MBIN,15,32,32,260917,72.49,116/ 53%ile,52.07
2026-09-21,MBLY,33,58,64,260918,67.98,600/ 50%ile,8.02
2026-09-21,MBOT,31,62,64,260918,110.31,422/ 36%ile,1.37
2026-09-21,MBUU,53,44,53,260918,51.61,495/ 60%ile,23.27
2026-09-21,MBWM,20,21,23,260819,53.83,100/ 16%ile,60.03
2026-09-21,MBX,38,60,73,260918,96.82,198/ 16%ile,62.91
2026-09-21,MC,31,41,41,260918,40.32,526/ 53%ile,59.73
2026-09-21,MCB,17,28,28,260918,37.46,546/  2%ile,89.19
2026-09-21,MCD,19,20,22,260918,23.83,600/ 85%ile,248.41
2026-09-21,MCFT,51,41,44,260917,66.01,299/ 97%ile,19.82
2026-09-21,MCGA,4.3,2.7,2.7,260504,33.59,12/  8%ile,10.34
2026-09-21,MCHB,17,22,29,260918,33.78,197/  7%ile,15.40
2026-09-21,MCHI,13,16,19,260918,20.17,600/  1%ile,53.07
2026-09-21,MCHP,33,54,56,260918,45.87,600/ 50%ile,73.28
2026-09-21,MCK,28,33,31,260917,25.69,542/ 47%ile,874.65
2026-09-21,MCO,25,25,27,260918,25.02,545/ 54%ile,468.59
2026-09-21,MCRB,74,70,71,260915,116.88,317/ 27%ile,4.00
2026-09-21,MCRI,20,24,22,260918,35.48,329/ 72%ile,121.47
2026-09-21,MCS,27,49,46,260918,41.72,111/ 71%ile,27.68
2026-09-21,MCY,23,24,25,260918,35.79,504/ 15%ile,100.94
2026-09-21,MD,18,37,37,260917,55.04,435/ 66%ile,25.93
2026-09-21,MDA,41,57,0.0,260918,62.96,88/ 46%ile,30.07
2026-09-21,MDB,81,69,73,260918,58.13,597/ 50%ile,383.38
2026-09-21,MDGL,32,44,44,260902,41.09,240/  0%ile,531.52
2026-09-21,MDLN,44,54,52,260918,47.50,187/ 27%ile,31.61
2026-09-21,MDLZ,15,24,24,260918,23.09,600/ 58%ile,60.85
2026-09-21,MDT,22,25,29,260918,24.09,600/ 70%ile,92.13
2026-09-21,MDU,17,19,19,260917,29.86,222/ 85%ile,18.56
2026-09-21,MDWD,45,33,41,260727,48.12,141/ 16%ile,13.40
2026-09-21,MDXG,38,41,42,260918,47.84,328/  6%ile,4.77
2026-09-21,MDY,11,12,14,260918,17.53,567/ 13%ile,665.99
2026-09-21,MDYG,14,16,17,260910,75.70,117/ 97%ile,105.00
2026-09-21,MDYV,11,11,12,260729,55.24,95/ 76%ile,91.35
2026-09-21,MEC,39,53,61,260914,58.19,89/ 28%ile,17.20
2026-09-21,MED,26,78,68,260918,46.83,579/ 41%ile,11.77
2026-09-21,MEDP,22,40,36,260820,37.05,97/ 67%ile,612.33
2026-09-21,MEI,103,100,128,260918,81.93,561/ 78%ile,13.27
2026-09-21,MELI,29,36,42,260623,37.29,253/ 81%ile,1785.66
2026-09-21,MEME,56,86,84,260918,67.49,348/ 36%ile,8.25
2026-09-21,MEOH,37,39,43,260918,52.17,584/ 78%ile,60.97
2026-09-21,MERC,103,137,131,260618,172.50,452/ 98%ile,0.38
2026-09-21,MESO,53,57,53,260827,46.48,400/  0%ile,15.13
2026-09-21,MET,22,21,22,260918,24.86,600/ 52%ile,97.04
2026-09-21,META,27,43,44,260918,39.14,600/ 74%ile,665.38
2026-09-21,METC,98,90,79,260918,87.35,600/ 50%ile,9.20
2026-09-21,METU,53,86,88,260918,74.87,432/ 63%ile,26.40
2026-09-21,METV,22,21,24,260916,29.30,376/ 74%ile,20.87
2026-09-21,MEXX,52,48,57,260918,89.02,529/ 90%ile,25.28
2026-09-21,MFA,25,23,25,260916,19.33,321/ 32%ile,8.36
2026-09-21,MFC,21,19,21,260918,20.99,600/ 16%ile,44.38
2026-09-21,MFG,28,37,36,260918,36.49,218/ 49%ile,10.94
2026-09-21,MFIC,23,24,26,260918,22.50,81/ 48%ile,9.02
2026-09-21,MFIN,21,27,28,260908,30.94,328/  4%ile,11.98
2026-09-21,MFP,60,0.0,0.0,260918,65.94,26/ 57%ile,42.34
2026-09-21,MG,36,53,47,260918,20.98,306/  0%ile,20.75
2026-09-21,MGA,42,36,36,260918,35.93,600/ 68%ile,63.15
2026-09-21,MGC,10,12,13,260918,19.45,541/  7%ile,281.73
2026-09-21,MGEE,13,15,23,260302,23.99,49/ 77%ile,74.08
2026-09-21,MGK,13,17,19,260918,17.17,600/  1%ile,90.90
2026-09-21,MGM,18,19,37,260918,44.24,600/ 80%ile,37.81
2026-09-21,MGNI,46,57,57,260918,60.88,600/ 30%ile,25.15
2026-09-21,MGNX,60,65,72,260918,92.89,479/ 19%ile,4.14
2026-09-21,MGPI,44,45,44,260918,52.28,373/ 78%ile,14.13
2026-09-21,MGTX,31,45,54,260825,90.48,149/ 79%ile,13.25
2026-09-21,MGV,8,9,10,260916,22.10,176/ 21%ile,164.43
2026-09-21,MGY,43,44,39,260918,37.23,457/ 63%ile,25.18
2026-09-21,MH,48,59,0.0,260831,58.90,14/ 28%ile,12.86
2026-09-21,MHK,30,38,45,260918,42.18,600/ 53%ile,126.09
2026-09-21,MHO,23,28,33,260918,42.03,586/ 35%ile,138.84
2026-09-21,MIAX,43,38,46,260918,49.59,271/ 24%ile,38.79
2026-09-21,MICC,25,27,40,260918,42.55,53/ 67%ile,18.98
2026-09-21,MIDD,24,32,38,260918,39.40,600/ 49%ile,112.28
2026-09-21,MIDU,34,37,42,260918,51.78,566/ 22%ile,61.97
2026-09-21,MILN,17,19,19,260908,51.26,77/ 94%ile,43.01
2026-09-21,MIR,46,52,51,260918,56.57,571/ 71%ile,15.76
2026-09-21,MIRM,33,45,51,260918,74.35,188/ 77%ile,91.83
2026-09-21,MISL,20,25,28,260820,48.44,173/100%ile,42.38
2026-09-21,MIST,116,98,88,260918,164.17,425/ 60%ile,0.91
2026-09-21,MITK,49,54,54,260918,66.18,580/ 73%ile,16.73
2026-09-21,MITT,19,34,31,260817,27.34,306/ 59%ile,6.31
2026-09-21,MJ,21,29,37,260918,51.63,580/ 10%ile,26.08
2026-09-21,MKC,21,26,29,260918,35.64,600/ 90%ile,48.72
2026-09-21,MKOR,36,49,0.0,260918,47.11,52/  5%ile,60.58
2026-09-21,MKSI,55,73,73,260918,58.13,599/ 64%ile,252.23
2026-09-21,MKTX,1.7,60,50,260918,5.25,463/  0%ile,163.42
2026-09-21,MLCO,43,38,41,260918,49.16,600/ 12%ile,4.64
2026-09-21,MLI,34,33,35,260918,32.64,598/ 31%ile,60.07
2026-09-21,MLKN,30,36,47,260918,60.69,384/ 93%ile,20.66
2026-09-21,MLM,24,29,32,260918,29.98,337/ 71%ile,490.64
2026-09-21,MLPA,8,12,15,260720,11.35,183/ 27%ile,56.35
2026-09-21,MLPI,12,14,16,260918,15.72,132/ 26%ile,52.81
2026-09-21,MLPX,14,17,19,260918,19.97,427/ 70%ile,74.16
2026-09-21,MLR,20,25,27,251222,39.86,92/ 46%ile,53.89
2026-09-21,MLTX,44,52,57,260918,75.06,457/ 21%ile,12.36
2026-09-21,MLYS,71,50,59,260918,79.92,238/ 27%ile,28.02
2026-09-21,MMED,55,53,0.0,260910,49.22,26/ 11%ile,21.79
2026-09-21,MMLP,60,59,72,260903,62.19,60/ 30%ile,2.12
2026-09-21,MMM,18,25,24,260918,24.98,600/ 29%ile,165.89
2026-09-21,MMS,26,39,36,260918,40.37,316/ 54%ile,55.94
2026-09-21,MMSI,16,25,32,260918,43.62,361/ 74%ile,85.37
2026-09-21,MMTM,11,15,14,260918,16.46,333/  2%ile,305.68
2026-09-21,MMYT,44,52,56,260918,66.36,597/ 84%ile,47.92
2026-09-21,MNDY,72,71,71,260918,65.13,598/ 56%ile,85.08
2026-09-21,MNKD,42,58,72,260918,88.58,599/ 74%ile,3.54
2026-09-21,MNOV,166,126,103,260917,170.29,6/100%ile,3.30
2026-09-21,MNR,41,30,29,260911,25.00,196/ 15%ile,11.13
2026-09-21,MNRO,71,86,72,260918,77.04,457/ 97%ile,12.10
2026-09-21,MNRS,69,80,77,260918,72.48,319/ 72%ile,37.63
2026-09-21,MNSO,51,51,43,260918,37.97,588/  2%ile,8.60
2026-09-21,MNST,21,26,30,260918,30.36,600/ 69%ile,44.68
2026-09-21,MNTK,104,83,88,260914,111.25,154/ 94%ile,2.25
2026-09-21,MNTN,53,54,80,260918,72.79,313/  7%ile,11.29
2026-09-21,MNTS,48,75,190,260918,155.22,68/ 13%ile,4.21
2026-09-21,MO,23,33,31,260918,23.06,600/ 80%ile,69.52
2026-09-21,MOAT,13,15,14,260918,16.78,460/ 24%ile,107.56
2026-09-21,MOB,48,69,0.0,260918,97.40,92/  7%ile,5.04
2026-09-21,MOD,49,70,73,260918,72.12,600/ 66%ile,188.72
2026-09-21,MOGA,32,43,39,260917,51.37,191/ 91%ile,364.64
2026-09-21,MOH,33,41,42,260918,47.27,565/ 53%ile,200.79
2026-09-21,MOMO,37,31,32,260918,43.20,576/ 26%ile,4.88
2026-09-21,MOO,16,13,15,260918,32.61,200/ 85%ile,84.67
2026-09-21,MORN,38,39,49,260918,40.61,283/ 75%ile,203.83
2026-09-21,MORT,15,19,20,260814,10.56,14/  7%ile,9.02
2026-09-21,MOS,38,39,42,260918,47.88,600/ 80%ile,24.48
2026-09-21,MOV,19,27,41,260918,43.87,276/ 65%ile,33.02
2026-09-21,MP,53,66,68,260918,61.86,600/ 31%ile,47.33
2026-09-21,MPAA,37,41,63,260914,69.92,340/ 25%ile,10.64
2026-09-21,MPB,13,20,23,260821,34.06,65/100%ile,36.94
2026-09-21,MPC,22,33,35,260918,51.49,600/ 98%ile,424.66
2026-09-21,MPG,101,133,134,260918,141.25,105/ 46%ile,3.75
2026-09-21,MPLT,68,311,0.0,260914,109.42,39/ 20%ile,10.92
2026-09-21,MPLX,12,18,19,260918,17.17,599/ 61%ile,59.44
2026-09-21,MPT,45,53,44,260918,44.80,600/ 43%ile,3.41
2026-09-21,MPWR,40,51,62,260304,52.76,365/ 69%ile,1219.61
2026-09-21,MQ,32,44,49,260918,50.02,595/ 22%ile,15.57
2026-09-21,MQQQ,27,40,45,260918,39.27,317/ 14%ile,229.57
2026-09-21,MRAL,185,190,170,260918,156.99,319/ 36%ile,50.34
2026-09-21,MRAM,64,92,143,260918,87.71,493/ 66%ile,15.33
2026-09-21,MRCY,49,65,65,260918,62.43,577/ 77%ile,85.28
2026-09-21,MREO,0.0,244,276,260220,219.07,387/ 91%ile,0.31
2026-09-21,MRK,26,36,33,260918,27.45,600/ 47%ile,146.75
2026-09-21,MRLN,140,120,125,260918,130.19,324/ 96%ile,1.95
2026-09-21,MRNA,132,251,185,260918,72.57,600/ 47%ile,154.02
2026-09-21,MRNY,121,241,175,260916,32.67,69/  8%ile,33.53
2026-09-21,MRP,24,24,29,260918,20.38,390/  1%ile,28.87
2026-09-21,MRSH,21,26,26,260918,28.27,600/ 81%ile,175.01
2026-09-21,MRTN,21,27,28,260914,33.75,94/ 28%ile,13.50
2026-09-21,MRVI,81,81,72,260918,96.25,491/ 47%ile,6.97
2026-09-21,MRVL,75,86,102,260918,65.97,600/ 68%ile,244.24
2026-09-21,MRX,46,58,55,260918,53.90,414/ 72%ile,74.39
2026-09-21,MS,26,28,28,260918,32.98,600/ 81%ile,202.54
2026-09-21,MSA,15,26,25,260918,29.37,105/ 15%ile,179.66
2026-09-21,MSB,42,38,41,260902,42.81,239/ 52%ile,20.30
2026-09-21,MSBI,13,22,25,250926,35.31,26/ 69%ile,33.54
2026-09-21,MSBT,46,37,38,260918,38.10,99/  5%ile,23.28
2026-09-21,MSCI,23,34,32,260918,30.47,491/ 77%ile,552.87
2026-09-21,MSDL,14,18,21,260721,16.41,27/ 14%ile,14.62
2026-09-21,MSEX,14,20,21,260728,30.51,231/ 62%ile,55.32
2026-09-21,MSFD,22,45,41,260828,31.09,76/ 32%ile,10.44
2026-09-21,MSFL,44,79,75,260918,58.53,462/ 66%ile,24.46
2026-09-21,MSFO,17,37,34,251031,15.64,2/100%ile,12.00
2026-09-21,MSFT,22,40,38,260918,24.90,600/ 51%ile,493.11
2026-09-21,MSFU,44,78,74,260918,47.99,600/ 49%ile,36.83
2026-09-21,MSFW,28,49,46,260817,52.73,4/100%ile,31.62
2026-09-21,MSFX,43,79,75,260918,58.71,367/ 64%ile,24.29
2026-09-21,MSGE,26,37,31,260918,42.18,548/ 51%ile,79.02
2026-09-21,MSGS,17,23,25,260918,31.40,600/ 44%ile,398.75
2026-09-21,MSI,18,28,32,260918,24.93,600/ 36%ile,458.67
2026-09-21,MSM,24,23,26,260918,28.76,599/ 37%ile,122.21
2026-09-21,MSOS,35,51,64,260918,68.95,600/ 11%ile,4.89
2026-09-21,MSOX,70,93,124,260918,126.72,591/ 10%ile,2.90
2026-09-21,MST,164,131,144,260917,104.50,21/ 23%ile,15.14
2026-09-21,MSTR,98,79,82,260918,71.95,540/ 39%ile,153.91
2026-09-21,MSTU,190,151,160,260918,138.05,492/ 46%ile,40.71
2026-09-21,MSTW,120,94,98,260918,53.87,79/ 25%ile,5.07
2026-09-21,MSTX,189,153,163,260918,127.89,514/ 31%ile,18.74
2026-09-21,MSTY,79,65,70,260918,34.95,572/ 34%ile,16.48
2026-09-21,MSTZ,221,177,174,260918,135.50,482/ 36%ile,2.82
2026-09-21,MT,32,33,44,260918,44.50,600/ 73%ile,72.53
2026-09-21,MTA,53,58,59,260918,52.35,486/  9%ile,10.15
2026-09-21,MTB,22,21,21,260918,24.11,600/ 15%ile,227.31
2026-09-21,MTBA,4.7,4.4,4.4,251231,5.79,22/ 81%ile,47.70
2026-09-21,MTCH,26,35,34,260918,36.00,600/ 33%ile,43.20
2026-09-21,MTD,27,26,40,251112,22.78,8/ 37%ile,1392.32
2026-09-21,MTDR,42,46,44,260918,42.15,600/ 60%ile,56.81
2026-09-21,MTG,18,19,23,260918,20.66,458/  1%ile,29.69
2026-09-21,MTH,35,37,40,260918,42.70,600/ 63%ile,63.25
2026-09-21,MTLS,58,43,43,260918,48.73,520/ 21%ile,7.77
2026-09-21,MTN,36,34,40,260918,42.79,600/ 82%ile,139.80
2026-09-21,MTRN,46,92,74,260918,58.25,212/ 80%ile,251.53
2026-09-21,MTRX,33,38,45,260918,55.57,199/ 39%ile,9.87
2026-09-21,MTSI,68,78,75,260918,67.21,599/ 83%ile,275.86
2026-09-21,MTUM,19,30,34,260918,29.01,600/ 74%ile,309.48
2026-09-21,MTUS,40,38,38,260918,42.03,477/ 38%ile,19.11
2026-09-21,MTW,42,73,62,260918,48.62,534/ 25%ile,22.35
2026-09-21,MTX,16,23,28,260917,41.77,169/ 75%ile,66.93
2026-09-21,MTZ,48,77,68,260918,57.20,600/ 74%ile,214.38
2026-09-21,MU,52,81,98,260918,60.88,599/ 54%ile,1014.70
2026-09-21,MUB,4.4,3.9,3.5,260918,4.53,588/ 53%ile,102.88
2026-09-21,MUFG,25,30,27,260918,30.40,384/ 34%ile,23.13
2026-09-21,MULL,103,162,195,260918,114.27,314/ 36%ile,23.43
2026-09-21,MUNI,4.1,3.6,3.4,260326,4.38,53/ 52%ile,50.53
2026-09-21,MUR,46,50,48,260918,45.14,599/ 57%ile,37.39
2026-09-21,MUSA,35,40,45,260819,32.44,518/ 29%ile,526.09
2026-09-21,MUU,103,161,194,260918,121.24,64/ 23%ile,33.69
2026-09-21,MUX,48,56,64,260918,63.93,600/ 58%ile,19.00
2026-09-21,MUZ,106,175,0.0,260918,116.28,54/ 20%ile,7.67
2026-09-21,MVBF,19,21,24,251031,34.92,6/ 66%ile,30.59
2026-09-21,MVIS,72,222,210,260918,148.88,520/ 69%ile,1.68
2026-09-21,MVLL,153,174,204,260918,127.75,340/ 60%ile,30.76
2026-09-21,MVST,65,96,113,260904,200.00,464/ 91%ile,0.64
2026-09-21,MVV,23,24,28,260918,38.41,331/ 11%ile,81.74
2026-09-21,MWA,23,27,26,260918,34.26,374/ 30%ile,21.90
2026-09-21,MWH,45,69,0.0,260918,63.41,53/  7%ile,26.52
2026-09-21,MX,46,81,127,260918,95.50,494/ 75%ile,2.74
2026-09-21,MXCT,84,94,93,251015,132.70,83/100%ile,1.19
2026-09-21,MXI,19,20,23,260909,55.09,156/ 97%ile,109.88
2026-09-21,MXL,90,128,133,260918,94.34,599/ 81%ile,81.05
2026-09-21,MYE,28,36,49,260918,40.44,115/ 16%ile,30.98
2026-09-21,MYFW,16,0.0,0.0,260918,31.06,45/  4%ile,30.62
2026-09-21,MYGN,70,157,125,260918,81.85,435/ 61%ile,3.89
2026-09-21,MYO,118,141,141,260819,177.04,370/ 79%ile,1.47
2026-09-21,MYPS,0.0,109,161,251107,101.46,84/ 60%ile,0.47
2026-09-21,MYRG,42,44,58,260603,60.95,212/ 86%ile,279.28
2026-09-21,MZTI,35,35,33,260918,35.18,472/ 73%ile,99.92
2026-09-21,MZZ,28,24,29,260204,38.86,62/ 61%ile,6.47
2026-09-21,NA,74,83,115,260918,110.44,421/ 42%ile,2.27
2026-09-21,NABL,61,123,106,260918,112.21,353/ 96%ile,3.84
2026-09-21,NAGE,25,57,60,260918,78.69,485/ 12%ile,2.99
2026-09-21,NAIL,66,85,93,260918,88.13,600/ 61%ile,28.94
2026-09-21,NAK,76,85,91,260918,128.41,390/ 35%ile,1.33
2026-09-21,NAKA,85,103,226,260918,128.88,154/  3%ile,9.17
2026-09-21,NAMS,58,55,57,260918,60.42,252/  5%ile,22.49
2026-09-21,NANC,13,15,16,260916,47.68,478/100%ile,51.51
2026-09-21,NANR,17,17,19,260810,19.69,95/ 11%ile,88.38
2026-09-21,NASA,38,51,191,260918,49.35,103/  0%ile,23.93
2026-09-21,NAT,35,41,44,260918,42.77,571/ 70%ile,8.25
2026-09-21,NATL,14,14,14,260917,55.70,472/ 90%ile,45.64
2026-09-21,NATR,24,58,48,260710,55.50,50/ 90%ile,13.02
2026-09-21,NAUT,185,148,121,260701,167.33,138/ 87%ile,0.97
2026-09-21,NAVI,35,44,44,260918,46.56,525/ 91%ile,9.51
2026-09-21,NAVN,101,80,74,260918,74.93,214/ 12%ile,21.36
2026-09-21,NB,70,85,80,260918,92.44,454/  6%ile,3.58
2026-09-21,NBBK,17,23,23,260915,29.38,74/ 54%ile,22.78
2026-09-21,NBIG,125,266,248,260918,154.86,196/  7%ile,16.58
2026-09-21,NBIS,64,137,126,260918,81.40,472/ 10%ile,223.37
2026-09-21,NBIX,24,37,36,260918,43.08,597/ 74%ile,146.23
2026-09-21,NBIZ,134,373,320,260918,176.02,109/ 22%ile,5.96
2026-09-21,NBP,53,62,73,260904,73.00,127/  1%ile,1.60
2026-09-21,NBR,38,48,52,260918,52.17,595/  2%ile,85.28
2026-09-21,NBTB,16,19,20,260917,30.76,249/ 30%ile,51.51
2026-09-21,NCIQ,48,37,162,260918,35.42,28/  7%ile,20.71
2026-09-21,NCLH,34,48,51,260918,53.67,600/ 65%ile,14.13
2026-09-21,NCMI,59,135,107,260918,87.03,394/ 93%ile,2.17
2026-09-21,NCNO,47,45,50,260918,50.69,600/ 60%ile,21.05
2026-09-21,NDAQ,25,25,29,260918,29.39,600/ 80%ile,93.54
2026-09-21,NDLS,46,81,79,260127,220.00,41/100%ile,10.87
2026-09-21,NDSN,35,26,26,260918,19.46,579/  1%ile,311.57
2026-09-21,NE,41,46,44,260918,37.90,600/ 29%ile,44.26
2026-09-21,NEBX,125,266,249,260918,152.99,252/  3%ile,24.70
2026-09-21,NECB,12,17,21,260914,28.75,120/ 12%ile,27.29
2026-09-21,NEE,14,13,20,260918,22.10,600/  4%ile,80.47
2026-09-21,NEM,36,45,48,260918,41.71,600/ 56%ile,123.41
2026-09-21,NEMG,73,89,96,260918,88.76,37/ 75%ile,22.29
2026-09-21,NEO,46,55,57,260918,60.40,592/ 41%ile,19.91
2026-09-21,NEOG,25,56,50,260918,59.54,571/ 56%ile,13.00
2026-09-21,NEON,80,82,107,260605,220.00,455/100%ile,0.82
2026-09-21,NEOV,127,110,164,260918,173.18,104/ 82%ile,3.40
2026-09-21,NERD,18,26,22,251009,141.92,10/100%ile,22.33
2026-09-21,NESR,30,64,59,260918,54.08,507/ 21%ile,32.58
2026-09-21,NET,73,59,74,260918,56.83,600/ 56%ile,323.99
2026-09-21,NETG,150,121,159,260918,103.04,103/ 11%ile,21.00
2026-09-21,NETL,12,16,16,260804,13.05,436/  1%ile,24.66
2026-09-21,NEU,17,31,28,251218,27.90,62/ 88%ile,891.87
2026-09-21,NEWP,63,72,75,260918,82.34,285/ 27%ile,5.98
2026-09-21,NEWT,27,36,38,260917,31.09,306/  7%ile,11.56
2026-09-21,NEXA,77,74,79,260918,57.96,362/ 41%ile,13.01
2026-09-21,NEXN,38,38,40,260903,82.31,310/ 95%ile,8.71
2026-09-21,NEXT,33,58,60,260918,56.44,600/  7%ile,6.87
2026-09-21,NFE,188,148,131,260708,180.41,502/ 71%ile,12.22
2026-09-21,NFG,16,19,20,260918,23.35,596/ 42%ile,80.92
2026-09-21,NFGC,83,87,86,260918,104.86,408/ 73%ile,1.84
2026-09-21,NFLP,44,43,39,251020,23.76,3/100%ile,17.12
2026-09-21,NFLU,70,75,69,260918,69.26,421/ 50%ile,15.65
2026-09-21,NFLW,42,43,41,260424,28.97,10/ 70%ile,14.94
2026-09-21,NFLX,35,36,34,260918,36.80,599/ 68%ile,71.78
2026-09-21,NFLY,33,31,28,260824,18.91,26/ 19%ile,7.00
2026-09-21,NFTY,13,12,13,260128,19.57,112/ 55%ile,52.79
2026-09-21,NG,64,78,80,260918,76.89,600/ 80%ile,7.28
2026-09-21,NGEN,71,64,118,260918,109.34,58/ 20%ile,2.05
2026-09-21,NGG,17,18,26,260918,25.11,533/ 77%ile,76.80
2026-09-21,NGL,46,49,49,260918,59.59,587/ 73%ile,16.05
2026-09-21,NGNE,51,60,64,260826,102.37,61/ 40%ile,32.09
2026-09-21,NGS,35,36,39,260918,42.48,257/ 50%ile,35.37
2026-09-21,NGVC,26,50,45,260917,52.19,246/ 38%ile,30.98
2026-09-21,NGVT,23,29,33,260918,34.58,245/ 10%ile,68.20
2026-09-21,NHC,24,34,35,260918,38.56,112/ 65%ile,221.50
2026-09-21,NHI,16,24,25,260918,26.36,370/ 56%ile,67.80
2026-09-21,NHTC,38,59,75,260604,66.25,121/ 83%ile,1.37
2026-09-21,NI,15,19,19,260918,25.51,582/ 91%ile,40.58
2026-09-21,NIC,16,19,25,260918,33.34,87/ 66%ile,168.02
2026-09-21,NICE,44,53,65,260918,45.82,600/ 50%ile,104.97
2026-09-21,NIKL,33,0.0,0.0,260821,34.36,7/ 14%ile,14.35
2026-09-21,NINE,66,69,63,260130,185.71,467/ 87%ile,0.25
2026-09-21,NIO,42,39,49,260918,56.61,600/  2%ile,3.66
2026-09-21,NIQ,35,88,81,260918,51.69,51/ 35%ile,18.19
2026-09-21,NIU,64,80,77,260917,81.25,463/ 27%ile,2.07
2026-09-21,NJR,15,19,20,260730,26.10,293/ 90%ile,53.32
2026-09-21,NKE,27,31,32,260918,49.80,600/ 90%ile,35.53
2026-09-21,NKLR,89,91,87,260918,114.10,287/ 30%ile,3.98
2026-09-21,NKTR,35,37,47,260918,77.48,547/ 16%ile,67.10
2026-09-21,NKTX,79,75,80,260918,92.32,512/  5%ile,2.83
2026-09-21,NL,28,38,66,260811,54.47,269/ 68%ile,6.86
2026-09-21,NLOP,16,22,27,260902,32.14,263/ 26%ile,10.48
2026-09-21,NLR,45,42,43,260918,37.33,553/ 48%ile,107.66
2026-09-21,NLY,15,18,20,260918,13.11,540/ 15%ile,21.06
2026-09-21,NMAD,76,0.0,0.0,260918,121.20,21/ 33%ile,3.61
2026-09-21,NMAX,44,60,72,260918,72.19,365/ 32%ile,10.32
2026-09-21,NMFC,21,29,27,260908,17.50,70/ 18%ile,6.99
2026-09-21,NMG,45,82,80,260604,157.50,237/ 90%ile,1.39
2026-09-21,NMIH,13,19,23,260803,30.94,223/ 39%ile,42.90
2026-09-21,NMM,33,31,34,260918,36.38,600/  8%ile,92.96
2026-09-21,NMR,26,25,27,260918,29.06,190/ 17%ile,10.07
2026-09-21,NMRA,107,85,166,260911,107.50,419/  5%ile,0.73
2026-09-21,NMRK,33,44,40,260918,43.75,434/ 48%ile,13.94
2026-09-21,NMTC,82,114,93,260826,185.00,5/ 40%ile,1.39
2026-09-21,NN,55,71,74,260918,103.84,600/ 66%ile,14.22
2026-09-21,NNBR,50,72,93,260917,118.88,319/ 71%ile,3.31
2026-09-21,NNDM,59,52,68,260918,46.31,558/  4%ile,1.57
2026-09-21,NNE,75,81,99,260918,76.53,487/ 11%ile,15.74
2026-09-21,NNI,12,18,29,260811,33.02,6/ 66%ile,126.07
2026-09-21,NNN,15,18,18,260918,17.32,573/ 50%ile,41.55
2026-09-21,NNOX,135,129,158,260917,115.75,584/ 91%ile,0.75
2026-09-21,NNVC,122,93,102,260720,150.00,100/ 40%ile,1.43
2026-09-21,NOA,34,36,36,260810,60.00,114/100%ile,12.70
2026-09-21,NOAH,25,41,35,260918,41.72,395/  8%ile,8.10
2026-09-21,NOBL,10,12,12,260918,14.42,542/ 14%ile,55.63
2026-09-21,NOC,21,24,26,260918,29.14,595/ 75%ile,527.15
2026-09-21,NOG,36,49,49,260918,31.96,600/ 20%ile,25.05
2026-09-21,NOK,70,71,77,260918,61.30,600/ 82%ile,10.69
2026-09-21,NOMD,26,34,38,260918,30.31,414/ 70%ile,10.66
2026-09-21,NORW,12,0.0,0.0,260918,18.77,42/ 61%ile,37.03
2026-09-21,NOV,27,32,35,260918,38.79,600/ 51%ile,20.07
2026-09-21,NOVT,35,46,53,260918,55.57,362/ 58%ile,133.14
2026-09-21,NOW,62,60,65,260918,54.19,600/ 76%ile,135.17
2026-09-21,NOWL,119,120,0.0,260918,107.30,64/ 34%ile,7.23
2026-09-21,NP,27,44,59,260908,73.60,109/100%ile,29.79
2026-09-21,NPCE,41,53,56,260824,67.50,76/  6%ile,14.28
2026-09-21,NPKI,25,38,45,260717,50.00,268/ 48%ile,12.73
2026-09-21,NPO,32,40,42,260918,44.42,557/ 63%ile,292.50
2026-09-21,NPWR,93,99,96,260918,147.82,526/ 80%ile,1.83
2026-09-21,NRC,43,60,57,260918,46.26,435/ 80%ile,20.56
2026-09-21,NRDS,27,42,48,260918,71.49,575/ 83%ile,9.05
2026-09-21,NRDY,44,61,84,260504,145.00,307/ 88%ile,8.97
2026-09-21,NREF,32,32,30,260714,28.47,86/ 39%ile,16.27
2026-09-21,NRG,42,61,55,260918,49.82,600/ 70%ile,103.66
2026-09-21,NRGV,80,104,110,260918,101.77,462/  7%ile,4.46
2026-09-21,NRIX,29,36,50,260918,59.90,86/  1%ile,25.44
2026-09-21,NRP,16,26,24,260918,30.66,553/  9%ile,109.28
2026-09-21,NRT,27,41,42,260820,46.70,56/ 21%ile,8.86
2026-09-21,NRXP,42,73,86,260918,135.19,409/ 23%ile,3.35
2026-09-21,NRXS,83,0.0,0.0,260918,69.21,28/ 28%ile,7.60
2026-09-21,NSC,16,22,22,260918,24.50,600/ 24%ile,314.16
2026-09-21,NSIT,45,41,51,260918,50.82,311/ 62%ile,154.91
2026-09-21,NSLR,77,69,0.0,260918,59.08,52/ 94%ile,7.89
2026-09-21,NSP,33,46,69,260918,53.41,582/ 64%ile,50.31
2026-09-21,NSPR,55,106,118,251001,75.00,59/  3%ile,0.77
2026-09-21,NSSC,30,31,42,260908,46.86,487/ 42%ile,36.13
2026-09-21,NTAP,46,46,54,260918,44.34,600/ 73%ile,197.79
2026-09-21,NTB,16,19,21,260918,24.02,329/ 22%ile,59.41
2026-09-21,NTCT,23,30,35,260918,36.47,333/ 18%ile,38.21
2026-09-21,NTES,47,42,39,260918,39.27,600/ 45%ile,116.19
2026-09-21,NTGR,38,43,45,260918,52.71,575/ 32%ile,21.71
2026-09-21,NTLA,53,70,76,260918,73.01,600/ 15%ile,12.13
2026-09-21,NTNX,33,34,41,260918,40.04,600/ 24%ile,69.80
2026-09-21,NTR,31,31,32,260918,28.79,600/ 39%ile,77.09
2026-09-21,NTRA,35,56,56,260918,40.10,595/  1%ile,369.39
2026-09-21,NTRS,22,23,22,260918,28.56,600/ 53%ile,177.89
2026-09-21,NTSK,79,78,77,260918,72.06,250/ 10%ile,17.47
2026-09-21,NTST,22,23,23,260915,32.74,60/ 83%ile,18.17
2026-09-21,NTSX,12,12,14,260916,29.61,62/ 75%ile,59.26
2026-09-21,NTWK,39,36,47,260918,75.63,281/ 61%ile,4.35
2026-09-21,NU,39,41,41,260918,46.46,600/ 56%ile,13.64
2026-09-21,NUAI,119,125,124,260918,132.00,223/  7%ile,5.85
2026-09-21,NUCL,47,74,141,260918,58.16,100/ 28%ile,6.28
2026-09-21,NUE,28,35,34,260918,34.51,600/ 33%ile,248.53
2026-09-21,NUGT,83,94,102,260918,80.63,599/ 63%ile,176.67
2026-09-21,NUKZ,26,28,31,260918,38.98,323/ 50%ile,62.22
2026-09-21,NUS,40,43,44,260918,56.08,562/ 36%ile,4.58
2026-09-21,NUVB,52,60,65,260918,92.33,590/ 31%ile,5.85
2026-09-21,NVA,67,77,83,260602,94.69,91/ 27%ile,6.06
2026-09-21,NVAX,66,57,66,260918,73.95,600/ 11%ile,10.10
2026-09-21,NVCR,53,82,89,260918,66.56,594/ 32%ile,16.69
2026-09-21,NVCT,62,69,119,260910,42.38,94/  1%ile,22.00
2026-09-21,NVD,94,87,85,260918,74.81,592/ 14%ile,3.85
2026-09-21,NVDA,46,42,42,260918,30.39,600/  0%ile,222.08
2026-09-21,NVDD,48,43,42,260918,35.21,416/  8%ile,30.07
2026-09-21,NVDG,90,84,83,260918,66.10,276/ 10%ile,19.82
2026-09-21,NVDL,89,82,82,260918,60.14,599/  1%ile,34.86
2026-09-21,NVDQ,97,86,85,260918,65.63,532/  2%ile,8.66
2026-09-21,NVDS,70,62,63,260918,53.07,507/  8%ile,18.45
2026-09-21,NVDU,90,83,83,260918,60.36,600/  0%ile,139.06
2026-09-21,NVDW,58,51,50,260918,26.69,125/  9%ile,36.46
2026-09-21,NVDX,92,84,84,260918,57.93,597/  0%ile,19.65
2026-09-21,NVDY,37,34,34,260731,24.06,316/ 53%ile,12.52
2026-09-21,NVGS,26,28,30,260918,28.58,504/  6%ile,25.00
2026-09-21,NVMI,56,60,71,260908,61.94,585/ 74%ile,356.11
2026-09-21,NVO,34,39,37,260918,39.07,600/ 29%ile,43.24
2026-09-21,NVOX,66,78,74,260918,76.02,301/ 15%ile,12.40
2026-09-21,NVRI,44,46,50,260915,42.39,440/ 19%ile,20.62
2026-09-21,NVS,61,43,35,260918,23.50,600/ 66%ile,140.37
2026-09-21,NVST,31,31,36,260918,46.79,564/ 48%ile,23.35
2026-09-21,NVT,54,55,55,260918,50.55,600/ 71%ile,157.88
2026-09-21,NVTS,64,91,126,260918,82.40,600/ 11%ile,11.42
2026-09-21,NVTX,133,183,255,260918,156.29,97/  4%ile,15.42
2026-09-21,NVX,75,154,155,260918,112.15,178/ 34%ile,2.89
2026-09-21,NWBI,12,16,20,260629,22.34,89/ 14%ile,15.46
2026-09-21,NWE,18,19,24,260914,23.94,322/ 88%ile,68.47
2026-09-21,NWG,22,26,30,260918,35.57,405/ 75%ile,18.67
2026-09-21,NWL,54,60,66,260918,63.06,600/ 64%ile,5.48
2026-09-21,NWN,16,19,24,260918,21.34,289/ 64%ile,48.34
2026-09-21,NWPX,26,32,45,260918,56.99,251/ 58%ile,101.33
2026-09-21,NWS,22,29,28,260903,35.64,120/ 55%ile,32.68
2026-09-21,NWSA,21,27,27,260918,28.60,560/ 30%ile,29.78
2026-09-21,NX,81,68,67,260915,52.87,212/ 35%ile,20.09
2026-09-21,NXDR,56,59,63,260918,68.42,549/ 37%ile,2.49
2026-09-21,NXDT,33,59,56,260918,56.88,148/ 35%ile,5.11
2026-09-21,NXE,55,51,57,260918,56.43,600/  1%ile,9.35
2026-09-21,NXH,65,71,81,260918,96.74,599/ 51%ile,3.47
2026-09-21,NXPI,37,43,61,260918,42.69,600/ 66%ile,227.99
2026-09-21,NXPX,55,0.0,0.0,260803,113.75,1/100%ile,10.81
2026-09-21,NXRT,28,29,32,260812,37.39,49/ 61%ile,21.04
2026-09-21,NXST,29,31,35,260918,44.45,599/ 93%ile,156.53
2026-09-21,NXT,47,64,72,260918,69.15,600/ 66%ile,80.47
2026-09-21,NXTE,25,35,38,251107,26.74,16/ 18%ile,46.35
2026-09-21,NXTG,17,21,29,260810,37.70,448/ 91%ile,154.72
2026-09-21,NYSX,15,22,0.0,260918,31.01,55/ 63%ile,127.80
2026-09-21,NYT,28,44,38,260918,27.55,600/ 41%ile,70.21
2026-09-21,NZAC,11,13,14,260916,17.14,66/  7%ile,46.51
2026-09-21,O,13,16,18,260918,16.62,599/ 52%ile,56.63
2026-09-21,OABI,79,104,98,260918,106.88,160/ 90%ile,4.47
2026-09-21,OARK,24,28,28,260306,31.36,14/ 64%ile,29.75
2026-09-21,OBDC,17,22,23,260501,42.74,40/100%ile,11.17
2026-09-21,OBE,53,64,66,260918,75.37,535/ 96%ile,12.28
2026-09-21,OBIO,59,66,64,260916,125.10,66/ 81%ile,6.08
2026-09-21,OBK,14,18,20,260908,65.63,49/ 71%ile,53.73
2026-09-21,OC,35,35,47,260918,38.97,600/ 52%ile,123.90
2026-09-21,OCFC,20,22,24,260814,24.98,157/  3%ile,17.87
2026-09-21,OCGN,104,84,90,260918,103.71,532/  9%ile,1.07
2026-09-21,OCS,38,40,0.0,260622,80.00,5/ 20%ile,10.18
2026-09-21,OCSL,19,25,27,260916,19.07,51/ 27%ile,12.41
2026-09-21,OCUL,56,57,55,260918,64.30,589/  3%ile,9.99
2026-09-21,ODD,111,98,107,260918,82.96,600/ 73%ile,18.11
2026-09-21,ODDS,17,21,21,251113,20.71,17/ 70%ile,24.67
2026-09-21,ODDZ,15,20,0.0,260814,46.04,26/100%ile,22.66
2026-09-21,ODFL,30,33,37,260918,37.59,588/ 46%ile,173.00
2026-09-21,OEC,40,64,66,260918,71.67,438/ 77%ile,5.73
2026-09-21,OEF,10,13,13,260918,44.39,98/100%ile,380.20
2026-09-21,OFG,11,19,20,260819,61.12,175/ 71%ile,52.50
2026-09-21,OFIX,31,56,64,251023,51.82,24/ 79%ile,8.71
2026-09-21,OFRM,48,58,66,260918,79.78,106/ 77%ile,16.56
2026-09-21,OFS,35,46,50,260513,103.33,65/100%ile,3.61
2026-09-21,OGC,44,53,56,260918,61.42,93/ 72%ile,28.44
2026-09-21,OGE,15,16,19,260918,16.62,328/  8%ile,45.51
2026-09-21,OGG,52,66,62,260918,71.69,424/ 48%ile,2.72
2026-09-21,OGI,109,113,101,260918,114.34,405/ 88%ile,1.04
2026-09-21,OGIG,26,28,28,260918,48.20,173/ 68%ile,49.40
2026-09-21,OGN,4.7,6,25,260618,25.67,512/  2%ile,13.68
2026-09-21,OGS,19,20,21,260918,30.79,356/ 82%ile,75.19
2026-09-21,OHI,14,20,22,260918,20.54,600/ 57%ile,46.66
2026-09-21,OI,58,70,66,260918,66.89,600/ 96%ile,6.07
2026-09-21,OIH,29,30,31,260918,34.32,600/ 55%ile,398.54
2026-09-21,OII,49,54,48,260918,47.29,543/ 45%ile,46.29
2026-09-21,OILK,23,35,35,260918,27.00,317/ 16%ile,57.66
2026-09-21,OIS,36,42,49,260918,60.23,448/ 77%ile,8.41
2026-09-21,OKE,23,26,29,260918,28.19,600/ 58%ile,93.46
2026-09-21,OKLL,184,182,185,260918,141.13,211/  1%ile,10.23
2026-09-21,OKLO,86,89,92,260918,74.35,600/  2%ile,38.00
2026-09-21,OKTA,106,79,79,260918,52.73,600/ 63%ile,182.17
2026-09-21,OKTG,201,152,152,260918,114.24,158/ 43%ile,44.23
2026-09-21,OLED,45,41,46,260918,47.04,598/ 61%ile,78.30
2026-09-21,OLLI,54,42,50,260918,52.96,600/ 86%ile,75.84
2026-09-21,OLMA,49,56,61,260915,131.90,271/ 88%ile,9.82
2026-09-21,OLN,32,54,49,260918,52.02,600/ 49%ile,16.84
2026-09-21,OLP,12,20,20,260804,22.95,61/ 50%ile,22.85
2026-09-21,OM,38,66,94,260827,126.50,248/ 37%ile,3.15
2026-09-21,OMAB,18,23,30,260917,40.56,51/ 80%ile,97.45
2026-09-21,OMC,32,37,34,260918,32.39,600/ 76%ile,76.57
2026-09-21,OMCL,37,48,54,260904,51.38,370/ 30%ile,32.23
2026-09-21,OMDA,54,64,60,260918,63.19,214/  8%ile,20.43
2026-09-21,OMER,48,81,86,260918,71.90,599/  6%ile,17.87
2026-09-21,OMEX,55,121,114,260916,220.00,498/100%ile,0.74
2026-09-21,OMF,30,26,28,260918,28.65,600/ 32%ile,60.81
2026-09-21,OMFL,8,9,10,260827,27.49,105/ 98%ile,69.70
2026-09-21,ON,60,57,81,260918,56.47,600/ 68%ile,69.99
2026-09-21,ONB,16,19,22,260918,27.95,343/ 45%ile,25.27
2026-09-21,ONC,23,28,31,260918,39.88,484/  5%ile,350.84
2026-09-21,OND,21,30,27,260914,97.62,223/ 99%ile,33.14
2026-09-21,ONDG,146,166,194,260917,216.31,75/ 69%ile,2.19
2026-09-21,ONDS,73,84,100,260918,75.02,436/  1%ile,7.40
2026-09-21,ONDU,145,169,195,260917,187.62,20/ 55%ile,3.54
2026-09-21,ONEQ,13,17,19,260918,22.21,580/ 11%ile,104.42
2026-09-21,ONEV,10,12,12,260421,29.03,15/ 86%ile,145.21
2026-09-21,ONEW,57,54,56,260828,67.50,376/ 51%ile,9.14
2026-09-21,ONIT,29,40,52,260918,73.33,352/ 94%ile,31.79
2026-09-21,ONL,50,45,47,260908,80.63,151/ 88%ile,2.44
2026-09-21,ONLN,20,25,24,260831,59.43,117/ 78%ile,55.51
2026-09-21,ONON,29,62,52,260918,51.31,600/ 61%ile,27.25
2026-09-21,ONT,71,115,97,260918,58.27,387/  8%ile,18.11
2026-09-21,ONTO,67,93,88,260918,72.38,600/ 84%ile,263.43
2026-09-21,OOMA,57,48,47,260918,54.59,234/ 66%ile,22.73
2026-09-21,OPAD,49,110,124,260603,164.40,324/ 68%ile,5.15
2026-09-21,OPAL,49,80,70,260828,138.18,272/ 97%ile,1.87
2026-09-21,OPBK,14,23,26,260223,34.40,54/ 87%ile,15.41
2026-09-21,OPCH,25,32,58,260918,40.22,561/ 52%ile,24.30
2026-09-21,OPEG,118,152,144,260826,176.25,51/ 25%ile,1.14
2026-09-21,OPEN,63,78,74,260918,101.13,598/ 34%ile,2.55
2026-09-21,OPEX,89,147,140,260918,163.48,112/ 31%ile,4.46
2026-09-21,OPFI,45,76,64,260918,70.51,581/ 71%ile,6.56
2026-09-21,OPK,86,104,88,260918,59.76,483/ 30%ile,1.67
2026-09-21,OPLN,24,32,38,260918,46.59,299/ 77%ile,34.27
2026-09-21,OPPJ,15,21,22,260730,27.10,150/ 84%ile,59.95
2026-09-21,OPRA,31,40,39,260918,42.16,599/ 10%ile,18.06
2026-09-21,OPRT,43,88,72,260917,69.39,437/  7%ile,8.16
2026-09-21,OPRX,46,68,76,260918,73.53,532/ 33%ile,7.29
2026-09-21,OPTT,593,494,354,260918,145.11,191/  7%ile,2.14
2026-09-21,OPTU,77,100,162,260918,103.47,578/ 66%ile,1.08
2026-09-21,OPTX,80,0.0,0.0,260918,88.95,21/ 14%ile,6.79
2026-09-21,OPY,40,38,43,260918,44.33,512/ 71%ile,115.17
2026-09-21,OR,38,39,44,260918,47.03,594/ 72%ile,36.74
2026-09-21,ORA,50,47,44,260918,41.86,600/ 82%ile,97.34
2026-09-21,ORBS,195,153,152,260918,132.41,216/  7%ile,1.02
2026-09-21,ORBX,37,48,0.0,260918,57.59,67/ 11%ile,42.35
2026-09-21,ORC,20,21,22,260311,13.35,31/  6%ile,6.03
2026-09-21,ORCL,52,59,62,260918,50.38,600/ 58%ile,147.60
2026-09-21,ORCX,106,118,124,260918,99.18,242/ 16%ile,21.45
2026-09-21,ORCZ,108,0.0,0.0,260918,102.27,40/  7%ile,15.61
2026-09-21,ORGO,75,82,80,260828,191.88,274/ 96%ile,1.42
2026-09-21,ORI,16,20,20,260918,30.31,576/ 93%ile,39.95
2026-09-21,ORIC,45,77,73,260804,88.54,195/ 38%ile,12.79
2026-09-21,ORIO,128,115,100,251205,175.00,99/ 88%ile,1.04
2026-09-21,ORKA,48,55,68,260917,96.71,147/ 33%ile,94.96
2026-09-21,ORLY,21,27,31,260918,29.82,479/ 78%ile,84.71
2026-09-21,ORMP,51,44,60,260918,56.25,274/  4%ile,4.74
2026-09-21,ORN,44,74,68,260918,69.03,358/ 51%ile,9.05
2026-09-21,ORR,11,11,14,260918,17.67,173/  2%ile,38.37
2026-09-21,OSBC,13,17,20,260511,33.55,15/ 26%ile,24.99
2026-09-21,OSCR,42,58,65,260918,67.14,600/ 13%ile,32.13
2026-09-21,OSG,50,59,80,260918,70.59,206/ 47%ile,4.50
2026-09-21,OSIS,30,30,47,260918,45.20,562/ 59%ile,197.71
2026-09-21,OSK,31,35,42,260918,40.14,600/ 69%ile,146.61
2026-09-21,OSPN,40,34,36,260918,46.26,539/ 37%ile,17.51
2026-09-21,OSS,63,79,108,260918,88.76,593/  3%ile,9.05
2026-09-21,OSUR,41,41,48,260918,65.02,316/ 37%ile,3.56
2026-09-21,OSW,44,37,38,260904,37.52,39/ 25%ile,21.87
2026-09-21,OTEX,38,41,41,260918,43.94,556/ 76%ile,22.58
2026-09-21,OTIS,19,23,22,260918,25.63,599/ 78%ile,68.52
2026-09-21,OTLK,65,142,211,260918,182.14,346/ 49%ile,0.66
2026-09-21,OTLY,53,75,68,260918,69.37,460/ 20%ile,12.46
2026-09-21,OTTR,14,21,21,260918,40.59,70/ 64%ile,87.42
2026-09-21,OUNZ,24,25,25,260918,34.26,512/ 92%ile,42.05
2026-09-21,OUST,57,103,125,260918,92.03,600/ 21%ile,35.04
2026-09-21,OUT,18,20,25,260917,31.27,487/ 27%ile,27.98
2026-09-21,OVID,50,58,62,260918,127.35,284/ 40%ile,2.69
2026-09-21,OVV,33,36,37,260918,35.66,600/ 34%ile,62.37
2026-09-21,OWL,38,44,47,260918,45.71,600/ 67%ile,9.83
2026-09-21,OWLT,34,57,68,260910,79.38,222/  3%ile,4.74
2026-09-21,OXM,72,56,62,260918,49.70,503/ 36%ile,28.47
2026-09-21,OXSQ,34,55,71,260918,197.50,34/ 94%ile,1.27
2026-09-21,OXY,33,34,37,260918,33.99,600/ 61%ile,58.83
2026-09-21,OZEM,20,19,22,260908,36.50,388/ 89%ile,31.30
2026-09-21,OZK,17,20,22,260918,24.20,600/  2%ile,47.88
2026-09-21,P,71,70,74,260918,64.23,600/ 77%ile,103.94
2026-09-21,PAA,20,23,23,260918,18.83,552/ 63%ile,25.37
2026-09-21,PAAI,518,360,272,260428,125.00,157/ 40%ile,1.50
2026-09-21,PAAS,47,53,58,260918,48.58,600/ 50%ile,49.99
2026-09-21,PACB,123,110,110,260918,92.40,585/ 20%ile,1.37
2026-09-21,PACK,48,67,74,260918,76.46,469/ 52%ile,3.98
2026-09-21,PACS,31,35,58,260918,60.75,553/ 19%ile,42.12
2026-09-21,PAG,10,29,30,260918,23.47,599/  2%ile,212.61
2026-09-21,PAGP,21,20,21,260918,18.51,580/ 70%ile,27.67
2026-09-21,PAGS,41,36,41,260918,52.61,600/ 66%ile,9.26
2026-09-21,PAHC,36,32,66,260917,77.28,176/ 98%ile,34.56
2026-09-21,PAL,53,96,89,260918,82.16,246/ 87%ile,4.01
2026-09-21,PALC,13,16,18,260617,61.79,17/ 47%ile,54.12
2026-09-21,PALL,47,44,43,260918,42.51,417/ 58%ile,23.65
2026-09-21,PAM,26,28,33,260918,42.66,490/  5%ile,81.55
2026-09-21,PAMC,10,12,15,260917,40.91,35/ 82%ile,52.59
2026-09-21,PANG,158,121,114,260918,99.53,95/ 54%ile,32.64
2026-09-21,PANL,36,40,46,260918,51.35,377/ 50%ile,8.37
2026-09-21,PANW,80,61,58,260918,50.89,600/ 80%ile,363.58
2026-09-21,PAR,48,50,59,260918,68.11,591/ 68%ile,15.25
2026-09-21,PARR,51,66,61,260918,64.41,592/ 83%ile,84.37
2026-09-21,PATH,89,77,67,260918,61.69,600/ 45%ile,13.38
2026-09-21,PATK,28,33,37,260918,48.96,433/ 65%ile,68.71
2026-09-21,PATX,186,160,137,260918,117.28,125/ 11%ile,10.14
2026-09-21,PAVE,16,18,22,260918,27.66,600/ 73%ile,52.94
2026-09-21,PAWZ,16,19,19,260908,34.07,88/ 86%ile,48.67
2026-09-21,PAX,24,29,32,260914,38.60,205/ 86%ile,10.00
2026-09-21,PAY,48,83,70,260918,55.89,553/ 34%ile,35.04
2026-09-21,PAYC,31,62,55,260918,47.63,600/ 60%ile,226.28
2026-09-21,PAYO,0.0,0.0,42,260914,28.96,575/  3%ile,7.13
2026-09-21,PAYP,53,56,63,260911,51.19,73/  4%ile,17.71
2026-09-21,PAYS,53,74,68,260918,66.12,557/ 22%ile,12.34
2026-09-21,PAYX,24,30,31,260918,34.61,600/ 88%ile,116.14
2026-09-21,PB,12,15,18,260918,35.49,387/ 67%ile,70.02
2026-09-21,PBA,16,22,22,260918,21.87,559/ 71%ile,47.53
2026-09-21,PBD,19,25,29,260707,43.90,120/ 94%ile,17.22
2026-09-21,PBE,22,19,19,260811,84.61,399/100%ile,94.91
2026-09-21,PBF,68,71,65,260918,73.14,600/ 88%ile,77.19
2026-09-21,PBH,29,33,39,260917,38.15,176/ 69%ile,44.97
2026-09-21,PBI,22,28,31,260918,35.16,600/  0%ile,16.85
2026-09-21,PBJ,11,13,13,260831,19.19,311/  2%ile,46.54
2026-09-21,PBR,43,36,34,260918,47.93,595/ 98%ile,20.80
2026-09-21,PBRA,41,34,33,260918,45.98,154/ 98%ile,18.82
2026-09-21,PBRG,78,70,67,260918,84.25,23/ 34%ile,45.53
2026-09-21,PBT,21,42,50,260918,48.88,396/ 95%ile,35.30
2026-09-21,PBW,30,39,47,260918,51.98,342/ 84%ile,30.66
2026-09-21,PBYI,39,43,41,260911,69.69,384/  8%ile,9.60
2026-09-21,PCAR,20,24,29,260918,29.73,600/ 50%ile,116.06
2026-09-21,PCB,12,21,23,251013,24.15,49/  6%ile,27.64
2026-09-21,PCG,97,65,49,260918,52.18,600/ 93%ile,13.19
2026-09-21,PCOR,51,55,58,260918,59.71,600/ 82%ile,51.27
2026-09-21,PCRX,30,37,34,260918,47.75,420/  5%ile,24.69
2026-09-21,PCT,44,68,81,260918,84.63,600/ 17%ile,5.72
2026-09-21,PCTY,35,41,45,260918,52.05,600/ 79%ile,143.73
2026-09-21,PCVX,23,36,45,260917,93.41,391/ 88%ile,58.13
2026-09-21,PCYO,26,24,29,260108,41.33,52/ 88%ile,11.05
2026-09-21,PD,47,57,74,260918,60.25,599/ 68%ile,14.00
2026-09-21,PDBA,12,12,13,260918,20.53,95/ 54%ile,37.55
2026-09-21,PDBC,20,24,23,260917,30.10,296/ 83%ile,19.66
2026-09-21,PDD,21,29,38,260918,34.82,600/ 14%ile,78.92
2026-09-21,PDFS,63,79,86,260918,81.64,241/ 75%ile,44.31
2026-09-21,PDLB,19,20,21,260410,26.50,3/ 33%ile,20.31
2026-09-21,PDM,30,27,31,260917,31.25,274/  8%ile,9.13
2026-09-21,PDP,23,31,30,260918,28.68,141/  7%ile,135.38
2026-09-21,PDS,39,42,45,260918,48.89,537/ 58%ile,87.65
2026-09-21,PDSB,350,355,269,260918,162.78,77/ 85%ile,0.81
2026-09-21,PDYN,50,56,81,260918,87.46,425/  7%ile,5.68
2026-09-21,PEB,25,25,31,260821,43.10,345/ 19%ile,18.04
2026-09-21,PEBO,11,17,20,251008,24.45,51/ 33%ile,39.39
2026-09-21,PECO,12,16,17,260804,86.41,137/ 89%ile,37.16
2026-09-21,PEG,17,15,18,260918,20.83,599/ 22%ile,69.77
2026-09-21,PEGA,43,62,53,260918,57.81,600/ 74%ile,35.05
2026-09-21,PEJ,17,16,18,260831,57.68,150/ 94%ile,61.81
2026-09-21,PEN,7,7,7,260330,16.57,436/  0%ile,317.60
2026-09-21,PENG,68,94,108,260918,97.26,600/ 87%ile,53.30
2026-09-21,PENN,32,35,43,260918,41.31,600/  1%ile,16.45
2026-09-21,PEO,21,21,21,260903,20.00,46/ 39%ile,28.65
2026-09-21,PEP,14,19,22,260918,24.63,600/ 78%ile,129.64
2026-09-21,PEPG,51,100,91,260909,201.65,154/ 81%ile,2.85
2026-09-21,PERI,31,27,42,260918,60.13,596/ 90%ile,8.66
2026-09-21,PESI,57,65,74,260918,84.83,469/ 70%ile,17.45
2026-09-21,PETS,44,40,64,260811,73.75,484/ 16%ile,1.61
2026-09-21,PEW,51,53,67,260918,77.56,352/  7%ile,2.15
2026-09-21,PEY,11,16,16,260618,13.92,31/  9%ile,23.61
2026-09-21,PEZ,18,17,17,260901,45.23,27/ 85%ile,93.36
2026-09-21,PFBC,16,19,19,260915,27.97,35/  5%ile,105.42
2026-09-21,PFE,19,21,21,260918,22.26,600/ 20%ile,27.61
2026-09-21,PFF,8,8,8,260708,8.59,108/ 39%ile,30.00
2026-09-21,PFG,28,22,22,260918,32.59,587/ 87%ile,117.67
2026-09-21,PFGC,23,27,28,260918,37.43,600/ 77%ile,91.93
2026-09-21,PFI,17,17,16,260806,33.38,372/ 14%ile,59.76
2026-09-21,PFIX,28,30,31,260805,34.96,188/  5%ile,53.33
2026-09-21,PFLT,23,26,28,260827,17.66,38/ 34%ile,7.01
2026-09-21,PFM,9,9,8,260709,88.85,37/ 91%ile,55.89
2026-09-21,PFS,14,19,21,260723,27.50,26/ 15%ile,23.06
2026-09-21,PFSI,23,38,34,260918,44.52,600/ 92%ile,66.36
2026-09-21,PG,15,16,20,260918,19.50,600/ 58%ile,146.39
2026-09-21,PGC,14,19,26,260707,111.58,53/100%ile,45.28
2026-09-21,PGEN,45,55,65,260918,74.20,523/  3%ile,7.77
2026-09-21,PGJ,18,22,24,260918,23.94,319/  0%ile,22.39
2026-09-21,PGNY,27,36,49,260918,51.66,592/ 37%ile,27.14
2026-09-21,PGR,20,34,30,260918,26.63,600/ 35%ile,213.48
2026-09-21,PGY,64,68,70,260918,70.75,600/ 11%ile,20.42
2026-09-21,PH,24,27,27,260917,27.45,396/ 61%ile,943.54
2026-09-21,PHAT,63,86,73,260826,132.50,363/ 84%ile,7.48
2026-09-21,PHG,14,25,27,260918,32.49,596/ 49%ile,24.68
2026-09-21,PHIN,28,41,41,260918,41.02,592/ 33%ile,61.42
2026-09-21,PHM,25,30,34,260918,35.56,600/ 34%ile,117.26
2026-09-21,PHO,12,17,17,260918,25.50,584/ 74%ile,68.17
2026-09-21,PHR,42,49,52,260918,63.89,588/ 67%ile,10.04
2026-09-21,PHUN,38,51,57,260918,95.42,361/ 25%ile,1.96
2026-09-21,PI,49,51,65,260918,67.81,600/ 49%ile,181.23
2026-09-21,PICK,28,28,34,260918,32.43,506/ 70%ile,61.81
2026-09-21,PID,12,10,11,250930,21.88,81/ 62%ile,22.09
2026-09-21,PIE,19,31,34,260729,62.44,6/100%ile,34.03
2026-09-21,PII,31,40,45,260918,53.78,600/ 69%ile,54.07
2026-09-21,PILL,54,65,68,260918,65.44,404/ 58%ile,17.35
2026-09-21,PINC,3.4,2.9,92,251016,12.97,284/  2%ile,28.26
2026-09-21,PINE,17,21,25,260917,30.11,120/ 95%ile,17.73
2026-09-21,PINK,15,16,16,260127,23.23,286/ 94%ile,38.77
2026-09-21,PINS,51,51,51,260918,54.31,600/ 64%ile,18.60
2026-09-21,PIO,11,13,15,260520,18.37,54/ 11%ile,42.92
2026-09-21,PIPR,26,29,33,260918,45.99,494/ 77%ile,72.36
2026-09-21,PIT,18,21,22,260917,45.56,23/ 56%ile,83.44
2026-09-21,PIZ,16,22,27,260622,35.52,142/ 90%ile,53.54
2026-09-21,PJP,16,17,18,260901,49.50,238/ 84%ile,125.37
2026-09-21,PJT,34,35,36,260918,40.05,527/ 74%ile,151.47
2026-09-21,PK,24,27,30,260917,28.33,280/ 17%ile,14.99
2026-09-21,PKB,20,23,26,260810,34.07,439/ 48%ile,91.69
2026-09-21,PKBK,15,21,20,260915,24.82,16/ 25%ile,33.87
2026-09-21,PKE,34,46,54,260918,55.08,262/ 66%ile,30.34
2026-09-21,PKG,24,29,30,260918,31.17,599/ 65%ile,232.77
2026-09-21,PKOH,33,52,49,260911,52.31,25/ 68%ile,46.06
2026-09-21,PKW,12,12,12,260909,21.84,111/ 23%ile,148.49
2026-09-21,PKX,38,45,50,260918,49.19,359/ 72%ile,58.21
2026-09-21,PL,48,58,89,260918,68.46,600/  4%ile,16.43
2026-09-21,PLAB,50,50,94,260918,54.31,600/ 53%ile,29.11
2026-09-21,PLAY,102,81,78,260918,76.49,600/ 55%ile,6.73
2026-09-21,PLBY,66,89,90,260724,104.13,335/ 31%ile,1.05
2026-09-21,PLCE,130,100,96,260918,126.05,599/ 70%ile,2.04
2026-09-21,PLD,17,21,23,260918,23.26,600/ 23%ile,134.84
2026-09-21,PLG,80,88,88,260918,100.77,322/ 24%ile,1.41
2026-09-21,PLMR,24,39,40,260918,43.16,425/ 27%ile,136.00
2026-09-21,PLNT,29,38,71,260918,43.24,600/ 66%ile,49.49
2026-09-21,PLOW,22,32,44,260917,39.00,331/ 74%ile,39.89
2026-09-21,PLRX,55,51,57,260818,219.72,240/ 97%ile,1.11
2026-09-21,PLSE,73,69,77,260918,70.56,198/ 13%ile,53.87
2026-09-21,PLTD,49,94,79,260918,56.60,212/ 24%ile,5.08
2026-09-21,PLTG,104,146,131,260918,101.29,243/ 24%ile,18.05
2026-09-21,PLTK,51,81,72,260918,105.15,452/ 98%ile,2.21
2026-09-21,PLTR,52,77,68,260918,49.44,600/ 20%ile,177.52
2026-09-21,PLTU,104,146,131,260918,100.55,189/ 29%ile,51.15
2026-09-21,PLTW,63,91,81,260918,46.07,152/ 45%ile,23.83
2026-09-21,PLTY,40,68,58,260915,33.20,279/ 54%ile,35.26
2026-09-21,PLUG,64,74,84,260918,78.59,599/  1%ile,2.08
2026-09-21,PLUL,98,114,145,260813,174.51,21/  4%ile,7.12
2026-09-21,PLUS,27,29,34,260918,36.64,282/ 13%ile,91.00
2026-09-21,PLX,51,62,61,260918,57.08,352/  0%ile,2.70
2026-09-21,PLXS,32,40,42,260918,46.26,418/ 78%ile,246.73
2026-09-21,PM,22,28,29,260918,27.41,600/ 68%ile,188.60
2026-09-21,PMCB,103,108,117,260109,161.88,10/ 70%ile,0.46
2026-09-21,PMT,22,27,33,260911,31.22,261/ 89%ile,8.80
2026-09-21,PNC,20,17,21,260918,24.08,600/ 18%ile,233.17
2026-09-21,PNFP,23,26,25,260918,39.08,446/ 63%ile,96.75
2026-09-21,PNNT,33,40,43,260918,107.50,30/ 73%ile,3.40
2026-09-21,PNQI,20,22,22,260904,47.89,366/ 94%ile,50.60
2026-09-21,PNR,18,47,41,260918,35.56,600/ 80%ile,55.92
2026-09-21,PNTG,39,34,39,260729,66.67,54/ 87%ile,39.62
2026-09-21,PNW,11,14,17,260918,22.61,600/ 70%ile,94.21
2026-09-21,PODD,33,62,62,260918,42.81,549/ 48%ile,140.60
2026-09-21,POEL,142,187,0.0,260902,130.06,21/  4%ile,8.56
2026-09-21,POET,68,95,176,260918,82.69,600/ 45%ile,7.80
2026-09-21,PONX,125,107,121,260918,123.89,60/ 11%ile,14.03
2026-09-21,PONY,61,52,58,260918,72.94,347/  6%ile,6.80
2026-09-21,POOL,23,37,38,260918,33.74,438/ 47%ile,167.96
2026-09-21,POR,13,17,20,260918,18.79,539/ 17%ile,47.24
2026-09-21,POST,30,44,37,260918,45.43,597/ 96%ile,76.57
2026-09-21,POW,31,37,0.0,260915,46.71,60/ 66%ile,25.70
2026-09-21,POWA,12,13,12,260811,41.41,424/100%ile,87.13
2026-09-21,POWI,48,63,72,260918,59.28,363/ 56%ile,50.39
2026-09-21,POWL,46,62,68,260918,59.78,567/ 14%ile,183.96
2026-09-21,POWR,20,18,20,260916,29.30,118/100%ile,24.69
2026-09-21,POWW,36,56,56,260918,49.46,330/  1%ile,2.19
2026-09-21,PPA,17,20,23,260918,25.18,503/ 42%ile,159.78
2026-09-21,PPBT,131,104,145,260902,219.61,31/100%ile,1.45
2026-09-21,PPC,25,39,41,260918,39.86,598/ 73%ile,29.85
2026-09-21,PPG,20,29,32,260918,28.58,600/ 60%ile,104.52
2026-09-21,PPH,20,21,21,260918,21.85,597/ 65%ile,111.17
2026-09-21,PPIH,35,37,54,260918,51.79,297/  8%ile,30.55
2026-09-21,PPL,18,17,19,260918,21.40,600/ 77%ile,33.34
2026-09-21,PPLI,26,35,36,260914,40.90,574/ 65%ile,36.19
2026-09-21,PPLT,36,38,41,260918,38.43,413/ 57%ile,16.32
2026-09-21,PPSI,59,66,88,260918,98.08,531/ 62%ile,3.51
2026-09-21,PPTA,52,67,71,260918,65.75,600/  1%ile,23.24
2026-09-21,PR,35,37,37,260918,40.91,600/ 85%ile,22.76
2026-09-21,PRAA,39,47,56,260918,55.93,455/ 69%ile,21.00
2026-09-21,PRAX,41,58,71,260410,78.31,423/ 11%ile,298.95
2026-09-21,PRCH,36,66,70,260918,76.52,596/ 10%ile,15.90
2026-09-21,PRCT,62,63,69,260918,66.67,593/ 56%ile,19.30
2026-09-21,PRDO,12,46,39,260918,37.72,458/ 53%ile,32.55
2026-09-21,PRE,84,0.0,0.0,260901,104.46,6/100%ile,24.19
2026-09-21,PRFZ,12,14,16,260918,34.87,277/ 96%ile,53.00
2026-09-21,PRG,37,38,54,260918,65.11,509/ 93%ile,35.48
2026-09-21,PRGO,35,64,59,260918,46.14,592/ 54%ile,13.56
2026-09-21,PRGS,50,45,56,260918,67.74,594/ 91%ile,40.11
2026-09-21,PRI,20,21,22,260914,23.69,66/ 56%ile,290.59
2026-09-21,PRIM,38,57,136,260918,63.96,598/ 83%ile,77.13
2026-09-21,PRKS,39,35,44,260918,74.10,540/ 98%ile,34.19
2026-09-21,PRLB,40,48,42,260918,45.93,598/ 47%ile,87.75
2026-09-21,PRLD,86,87,90,260918,131.59,241/ 20%ile,4.86
2026-09-21,PRM,34,66,62,260918,54.07,543/ 64%ile,32.18
2026-09-21,PRMB,29,40,42,260918,43.57,598/ 69%ile,20.52
2026-09-21,PRME,78,85,87,260918,136.69,476/ 79%ile,3.12
2026-09-21,PRNT,20,20,24,260904,19.79,128/  2%ile,24.36
2026-09-21,PROF,60,60,53,260916,74.56,199/ 73%ile,5.86
2026-09-21,PROK,95,92,84,260918,124.15,360/ 25%ile,1.89
2026-09-21,PROP,196,171,164,260918,203.91,361/ 96%ile,0.43
2026-09-21,PRPL,67,188,145,250923,137.50,51/ 58%ile,3.20
2026-09-21,PRQR,45,66,91,260918,212.06,165/ 98%ile,1.84
2026-09-21,PRSU,24,28,29,260911,73.41,40/ 60%ile,48.86
2026-09-21,PRTA,43,40,51,260918,55.99,539/  5%ile,8.58
2026-09-21,PRTH,41,65,61,260918,57.14,311/ 23%ile,5.83
2026-09-21,PRTS,91,89,87,260918,95.53,148/ 35%ile,8.52
2026-09-21,PRU,22,20,21,260918,25.02,600/ 70%ile,118.40
2026-09-21,PRVA,18,30,31,260917,40.93,333/ 16%ile,19.85
2026-09-21,PS,83,65,98,260915,50.37,528/ 34%ile,49.83
2026-09-21,PSA,19,21,23,260918,25.21,600/ 61%ile,296.31
2026-09-21,PSCC,15,18,19,251118,20.48,174/ 32%ile,34.76
2026-09-21,PSCD,19,21,23,260115,31.53,236/ 77%ile,107.93
2026-09-21,PSCE,25,28,29,260917,32.56,127/ 29%ile,61.50
2026-09-21,PSCF,11,14,15,260807,38.12,362/ 75%ile,63.31
2026-09-21,PSCH,12,15,17,260302,21.17,91/ 34%ile,53.71
2026-09-21,PSCI,16,19,21,260831,29.03,349/ 58%ile,163.74
2026-09-21,PSCM,18,20,23,260824,45.07,452/ 93%ile,93.84
2026-09-21,PSCT,24,32,38,260918,32.60,103/ 43%ile,78.80
2026-09-21,PSEC,50,54,54,260731,56.25,123/ 86%ile,2.18
2026-09-21,PSFE,46,71,69,260918,66.75,600/ 65%ile,6.23
2026-09-21,PSI,49,64,67,260918,43.97,477/ 52%ile,139.47
2026-09-21,PSIL,29,28,35,260918,33.51,292/  1%ile,24.79
2026-09-21,PSIX,79,99,124,260918,78.93,297/  6%ile,45.87
2026-09-21,PSKY,40,41,39,260918,62.55,279/ 78%ile,10.19
2026-09-21,PSL,13,14,14,260909,60.47,44/100%ile,109.30
2026-09-21,PSMT,21,30,28,260918,43.61,457/ 82%ile,168.66
2026-09-21,PSN,38,107,83,260918,69.15,599/ 99%ile,44.82
2026-09-21,PSNL,55,70,85,260915,38.75,359/  1%ile,16.40
2026-09-21,PSNY,134,103,90,260918,85.23,444/  4%ile,7.86
2026-09-21,PSO,21,28,25,260417,29.57,11/ 81%ile,15.71
2026-09-21,PSP,18,20,22,260814,27.68,111/ 90%ile,58.56
2026-09-21,PSQ,15,20,23,260918,20.65,589/ 48%ile,25.72
2026-09-21,PSQH,126,150,178,260319,136.25,472/ 75%ile,3.66
2026-09-21,PSR,9,13,14,260911,37.06,141/ 98%ile,99.65
2026-09-21,PST,10,10,11,260916,11.63,433/ 12%ile,24.66
2026-09-21,PSTL,18,21,24,260918,31.78,93/ 88%ile,23.63
2026-09-21,PSWD,43,36,0.0,260901,70.60,8/ 75%ile,46.51
2026-09-21,PSX,24,30,31,260918,42.45,600/ 96%ile,273.07
2026-09-21,PTC,45,46,46,260918,48.74,599/ 96%ile,135.89
2026-09-21,PTCT,31,38,47,260918,57.76,520/ 27%ile,65.37
2026-09-21,PTEN,47,59,56,260918,58.49,600/ 80%ile,11.78
2026-09-21,PTF,52,72,68,260918,48.63,600/ 84%ile,103.24
2026-09-21,PTGX,28,40,44,260918,46.97,416/ 22%ile,143.00
2026-09-21,PTH,24,29,29,260828,62.64,31/ 74%ile,61.14
2026-09-21,PTIN,14,15,0.0,260902,43.44,10/ 40%ile,36.72
2026-09-21,PTIR,105,146,130,260918,97.86,483/ 25%ile,19.05
2026-09-21,PTLC,11,12,13,260916,29.18,67/ 47%ile,59.51
2026-09-21,PTLO,50,50,66,260918,65.17,600/ 67%ile,3.75
2026-09-21,PTNQ,14,20,22,260918,28.91,150/ 31%ile,86.95
2026-09-21,PTON,51,62,62,260918,52.38,600/  1%ile,4.97
2026-09-21,PTRN,38,52,60,260918,66.78,195/  6%ile,19.57
2026-09-21,PUBM,36,74,63,260918,60.02,600/ 33%ile,17.55
2026-09-21,PUI,16,15,16,251119,31.44,60/ 28%ile,42.43
2026-09-21,PUK,23,28,33,251222,30.00,150/  8%ile,26.09
2026-09-21,PUMP,56,60,61,260918,77.92,582/ 78%ile,10.48
2026-09-21,PURR,111,104,107,260918,103.02,122/ 20%ile,14.06
2026-09-21,PUSA,50,78,102,260918,115.00,108/  2%ile,3.47
2026-09-21,PVH,44,40,56,260918,39.69,600/ 20%ile,73.35
2026-09-21,PVL,62,54,50,260327,136.13,2/100%ile,1.86
2026-09-21,PVLA,34,78,78,260918,60.66,125/  8%ile,150.56
2026-09-21,PWB,19,26,29,260918,29.80,562/ 43%ile,157.36
2026-09-21,PWP,46,64,60,260918,58.34,198/ 87%ile,12.96
2026-09-21,PWR,38,53,54,260918,38.63,588/ 47%ile,636.71
2026-09-21,PWRD,26,29,33,251110,28.55,118/ 31%ile,104.81
2026-09-21,PXE,25,28,30,260918,35.59,94/ 80%ile,41.81
2026-09-21,PXI,21,24,26,260918,35.89,359/ 28%ile,64.99
2026-09-21,PXJ,24,26,27,260918,47.78,74/ 83%ile,46.58
2026-09-21,PYPD,43,93,78,260918,127.67,147/ 87%ile,5.21
2026-09-21,PYPG,126,113,93,260918,75.18,208/ 30%ile,6.90
2026-09-21,PYPL,59,55,46,260918,34.61,600/ 41%ile,52.41
2026-09-21,PYPY,55,52,41,260505,11.67,12/ 66%ile,25.68
2026-09-21,PYXS,90,123,128,260918,156.80,330/ 47%ile,3.35
2026-09-21,PYZ,20,21,24,260810,32.69,483/ 67%ile,117.55
2026-09-21,PZA,7,6,6,260917,122.19,13/100%ile,22.02
2026-09-21,PZZA,44,57,55,260918,58.65,600/ 69%ile,19.78
2026-09-21,Q,48,47,59,260918,51.08,200/ 20%ile,120.05
2026-09-21,QABA,13,16,18,260313,33.31,49/ 77%ile,66.87
2026-09-21,QAI,5,6,8,260622,9.34,13/ 15%ile,36.15
2026-09-21,QBTS,80,90,104,260918,71.27,598/  0%ile,17.11
2026-09-21,QBTX,157,186,208,260918,123.00,253/  1%ile,6.15
2026-09-21,QBTZ,156,208,269,260918,135.18,86/  9%ile,16.22
2026-09-21,QCLN,32,38,48,260918,52.83,369/ 84%ile,47.82
2026-09-21,QCML,60,81,144,260918,92.44,276/ 69%ile,17.33
2026-09-21,QCOM,30,40,71,260918,48.47,600/ 80%ile,177.91
2026-09-21,QCRH,14,19,21,260824,29.25,94/  2%ile,99.98
2026-09-21,QDEF,9,9,9,260828,32.06,25/ 60%ile,89.89
2026-09-21,QDEL,59,91,97,260918,83.99,575/ 80%ile,10.64
2026-09-21,QDPL,9,10,12,251010,73.74,1/100%ile,46.00
2026-09-21,QDTE,14,18,21,260812,12.08,81/ 56%ile,28.82
2026-09-21,QDVO,10,13,0.0,260521,9.69,1/100%ile,29.88
2026-09-21,QEMM,13,16,22,260918,32.14,225/ 61%ile,81.14
2026-09-21,QETH,52,47,52,260914,77.10,48/ 52%ile,26.23
2026-09-21,QFIN,85,64,70,260918,63.40,591/ 89%ile,8.09
2026-09-21,QGEN,34,37,38,260918,39.80,567/ 73%ile,43.33
2026-09-21,QGRO,12,14,16,260916,29.36,141/ 19%ile,116.62
2026-09-21,QGRW,14,18,20,260918,33.31,353/ 67%ile,67.25
2026-09-21,QID,28,39,46,260918,40.62,597/ 49%ile,14.10
2026-09-21,QLD,27,39,45,260918,35.08,600/ 24%ile,91.02
2026-09-21,QLYS,76,71,61,260918,56.89,586/ 91%ile,174.96
2026-09-21,QMCO,73,138,131,260918,100.64,69/  1%ile,25.09
2026-09-21,QMOM,19,23,27,260805,44.10,152/ 80%ile,72.58
2026-09-21,QNC,94,83,0.0,260918,114.27,73/ 49%ile,1.70
2026-09-21,QNCX,66,73,93,260211,220.00,109/100%ile,18.82
2026-09-21,QNDX,13,0.0,0.0,260918,20.17,45/  6%ile,24.44
2026-09-21,QNST,33,84,68,260918,57.77,513/ 67%ile,17.55
2026-09-21,QNT,60,95,0.0,260918,91.95,71/ 33%ile,51.58
2026-09-21,QNXT,13,15,16,260617,56.52,4/ 25%ile,30.28
2026-09-21,QPUX,135,150,180,260910,140.85,112/  5%ile,12.65
2026-09-21,QPX,11,14,16,260917,63.08,7/ 57%ile,48.33
2026-09-21,QQH,17,24,29,260918,29.01,473/  9%ile,84.84
2026-09-21,QQQ,13,20,22,260918,14.79,600/ 10%ile,721.34
2026-09-21,QQQA,20,28,42,260918,42.48,340/ 75%ile,68.83
2026-09-21,QQQD,15,23,24,260903,39.53,66/ 90%ile,12.13
2026-09-21,QQQE,11,14,18,260918,26.34,600/ 66%ile,117.82
2026-09-21,QQQH,10,12,13,260918,8.84,95/  8%ile,54.96
2026-09-21,QQQI,12,18,20,260918,12.87,398/ 70%ile,54.39
2026-09-21,QQQJ,16,16,19,260918,23.39,600/ 64%ile,44.19
2026-09-21,QQQM,14,19,22,260918,19.03,600/  7%ile,297.01
2026-09-21,QQQP,29,42,43,260918,38.76,280/ 18%ile,220.09
2026-09-21,QQXT,10,13,12,260810,21.68,512/  8%ile,96.73
2026-09-21,QRHC,45,85,88,260123,96.52,214/ 90%ile,1.40
2026-09-21,QRVO,57,44,48,260918,48.34,599/ 78%ile,117.18
2026-09-21,QS,45,66,76,260918,72.70,600/ 28%ile,5.02
2026-09-21,QSI,113,102,108,260916,154.30,475/ 69%ile,0.75
2026-09-21,QSR,30,26,27,260918,26.27,600/ 71%ile,72.88
2026-09-21,QTEC,20,28,34,260918,28.67,579/ 21%ile,312.97
2026-09-21,QTOP,15,23,25,260918,26.99,296/ 67%ile,38.07
2026-09-21,QTRX,75,145,128,260916,124.43,342/ 91%ile,3.07
2026-09-21,QTTB,49,167,175,260911,77.83,56/  3%ile,10.54
2026-09-21,QTUM,24,34,39,260918,28.90,596/ 19%ile,147.79
2026-09-21,QTWO,24,36,48,260918,53.30,583/ 59%ile,58.73
2026-09-21,QUAD,36,44,47,260917,54.58,505/ 51%ile,9.43
2026-09-21,QUAL,9,10,11,260918,20.68,597/ 22%ile,219.22
2026-09-21,QUBT,62,67,90,260918,71.73,501/  2%ile,8.69
2026-09-21,QUBX,124,132,177,260918,129.67,260/  3%ile,7.54
2026-09-21,QUIK,41,66,100,260918,75.55,582/ 25%ile,10.72
2026-09-21,QURE,43,47,116,260918,104.50,596/ 44%ile,44.00
2026-09-21,QUS,9,9,9,260918,26.98,377/ 57%ile,190.97
2026-09-21,QVMT,11,17,18,260811,27.70,198/ 24%ile,65.20
2026-09-21,QWLD,10,9,9,260504,18.87,354/ 14%ile,152.46
2026-09-21,QXO,45,61,61,260918,64.55,523/ 73%ile,11.40
2026-09-21,QYLD,12,14,14,260624,12.47,5/ 20%ile,18.56
2026-09-21,QYLG,12,16,17,260817,11.68,13/ 23%ile,29.93
2026-09-21,R,15,23,27,260918,34.81,599/ 45%ile,238.54
2026-09-21,RAAX,13,13,15,260731,20.08,29/ 17%ile,41.11
2026-09-21,RACE,24,26,33,260918,31.79,600/ 56%ile,406.69
2026-09-21,RAIL,50,48,51,260918,71.55,506/ 25%ile,7.35
2026-09-21,RAL,39,36,45,260918,57.52,263/ 72%ile,67.96
2026-09-21,RAM,111,168,0.0,260918,111.57,59/  6%ile,13.52
2026-09-21,RAMP,4.0,6,41,260608,11.86,501/  0%ile,37.66
2026-09-21,RAMZ,108,0.0,0.0,260918,118.16,34/ 20%ile,14.49
2026-09-21,RANI,80,140,135,260819,131.82,291/ 33%ile,0.86
2026-09-21,RAPP,40,49,52,260915,115.43,69/ 91%ile,40.45
2026-09-21,RARE,214,138,106,260918,72.25,493/ 51%ile,14.51
2026-09-21,RAVE,41,36,50,260918,74.08,198/ 41%ile,2.88
2026-09-21,RBA,27,47,38,260918,42.97,599/ 96%ile,83.20
2026-09-21,RBB,15,18,21,260918,29.62,64/ 40%ile,26.70
2026-09-21,RBBN,55,65,71,260915,95.63,348/ 83%ile,1.72
2026-09-21,RBC,29,29,31,260918,35.11,439/ 50%ile,501.01
2026-09-21,RBCAA,17,23,23,260727,40.01,13/100%ile,93.84
2026-09-21,RBLD,15,14,15,260811,26.14,373/ 16%ile,84.03
2026-09-21,RBLU,116,207,191,260918,115.90,267/ 48%ile,5.43
2026-09-21,RBLX,60,89,86,260918,58.58,600/ 54%ile,47.82
2026-09-21,RBLY,52,78,73,251014,59.01,2/100%ile,9.93
2026-09-21,RBRK,96,78,68,260918,61.36,599/ 37%ile,106.60
2026-09-21,RC,56,76,79,260918,112.82,537/ 96%ile,1.66
2026-09-21,RCAT,73,87,103,260918,89.56,594/  3%ile,6.75
2026-09-21,RCEL,58,138,108,260916,85.00,296/ 42%ile,11.02
2026-09-21,RCI,22,26,26,260918,24.47,514/ 55%ile,35.08
2026-09-21,RCKT,54,58,65,260918,114.06,560/ 53%ile,3.37
2026-09-21,RCL,25,30,41,260918,39.60,600/ 48%ile,245.72
2026-09-21,RCLY,2.2,0.0,0.0,260810,75.23,3/100%ile,103.50
2026-09-21,RCON,141,548,399,260402,220.00,114/100%ile,1.28
2026-09-21,RCUS,52,47,52,260826,85.85,312/ 49%ile,25.24
2026-09-21,RDDT,56,85,82,260918,59.54,600/  7%ile,150.84
2026-09-21,RDI,90,88,80,260917,99.38,14/ 78%ile,1.97
2026-09-21,RDIV,12,13,14,260909,78.96,105/100%ile,59.72
2026-09-21,RDN,16,27,26,260918,25.87,513/ 22%ile,35.01
2026-09-21,RDNT,32,39,41,260918,51.75,600/ 55%ile,76.00
2026-09-21,RDNW,37,48,55,260303,101.56,293/ 65%ile,5.64
2026-09-21,RDTL,111,180,167,260918,119.95,341/  8%ile,12.85
2026-09-21,RDVT,40,48,51,260918,49.17,256/ 36%ile,75.71
2026-09-21,RDVY,11,11,14,260811,40.74,68/ 66%ile,79.31
2026-09-21,RDW,55,83,118,260918,83.37,600/ 27%ile,10.74
2026-09-21,RDWR,38,60,50,260918,60.13,523/ 99%ile,29.13
2026-09-21,RDWU,108,166,0.0,260918,168.93,54/ 25%ile,6.16
2026-09-21,RDY,25,32,33,260917,33.76,112/ 50%ile,12.19
2026-09-21,REAL,34,41,62,260918,69.09,600/  4%ile,9.45
2026-09-21,REAX,903,572,409,260918,90.81,541/ 86%ile,16.53
2026-09-21,REFI,15,21,26,260730,17.45,4/ 50%ile,10.98
2026-09-21,REFR,103,163,131,251126,116.88,123/ 84%ile,0.65
2026-09-21,REG,12,14,16,260918,28.04,408/ 69%ile,72.95
2026-09-21,REGL,8,11,12,260811,16.43,270/ 70%ile,89.33
2026-09-21,REGN,28,30,35,260917,29.04,479/ 18%ile,784.85
2026-09-21,REI,55,64,96,260918,71.72,425/ 37%ile,1.45
2026-09-21,REK,10,15,17,260327,33.33,270/100%ile,16.38
2026-09-21,REKR,127,130,141,260908,120.00,490/ 34%ile,0.44
2026-09-21,RELL,44,86,78,260918,74.98,235/ 49%ile,16.06
2026-09-21,RELX,38,39,36,260918,38.66,445/ 85%ile,33.41
2026-09-21,RELY,56,54,50,260918,53.90,590/ 41%ile,21.93
2026-09-21,REM,17,18,17,260918,19.58,498/ 81%ile,19.58
2026-09-21,REMX,36,42,46,260918,43.45,529/ 55%ile,69.01
2026-09-21,REPL,56,210,198,260918,85.53,392/  7%ile,13.07
2026-09-21,REPX,29,31,46,260918,43.81,410/ 37%ile,43.55
2026-09-21,RES,33,40,46,260918,69.06,497/ 94%ile,5.86
2026-09-21,RETL,60,62,64,260917,72.11,549/ 57%ile,7.07
2026-09-21,REW,44,57,65,260709,71.47,149/ 93%ile,11.11
2026-09-21,REX,33,30,31,260917,42.04,320/ 20%ile,43.23
2026-09-21,REXR,17,30,27,260918,27.70,534/ 42%ile,38.39
2026-09-21,REYN,25,23,25,260917,25.40,119/ 60%ile,22.12
2026-09-21,REZ,10,15,17,260330,65.81,360/ 99%ile,89.64
2026-09-21,REZI,40,72,69,260918,59.69,482/ 79%ile,18.37
2026-09-21,RF,22,22,23,260918,27.28,600/ 44%ile,28.50
2026-09-21,RFG,15,19,21,260421,70.12,98/ 93%ile,59.74
2026-09-21,RFIL,66,78,89,260916,97.79,256/ 84%ile,8.01
2026-09-21,RFL,83,76,97,260918,219.78,102/ 97%ile,2.05
2026-09-21,RFV,14,13,13,260908,60.75,266/100%ile,146.77
2026-09-21,RGA,16,21,22,260918,29.63,579/ 28%ile,245.68
2026-09-21,RGC,88,95,122,260910,141.88,146/ 55%ile,5.79
2026-09-21,RGCO,15,34,36,260806,36.72,183/ 88%ile,21.37
2026-09-21,RGEN,38,46,49,260918,52.34,600/ 48%ile,176.89
2026-09-21,RGLD,30,37,39,260918,42.45,600/ 76%ile,249.65
2026-09-21,RGNX,124,100,125,260911,103.40,397/ 72%ile,8.03
2026-09-21,RGP,56,70,62,260909,68.75,322/ 91%ile,3.96
2026-09-21,RGR,36,31,31,260918,24.07,566/  1%ile,40.96
2026-09-21,RGTI,75,83,102,260918,73.07,587/  1%ile,15.79
2026-09-21,RGTU,154,167,205,260918,134.62,160/  3%ile,10.69
2026-09-21,RGTX,152,166,202,260918,127.79,175/  1%ile,9.65
2026-09-21,RGTZ,171,178,251,260918,137.57,163/  6%ile,15.85
2026-09-21,RH,55,61,60,260918,59.60,600/ 25%ile,126.51
2026-09-21,RHI,40,64,59,260918,47.00,600/ 74%ile,37.38
2026-09-21,RHP,21,23,24,260918,24.85,361/ 15%ile,121.94
2026-09-21,RICK,30,36,35,260918,53.80,535/ 60%ile,28.02
2026-09-21,RIG,59,51,54,260918,51.71,600/  8%ile,5.64
2026-09-21,RIGL,36,42,49,260918,60.47,455/  4%ile,46.64
2026-09-21,RILY,43,41,69,260918,65.19,600/  2%ile,5.98
2026-09-21,RING,42,49,51,260827,47.44,434/ 86%ile,84.09
2026-09-21,RIO,28,29,34,260918,30.44,600/ 73%ile,97.37
2026-09-21,RIOT,91,98,91,260918,82.42,600/ 18%ile,23.75
2026-09-21,RIOX,181,194,180,260918,156.56,380/ 35%ile,32.63
2026-09-21,RITM,20,24,25,260918,21.71,300/ 50%ile,9.35
2026-09-21,RIVN,37,50,69,260918,60.15,600/ 11%ile,14.98
2026-09-21,RJET,37,63,71,251117,220.00,136/100%ile,1.40
2026-09-21,RJF,26,22,24,260918,27.26,600/ 43%ile,164.75
2026-09-21,RKLB,47,70,100,260918,68.65,600/ 11%ile,64.58
2026-09-21,RKLX,93,140,196,260918,128.45,218/  2%ile,14.97
2026-09-21,RKT,42,51,61,260918,58.45,600/ 48%ile,12.30
2026-09-21,RL,25,31,39,260918,36.27,600/ 36%ile,334.89
2026-09-21,RLAY,39,41,57,260918,72.37,351/  4%ile,18.84
2026-09-21,RLGT,73,51,47,260918,49.06,301/ 89%ile,8.68
2026-09-21,RLI,20,31,30,260910,62.18,122/100%ile,59.39
2026-09-21,RLJ,22,28,28,260918,31.56,118/ 44%ile,10.79
2026-09-21,RLMD,49,61,61,260918,82.51,421/  3%ile,4.12
2026-09-21,RLX,56,38,50,260918,109.91,481/ 98%ile,1.71
2026-09-21,RM,26,71,56,260729,39.91,75/ 13%ile,31.39
2026-09-21,RMAX,62,60,73,260701,44.94,435/  1%ile,12.39
2026-09-21,RMBS,52,64,88,260918,58.25,600/ 48%ile,87.59
2026-09-21,RMD,26,34,36,260918,37.84,600/ 74%ile,224.99
2026-09-21,RMNI,52,47,53,260918,69.17,329/ 30%ile,4.38
2026-09-21,RMR,14,23,27,260918,27.71,133/ 45%ile,18.73
2026-09-21,RMTI,39,45,92,260414,210.00,178/ 92%ile,6.30
2026-09-21,RNAC,32,52,85,260910,107.43,15/ 80%ile,8.03
2026-09-21,RNG,40,71,69,260918,60.58,600/ 69%ile,71.86
2026-09-21,RNGR,40,38,38,260602,52.34,85/ 89%ile,16.26
2026-09-21,RNR,19,25,25,260918,30.05,587/ 18%ile,327.12
2026-09-21,RNST,16,17,20,260911,44.22,49/ 83%ile,40.62
2026-09-21,RNW,15,34,37,260810,65.94,481/ 98%ile,6.84
2026-09-21,ROAD,43,61,58,260918,52.09,225/ 55%ile,94.33
2026-09-21,ROBN,173,143,148,260918,119.81,399/ 25%ile,36.88
2026-09-21,ROBO,20,25,31,260918,31.10,571/ 58%ile,78.50
2026-09-21,ROBT,22,22,26,260918,31.00,349/ 50%ile,58.43
2026-09-21,ROCK,39,57,56,260827,64.46,217/ 76%ile,41.49
2026-09-21,RODM,10,10,11,260331,16.04,14/  7%ile,42.21
2026-09-21,ROE,11,12,15,260610,51.56,3/ 33%ile,42.84
2026-09-21,ROG,33,46,50,260917,51.66,170/ 82%ile,129.77
2026-09-21,ROIV,73,53,49,260918,46.43,565/ 51%ile,39.77
2026-09-21,ROK,19,28,34,260918,30.59,600/ 32%ile,415.62
2026-09-21,ROKT,18,26,36,260818,33.90,144/ 35%ile,105.76
2026-09-21,ROKU,16,15,38,260918,34.74,600/  9%ile,153.64
2026-09-21,ROL,25,30,29,260918,33.07,600/ 87%ile,32.43
2026-09-21,ROM,42,54,63,260918,48.78,600/ 39%ile,149.36
2026-09-21,ROOT,40,71,72,260918,59.98,600/  1%ile,49.84
2026-09-21,ROP,25,36,32,260915,33.34,252/ 75%ile,372.74
2026-09-21,ROST,27,26,31,260918,36.66,600/ 85%ile,226.61
2026-09-21,RPAY,65,59,69,260805,63.67,431/ 49%ile,3.98
2026-09-21,RPC,29,45,41,260917,51.24,342/ 86%ile,7.87
2026-09-21,RPD,114,103,90,260918,78.16,599/ 72%ile,11.95
2026-09-21,RPG,18,29,31,260901,35.54,159/ 74%ile,57.46
2026-09-21,RPM,23,31,30,260918,37.49,600/ 84%ile,98.37
2026-09-21,RPRX,27,26,25,260918,32.79,583/ 91%ile,58.41
2026-09-21,RPT,23,58,46,251230,34.57,165/ 23%ile,16.08
2026-09-21,RPV,11,10,10,260806,15.72,213/ 15%ile,119.70
2026-09-21,RR,105,90,93,260918,115.08,264/ 19%ile,1.66
2026-09-21,RRC,32,33,31,260918,38.55,600/ 73%ile,38.44
2026-09-21,RRGB,69,72,85,260918,94.84,555/ 75%ile,7.05
2026-09-21,RRR,19,27,32,260918,48.90,598/ 95%ile,50.91
2026-09-21,RRX,34,58,58,260918,49.60,595/ 64%ile,147.92
2026-09-21,RS,28,28,27,260918,33.98,600/ 78%ile,390.15
2026-09-21,RSG,15,19,21,260918,22.03,600/ 43%ile,218.07
2026-09-21,RSI,22,53,54,260918,57.63,598/ 43%ile,23.30
2026-09-21,RSKD,52,60,49,260918,46.87,529/  9%ile,6.21
2026-09-21,RSP,10,10,11,260918,9.81,488/  0%ile,212.29
2026-09-21,RSPC,21,20,17,260818,84.15,45/ 77%ile,36.01
2026-09-21,RSPD,17,19,19,260625,81.91,40/ 90%ile,52.43
2026-09-21,RSPF,16,14,14,260917,25.53,423/ 32%ile,81.34
2026-09-21,RSPG,20,22,24,260918,32.70,317/ 44%ile,113.90
2026-09-21,RSPH,18,21,19,260108,21.55,71/ 95%ile,36.73
2026-09-21,RSPM,15,16,19,260504,104.43,39/100%ile,38.47
2026-09-21,RSPN,12,15,17,260901,55.19,65/ 73%ile,59.08
2026-09-21,RSPR,10,13,15,260730,40.14,57/ 96%ile,34.65
2026-09-21,RSPT,21,24,30,260918,35.94,482/ 90%ile,64.71
2026-09-21,RSPU,16,14,16,260909,16.04,207/  3%ile,72.89
2026-09-21,RSSL,14,14,17,260918,28.60,376/ 45%ile,111.07
2026-09-21,RSVR,40,33,29,260814,42.19,97/ 53%ile,9.37
2026-09-21,RTH,17,17,15,260918,21.88,429/ 56%ile,253.41
2026-09-21,RTO,19,48,38,260918,39.99,502/ 76%ile,21.35
2026-09-21,RTX,18,25,27,260918,25.53,600/ 60%ile,193.83
2026-09-21,RUM,92,80,87,260918,84.38,600/ 58%ile,9.10
2026-09-21,RUN,54,63,69,260918,76.51,600/ 11%ile,8.52
2026-09-21,RUNN,15,0.0,0.0,260917,16.59,32/ 28%ile,33.15
2026-09-21,RUSHA,28,30,30,260911,64.65,397/ 92%ile,48.92
2026-09-21,RVI,49,54,0.0,260918,57.20,72/  2%ile,27.81
2026-09-21,RVLV,39,43,54,260918,58.16,600/ 37%ile,20.66
2026-09-21,RVMD,33,38,44,260918,47.39,598/  6%ile,190.95
2026-09-21,RVTY,45,38,41,260918,45.33,597/ 69%ile,143.45
2026-09-21,RWAY,18,48,45,260724,59.38,58/100%ile,6.69
2026-09-21,RWJ,13,14,15,260901,46.73,157/100%ile,58.03
2026-09-21,RWK,12,13,14,260707,64.65,136/100%ile,142.80
2026-09-21,RWL,10,9,9,260917,26.99,272/ 31%ile,131.74
2026-09-21,RWM,16,16,18,260918,21.94,515/ 34%ile,14.17
2026-09-21,RWR,8,13,15,260918,30.54,514/ 88%ile,107.91
2026-09-21,RWT,76,61,49,260918,26.68,390/ 36%ile,3.95
2026-09-21,RXD,31,36,38,251124,22.81,45/  4%ile,15.10
2026-09-21,RXI,14,17,17,260824,19.24,28/ 75%ile,188.37
2026-09-21,RXL,32,36,36,260917,33.08,240/ 67%ile,58.36
2026-09-21,RXO,48,58,70,260918,62.91,578/ 61%ile,20.26
2026-09-21,RXRX,79,73,71,260918,80.12,600/  8%ile,3.83
2026-09-21,RXST,63,63,67,260812,85.63,331/ 87%ile,5.20
2026-09-21,RXT,79,141,192,260918,97.86,572/ 28%ile,3.80
2026-09-21,RY,16,18,17,260918,24.82,598/ 95%ile,203.30
2026-09-21,RYAAY,26,34,38,260918,38.30,540/ 57%ile,53.51
2026-09-21,RYAM,30,54,52,260918,52.61,599/  3%ile,8.34
2026-09-21,RYAN,33,38,48,260918,47.19,576/ 78%ile,40.27
2026-09-21,RYN,16,23,25,260918,25.65,596/ 59%ile,20.14
2026-09-21,RYTM,39,42,45,260918,54.32,572/ 34%ile,97.71
2026-09-21,RYZ,45,50,54,260914,49.67,125/ 66%ile,24.27
2026-09-21,RZG,17,18,18,260917,36.04,110/ 61%ile,63.80
2026-09-21,RZLT,69,69,70,260918,165.80,350/ 80%ile,3.84
2026-09-21,RZLV,117,85,88,260918,81.66,366/  1%ile,2.28
2026-09-21,RZV,14,16,17,260908,36.21,535/ 85%ile,142.30
2026-09-21,S,75,66,59,260918,55.91,600/ 51%ile,22.53
2026-09-21,SA,73,67,76,260918,65.56,599/ 63%ile,30.95
2026-09-21,SAA,21,25,28,260918,31.57,34/ 11%ile,32.98
2026-09-21,SABR,79,78,84,260918,89.03,600/ 63%ile,2.26
2026-09-21,SABS,40,41,58,260723,93.96,39/ 25%ile,3.51
2026-09-21,SAFE,19,30,34,260918,30.16,420/  0%ile,13.14
2026-09-21,SAFT,2.8,79,58,260824,32.27,51/ 96%ile,103.51
2026-09-21,SAH,46,61,52,260918,49.55,212/ 68%ile,63.66
2026-09-21,SAIA,39,47,47,260731,44.25,214/ 28%ile,342.22
2026-09-21,SAIC,20,24,34,260918,36.24,597/ 43%ile,133.19
2026-09-21,SAIL,83,69,72,260918,67.96,595/ 65%ile,19.83
2026-09-21,SAM,32,36,42,260918,43.56,547/ 75%ile,171.57
2026-09-21,SAN,26,30,33,260918,33.42,569/ 65%ile,14.31
2026-09-21,SANA,90,80,76,260918,110.90,533/ 37%ile,3.10
2026-09-21,SANM,59,77,74,260918,69.34,581/ 81%ile,199.56
2026-09-21,SAP,36,43,43,260918,40.43,600/ 82%ile,209.45
2026-09-21,SAR,19,26,34,260909,19.17,36/ 69%ile,17.64
2026-09-21,SARK,39,40,38,260918,37.39,500/ 10%ile,24.00
2026-09-21,SARO,25,31,40,260918,27.27,383/  0%ile,22.30
2026-09-21,SATA,3.6,10,24,260904,1.42,32/  3%ile,100.01
2026-09-21,SATL,100,95,110,260918,90.48,433/ 14%ile,5.13
2026-09-21,SATO,67,54,51,251006,40.78,50/  8%ile,18.08
2026-09-21,SB,43,38,41,260918,36.55,303/ 30%ile,9.18
2026-09-21,SBAC,24,32,31,260918,28.14,600/ 24%ile,178.59
2026-09-21,SBCF,21,20,23,260814,30.68,17/ 64%ile,33.70
2026-09-21,SBET,85,78,73,260918,83.18,316/  9%ile,9.35
2026-09-21,SBGI,30,39,40,260916,44.68,507/ 14%ile,13.08
2026-09-21,SBH,27,36,42,260918,43.16,539/  1%ile,15.79
2026-09-21,SBIO,27,29,33,260918,74.35,429/ 97%ile,62.12
2026-09-21,SBIT,95,75,77,260918,71.88,407/ 17%ile,32.55
2026-09-21,SBLK,32,37,35,260918,31.48,599/ 47%ile,32.48
2026-09-21,SBRA,18,31,29,260918,22.91,343/ 53%ile,19.74
2026-09-21,SBS,34,41,265,260918,63.75,56/ 83%ile,5.31
2026-09-21,SBSI,16,20,24,260914,26.09,22/ 68%ile,31.45
2026-09-21,SBSW,54,57,64,260918,57.98,600/ 15%ile,11.66
2026-09-21,SBTU,167,151,150,260918,156.98,7/ 42%ile,48.25
2026-09-21,SBUX,23,22,25,260918,30.13,600/ 46%ile,95.80
2026-09-21,SCC,31,40,40,260730,43.34,218/ 47%ile,16.11
2026-09-21,SCCO,54,52,54,260918,47.30,599/ 72%ile,195.57
2026-09-21,SCHA,13,18,19,260918,19.71,331/ 12%ile,33.44
2026-09-21,SCHB,10,11,13,260917,19.91,456/ 57%ile,29.41
2026-09-21,SCHC,13,14,17,260120,15.45,119/ 10%ile,50.32
2026-09-21,SCHD,10,12,12,260918,13.30,600/ 59%ile,33.67
2026-09-21,SCHE,12,15,18,260727,28.07,304/ 96%ile,36.85
2026-09-21,SCHF,13,15,20,260716,24.10,241/ 96%ile,27.73
2026-09-21,SCHG,13,15,16,260918,16.33,600/  0%ile,35.44
2026-09-21,SCHH,10,13,15,260421,28.30,318/ 97%ile,22.75
2026-09-21,SCHK,10,11,12,260821,14.64,75/  8%ile,36.76
2026-09-21,SCHL,31,40,35,260918,57.43,218/ 71%ile,34.75
2026-09-21,SCHM,13,16,17,260804,16.75,130/  3%ile,34.85
2026-09-21,SCHP,4.7,5,5,260831,8.76,149/ 55%ile,25.44
2026-09-21,SCHV,9,10,12,260617,17.35,86/ 65%ile,34.03
2026-09-21,SCHW,23,20,24,260918,26.34,600/ 30%ile,105.25
2026-09-21,SCHX,10,12,13,260914,17.18,352/ 25%ile,30.07
2026-09-21,SCHY,9,9,12,260113,11.16,2/100%ile,32.49
2026-09-21,SCI,22,23,27,260918,26.84,599/ 48%ile,77.76
2026-09-21,SCJ,12,16,16,260917,30.51,155/ 85%ile,109.31
2026-09-21,SCL,17,35,32,260909,44.12,90/ 74%ile,61.88
2026-09-21,SCM,27,43,37,260918,34.06,55/ 80%ile,7.90
2026-09-21,SCO,49,69,69,260918,65.22,597/ 67%ile,19.99
2026-09-21,SCSC,49,39,37,260916,63.33,230/ 60%ile,56.88
2026-09-21,SCYX,64,90,106,260908,165.63,56/ 94%ile,4.46
2026-09-21,SCZ,11,13,15,260918,29.53,483/ 73%ile,85.14
2026-09-21,SD,28,31,36,260918,36.28,546/ 53%ile,14.16
2026-09-21,SDCI,16,17,17,260226,29.15,5/100%ile,31.55
2026-09-21,SDD,32,28,30,260917,25.71,162/  1%ile,9.26
2026-09-21,SDEV,104,89,119,260130,220.00,2/100%ile,1.95
2026-09-21,SDGR,108,80,69,260918,88.00,600/ 91%ile,29.03
2026-09-21,SDIV,10,10,12,260730,8.28,26/  3%ile,24.20
2026-09-21,SDOG,9,12,12,260806,21.58,40/ 70%ile,70.57
2026-09-21,SDOW,36,36,36,260918,33.78,599/  4%ile,25.19
2026-09-21,SDP,31,28,33,251022,58.13,6/100%ile,26.25
2026-09-21,SDRL,39,43,42,260918,50.78,560/ 45%ile,47.49
2026-09-21,SDS,19,23,25,260918,24.32,599/  3%ile,55.22
2026-09-21,SDVY,10,11,13,260914,15.36,72/  5%ile,41.79
2026-09-21,SDY,9,11,11,260918,15.67,593/  9%ile,150.87
2026-09-21,SE,42,53,53,260918,48.14,600/ 50%ile,101.78
2026-09-21,SEA,22,20,20,260519,23.34,58/ 43%ile,20.62
2026-09-21,SECT,12,15,16,260918,29.53,101/ 20%ile,71.27
2026-09-21,SECZ,87,126,0.0,260918,121.68,77/ 24%ile,10.90
2026-09-21,SEDG,67,111,112,260918,77.48,600/  5%ile,34.68
2026-09-21,SEER,41,55,68,260904,143.75,30/100%ile,1.86
2026-09-21,SEF,14,12,13,260630,17.60,62/ 12%ile,30.41
2026-09-21,SEG,16,22,27,260313,51.88,96/ 45%ile,24.14
2026-09-21,SEI,92,96,83,260918,78.38,520/ 33%ile,69.66
2026-09-21,SEIC,17,19,20,260918,35.42,501/ 79%ile,105.20
2026-09-21,SELF,28,30,26,260908,26.25,121/  6%ile,5.03
2026-09-21,SENS,57,88,93,260918,71.64,292/  8%ile,9.58
2026-09-21,SEPN,40,70,68,260909,124.14,349/100%ile,38.69
2026-09-21,SERA,49,77,80,260918,118.75,114/ 71%ile,2.09
2026-09-21,SERV,57,76,75,260918,77.27,536/  0%ile,4.41
2026-09-21,SES,163,161,148,260918,138.45,436/ 19%ile,0.55
2026-09-21,SETH,54,49,54,260918,66.07,126/ 44%ile,30.70
2026-09-21,SEV,77,85,79,260918,112.92,217/ 43%ile,2.17
2026-09-21,SEVN,15,28,29,260917,25.16,31/ 12%ile,7.34
2026-09-21,SEZL,44,116,97,260918,62.59,361/  2%ile,116.55
2026-09-21,SF,24,24,24,260918,30.13,592/ 39%ile,75.79
2026-09-21,SFBS,22,21,23,260916,49.50,50/ 66%ile,41.45
2026-09-21,SFD,28,28,28,260918,32.03,183/ 85%ile,19.82
2026-09-21,SFIX,46,63,74,260918,85.89,598/ 62%ile,2.84
2026-09-21,SFL,27,28,31,260918,28.06,276/ 43%ile,13.63
2026-09-21,SFM,52,47,50,260918,42.33,600/ 44%ile,70.79
2026-09-21,SFNC,21,20,20,260813,26.37,60/ 13%ile,22.89
2026-09-21,SFST,22,23,23,260914,68.14,75/ 85%ile,61.68
2026-09-21,SFY,14,15,17,260918,23.06,320/ 29%ile,152.13
2026-09-21,SFYF,17,20,22,260916,45.07,137/ 91%ile,63.85
2026-09-21,SG,58,84,85,260918,80.89,600/ 43%ile,7.22
2026-09-21,SGC,25,46,56,260716,50.26,38/ 65%ile,12.40
2026-09-21,SGDJ,44,51,54,260918,47.40,509/ 65%ile,96.54
2026-09-21,SGDM,41,48,51,260918,43.69,530/ 67%ile,80.18
2026-09-21,SGHC,34,40,37,260918,45.79,589/  9%ile,12.68
2026-09-21,SGHT,26,73,76,260813,91.19,108/ 39%ile,8.02
2026-09-21,SGI,39,41,45,260918,49.84,600/ 88%ile,63.36
2026-09-21,SGML,91,77,80,260918,82.89,595/ 52%ile,9.97
2026-09-21,SGMT,46,68,83,260918,83.11,563/  6%ile,11.09
2026-09-21,SGOL,25,25,25,260918,26.02,600/ 77%ile,41.66
2026-09-21,SGOV,1.5,1.4,1.3,260908,23.08,70/ 78%ile,100.59
2026-09-21,SGRY,40,51,45,260918,56.21,429/ 57%ile,13.25
2026-09-21,SGU,9,15,18,260324,21.75,32/  6%ile,12.63
2026-09-21,SH,10,12,13,260918,14.37,476/ 13%ile,32.69
2026-09-21,SHAK,45,54,74,260918,48.86,600/ 50%ile,54.91
2026-09-21,SHAZ,90,130,0.0,260918,107.54,73/ 35%ile,57.56
2026-09-21,SHBI,15,19,23,260918,26.25,44/ 29%ile,23.23
2026-09-21,SHC,25,28,28,260917,36.18,141/  2%ile,18.73
2026-09-21,SHE,11,11,14,260918,29.63,521/ 85%ile,155.98
2026-09-21,SHEH,22,21,0.0,260918,39.32,5/ 20%ile,68.87
2026-09-21,SHEL,21,21,24,260918,25.80,600/ 84%ile,94.54
2026-09-21,SHEN,27,47,45,260616,56.14,161/ 83%ile,11.57
2026-09-21,SHG,32,33,37,260917,39.08,276/ 68%ile,80.14
2026-09-21,SHIP,38,50,52,260918,39.92,462/  8%ile,18.62
2026-09-21,SHLD,17,22,26,260918,24.96,383/ 28%ile,62.63
2026-09-21,SHLS,69,84,91,260918,84.65,600/ 45%ile,7.60
2026-09-21,SHMD,158,119,0.0,260918,146.08,38/ 78%ile,3.69
2026-09-21,SHO,14,19,22,260825,29.37,41/ 21%ile,11.04
2026-09-21,SHOE,63,53,50,260918,61.69,486/ 84%ile,13.07
2026-09-21,SHOO,38,40,39,260918,45.38,576/ 45%ile,42.11
2026-09-21,SHOP,50,64,65,260918,48.30,600/ 39%ile,128.41
2026-09-21,SHW,18,32,31,260918,28.95,600/ 76%ile,320.73
2026-09-21,SHY,2.1,1.9,2.0,260918,2.65,509/ 25%ile,81.25
2026-09-21,SIBN,23,34,49,260902,62.33,330/ 76%ile,18.09
2026-09-21,SID,111,107,104,260918,86.00,324/ 77%ile,1.10
2026-09-21,SIDU,46,88,118,260918,115.58,171/  0%ile,1.98
2026-09-21,SIEB,90,74,75,260904,52.22,200/  0%ile,2.39
2026-09-21,SIFY,34,40,56,260918,63.94,358/  2%ile,13.66
2026-09-21,SIG,87,61,55,260918,42.92,600/ 20%ile,100.38
2026-09-21,SIGA,49,54,52,260918,88.38,540/ 91%ile,3.14
2026-09-21,SIGI,15,22,22,260917,44.01,76/100%ile,86.70
2026-09-21,SII,42,48,58,260918,45.22,593/ 70%ile,127.78
2026-09-21,SIL,44,50,55,260918,49.13,600/ 66%ile,95.14
2026-09-21,SILJ,46,53,59,260918,53.98,600/ 64%ile,30.18
2026-09-21,SIMO,98,108,112,260918,74.25,574/ 83%ile,272.16
2026-09-21,SIMS,16,17,21,260202,121.83,10/100%ile,46.54
2026-09-21,SION,116,560,0.0,260918,118.47,59/ 27%ile,5.93
2026-09-21,SIRI,36,35,31,260918,30.72,599/  1%ile,27.33
2026-09-21,SITC,35,37,46,260728,39.84,62/ 75%ile,2.95
2026-09-21,SITE,27,41,48,260918,48.47,427/ 81%ile,90.47
2026-09-21,SITM,78,99,98,260827,80.47,477/ 77%ile,614.57
2026-09-21,SIVR,39,39,47,260918,40.86,600/ 66%ile,63.01
2026-09-21,SIZE,11,11,12,260910,78.20,108/100%ile,176.72
2026-09-21,SJB,7,6,7,260331,15.05,15/ 60%ile,15.33
2026-09-21,SJM,23,28,32,260918,25.15,600/ 49%ile,122.95
2026-09-21,SJT,57,54,50,260918,70.00,377/ 95%ile,3.01
2026-09-21,SK,129,0.0,0.0,260918,117.33,46/  8%ile,29.53
2026-09-21,SKDD,132,0.0,0.0,260918,96.33,43/  2%ile,6.97
2026-09-21,SKE,52,61,63,260918,56.75,591/ 32%ile,32.12
2026-09-21,SKF,28,25,26,260901,32.85,318/ 24%ile,24.22
2026-09-21,SKHA,128,0.0,0.0,260917,116.16,32/  3%ile,36.65
2026-09-21,SKHN,131,0.0,0.0,260918,118.54,32/ 12%ile,10.26
2026-09-21,SKHU,129,0.0,0.0,260918,116.09,46/  4%ile,23.14
2026-09-21,SKHX,126,0.0,0.0,260918,118.04,46/ 10%ile,17.64
2026-09-21,SKHY,64,0.0,0.0,260918,61.68,47/  6%ile,187.50
2026-09-21,SKHZ,60,0.0,0.0,260918,61.63,46/ 19%ile,9.49
2026-09-21,SKIN,134,132,146,260831,205.00,507/ 98%ile,0.68
2026-09-21,SKM,34,58,62,260918,60.34,172/ 20%ile,35.88
2026-09-21,SKRE,32,37,39,260916,60.19,180/ 61%ile,6.66
2026-09-21,SKT,14,17,22,260917,22.22,571/  5%ile,35.80
2026-09-21,SKUU,130,0.0,0.0,260918,118.93,45/ 11%ile,29.58
2026-09-21,SKWD,24,33,37,260918,37.97,306/ 30%ile,56.31
2026-09-21,SKY,27,39,44,260918,48.65,598/ 42%ile,84.59
2026-09-21,SKYA,123,117,110,260522,119.17,20/ 40%ile,1.70
2026-09-21,SKYE,135,150,137,251010,156.25,113/ 14%ile,1.77
2026-09-21,SKYH,22,34,38,260917,41.73,300/ 11%ile,10.07
2026-09-21,SKYU,55,58,64,260918,67.92,216/ 43%ile,50.80
2026-09-21,SKYW,31,40,38,260918,43.75,600/ 59%ile,96.38
2026-09-21,SKYY,27,29,32,260918,34.71,598/ 59%ile,162.02
2026-09-21,SLAB,4.5,3.9,4.7,260918,25.55,597/ 17%ile,220.50
2026-09-21,SLB,41,42,38,260918,37.58,600/ 81%ile,51.12
2026-09-21,SLDB,60,59,69,260918,103.52,290/ 24%ile,8.91
2026-09-21,SLDE,36,42,40,260918,39.55,249/  6%ile,24.95
2026-09-21,SLDP,57,67,74,260918,84.11,595/  3%ile,2.46
2026-09-21,SLF,17,17,18,260918,25.50,265/ 67%ile,81.27
2026-09-21,SLG,31,33,36,260918,35.14,600/ 14%ile,52.08
2026-09-21,SLGN,26,40,35,260917,72.78,61/ 96%ile,37.19
2026-09-21,SLI,70,74,68,260918,70.18,591/  0%ile,2.12
2026-09-21,SLM,29,31,33,260918,33.47,591/ 29%ile,25.10
2026-09-21,SLN,48,87,92,260918,85.01,264/ 21%ile,12.20
2026-09-21,SLON,140,104,120,260918,114.23,171/  8%ile,39.43
2026-09-21,SLP,2.4,4.9,40,260721,18.70,273/  0%ile,18.44
2026-09-21,SLQT,165,133,152,260918,158.08,556/ 88%ile,0.47
2026-09-21,SLRC,17,23,31,260825,41.25,12/ 83%ile,12.00
2026-09-21,SLS,112,98,115,260918,197.42,598/ 84%ile,11.49
2026-09-21,SLSR,63,57,63,260901,70.94,313/ 45%ile,7.46
2026-09-21,SLV,40,39,47,260918,37.16,600/ 58%ile,59.92
2026-09-21,SLVM,27,39,39,260909,38.58,448/ 15%ile,35.57
2026-09-21,SLVP,43,53,57,260918,48.43,474/ 55%ile,38.56
2026-09-21,SLVR,49,54,61,260918,54.62,329/ 37%ile,60.84
2026-09-21,SLX,21,20,25,260918,34.72,426/ 31%ile,106.25
2026-09-21,SLYG,11,14,16,260918,21.70,187/ 12%ile,108.99
2026-09-21,SLYV,10,12,14,260916,29.63,129/ 35%ile,105.21
2026-09-21,SM,49,57,56,260918,52.75,600/ 49%ile,36.97
2026-09-21,SMA,17,23,27,260918,31.53,42/ 42%ile,32.57
2026-09-21,SMBC,10,17,19,260918,33.67,78/ 62%ile,72.49
2026-09-21,SMC,18,33,39,260915,36.20,349/  1%ile,32.51
2026-09-21,SMCI,77,91,110,260918,70.07,600/ 20%ile,39.11
2026-09-21,SMCL,150,177,229,260918,131.99,200/ 15%ile,17.57
2026-09-21,SMCX,152,176,230,260918,132.63,504/ 18%ile,12.61
2026-09-21,SMCY,58,77,95,260915,41.10,258/ 51%ile,5.29
2026-09-21,SMDD,39,41,45,251120,63.44,76/ 82%ile,8.86
2026-09-21,SMDV,8,12,13,260413,19.28,280/ 59%ile,77.19
2026-09-21,SMFG,26,30,29,260918,35.29,202/ 66%ile,26.24
2026-09-21,SMG,23,41,40,260918,41.21,600/ 58%ile,52.36
2026-09-21,SMH,34,41,49,260918,27.16,600/  1%ile,572.90
2026-09-21,SMHC,37,65,0.0,260918,47.94,48/  2%ile,48.11
2026-09-21,SMHI,27,56,62,260917,78.75,76/ 93%ile,9.10
2026-09-21,SMHX,39,43,50,260918,37.57,269/ 20%ile,57.05
2026-09-21,SMIN,14,14,17,260821,16.78,446/  0%ile,68.88
2026-09-21,SMLF,13,14,16,260914,25.94,69/ 40%ile,84.86
2026-09-21,SMLL,13,17,15,260914,25.20,16/ 25%ile,20.52
2026-09-21,SMLV,8,11,13,260723,18.46,215/  6%ile,153.50
2026-09-21,SMMD,12,13,16,260918,24.69,435/ 14%ile,87.07
2026-09-21,SMMT,81,75,83,260918,111.02,599/ 74%ile,17.86
2026-09-21,SMN,35,34,40,260914,35.63,101/ 61%ile,21.09
2026-09-21,SMOG,20,22,25,260901,26.72,67/ 68%ile,136.41
2026-09-21,SMP,35,35,33,260804,31.04,120/  5%ile,36.77
2026-09-21,SMPL,53,57,51,260918,63.65,502/ 90%ile,10.13
2026-09-21,SMR,103,95,95,260918,81.91,600/  8%ile,8.27
2026-09-21,SMRT,67,75,76,260515,197.67,366/ 99%ile,1.16
2026-09-21,SMSI,35,43,96,260601,147.50,139/ 84%ile,2.54
2026-09-21,SMST,223,177,174,260917,140.31,438/ 49%ile,13.84
2026-09-21,SMTC,95,101,97,260918,83.82,600/ 77%ile,185.07
2026-09-21,SMU,206,186,189,260918,179.16,99/ 32%ile,4.46
2026-09-21,SMUP,216,192,191,260918,194.37,71/ 40%ile,3.56
2026-09-21,SMWB,56,76,83,260918,67.01,474/ 53%ile,8.25
2026-09-21,SMX,88,95,233,260211,220.00,5/100%ile,17.66
2026-09-21,SMZ,209,193,198,260918,136.97,45/  2%ile,17.65
2026-09-21,SN,49,43,43,260918,51.37,600/ 68%ile,165.75
2026-09-21,SNA,11,17,20,260918,27.92,600/ 70%ile,372.15
2026-09-21,SNAG,121,123,119,260918,127.11,38/ 50%ile,5.60
2026-09-21,SNAP,59,61,60,260918,67.02,600/ 55%ile,5.54
2026-09-21,SND,36,63,66,260918,51.18,337/  4%ile,5.38
2026-09-21,SNDA,32,40,0.0,260916,56.49,56/ 75%ile,38.27
2026-09-21,SNDG,127,244,0.0,260918,127.32,68/  2%ile,11.14
2026-09-21,SNDK,64,121,121,260917,68.67,331/ 34%ile,1792.83
2026-09-21,SNDL,56,56,66,260918,68.87,566/ 21%ile,1.38
2026-09-21,SNDQ,140,277,0.0,260918,128.46,95/ 10%ile,10.35
2026-09-21,SNDR,29,34,40,260918,43.90,285/ 89%ile,32.61
2026-09-21,SNDU,126,243,244,260918,138.24,127/  6%ile,27.73
2026-09-21,SNDX,43,43,48,260918,67.60,560/ 22%ile,17.62
2026-09-21,SNEX,28,52,56,260918,42.62,352/ 57%ile,67.00
2026-09-21,SNK,91,162,0.0,260918,97.69,65/  7%ile,14.30
2026-09-21,SNN,21,30,29,260629,98.44,99/100%ile,27.56
2026-09-21,SNOU,130,98,134,260918,94.98,275/ 40%ile,64.20
2026-09-21,SNOW,70,51,72,260918,47.84,600/ 41%ile,331.37
2026-09-21,SNOY,54,38,61,260213,37.83,20/ 90%ile,11.25
2026-09-21,SNPE,11,13,13,260916,32.42,43/ 81%ile,69.64
2026-09-21,SNPS,63,50,43,260918,44.96,600/ 64%ile,384.81
2026-09-21,SNSR,18,24,33,260918,38.91,96/ 72%ile,47.60
2026-09-21,SNX,34,31,34,260918,41.34,599/ 81%ile,266.16
2026-09-21,SNXX,128,242,241,260918,136.90,160/  5%ile,17.97
2026-09-21,SNY,18,22,26,260918,26.96,598/ 58%ile,42.48
2026-09-21,SO,14,14,18,260918,18.71,600/ 45%ile,85.52
2026-09-21,SOBO,22,21,24,260918,22.45,345/  5%ile,35.88
2026-09-21,SOC,64,95,166,260918,90.27,526/ 30%ile,4.56
2026-09-21,SOCL,19,23,26,260917,45.04,345/ 80%ile,43.39
2026-09-21,SOEZ,71,52,60,260918,62.13,125/ 28%ile,19.81
2026-09-21,SOFI,51,57,59,260918,49.99,600/  2%ile,16.97
2026-09-21,SOFX,101,112,120,260918,90.34,357/  1%ile,8.16
2026-09-21,SOGP,47,56,65,260911,66.04,257/  0%ile,11.71
2026-09-21,SOHU,18,25,34,260709,41.50,314/ 21%ile,12.57
2026-09-21,SOLC,68,52,60,260106,87.40,6/ 16%ile,23.04
2026-09-21,SOLS,56,51,60,260918,46.41,209/  8%ile,57.31
2026-09-21,SOLT,139,103,120,260918,116.56,323/ 19%ile,71.25
2026-09-21,SOLV,20,32,31,260918,33.32,600/ 38%ile,88.84
2026-09-21,SOLZ,70,54,60,260918,61.30,304/ 26%ile,11.40
2026-09-21,SON,29,33,32,260918,30.31,578/ 80%ile,48.84
2026-09-21,SONO,46,73,60,260918,50.82,600/ 40%ile,15.53
2026-09-21,SONY,28,29,33,260918,34.86,599/ 68%ile,23.48
2026-09-21,SOPH,61,78,69,260918,61.10,385/  2%ile,8.19
2026-09-21,SOUN,43,61,67,260918,68.11,600/  4%ile,5.93
2026-09-21,SOXL,111,142,173,260918,99.01,600/ 48%ile,123.77
2026-09-21,SOXQ,37,47,57,260918,35.45,556/ 36%ile,93.85
2026-09-21,SOXS,108,149,177,260918,106.30,597/ 48%ile,41.49
2026-09-21,SOXX,37,48,58,260918,37.23,571/ 62%ile,533.05
2026-09-21,SOXY,34,49,54,260828,75.58,85/100%ile,90.40
2026-09-21,SOYB,17,16,15,260918,21.20,532/ 79%ile,27.70
2026-09-21,SPAB,4.7,4.1,4.9,260309,80.13,6/100%ile,24.73
2026-09-21,SPAI,80,105,0.0,260918,107.66,86/ 65%ile,4.37
2026-09-21,SPAL,89,153,0.0,260918,101.54,65/ 18%ile,17.60
2026-09-21,SPAX,87,154,0.0,260918,92.34,65/  3%ile,10.59
2026-09-21,SPB,24,26,33,260918,44.46,599/ 75%ile,86.17
2026-09-21,SPCE,59,75,159,260918,84.54,600/  9%ile,3.07
2026-09-21,SPCF,90,152,0.0,260918,96.06,65/  6%ile,17.32
2026-09-21,SPCG,90,162,0.0,260918,100.02,65/  9%ile,14.84
2026-09-21,SPCH,88,151,0.0,260918,98.24,65/ 12%ile,10.39
2026-09-21,SPCK,18,13,11,260626,22.46,19/100%ile,22.28
2026-09-21,SPCL,85,113,0.0,260917,96.00,40/  7%ile,20.77
2026-09-21,SPCM,87,152,0.0,260918,99.23,65/  4%ile,17.97
2026-09-21,SPCQ,94,165,0.0,260918,95.74,62/  8%ile,10.55
2026-09-21,SPCU,89,155,0.0,260918,88.34,61/  1%ile,13.82
2026-09-21,SPCX,45,76,0.0,260918,50.04,65/  6%ile,152.78
2026-09-21,SPDN,12,13,15,260825,23.13,101/ 68%ile,8.60
2026-09-21,SPDW,13,15,19,260918,16.91,238/ 56%ile,50.73
2026-09-21,SPEM,12,15,18,260811,36.35,160/ 80%ile,52.40
2026-09-21,SPEU,10,11,16,260805,17.71,310/ 41%ile,54.84
2026-09-21,SPFI,14,21,25,260702,101.46,23/100%ile,43.88
2026-09-21,SPG,17,17,20,260918,23.38,600/ 58%ile,205.14
2026-09-21,SPGI,29,28,31,260918,28.11,597/ 72%ile,405.29
2026-09-21,SPGM,11,12,14,260917,15.03,73/ 10%ile,86.82
2026-09-21,SPGP,12,12,14,260916,29.37,553/ 84%ile,121.06
2026-09-21,SPH,10,21,26,260910,21.93,171/ 32%ile,16.75
2026-09-21,SPHB,26,29,32,260918,33.13,587/ 36%ile,147.51
2026-09-21,SPHD,9,11,13,260916,12.27,481/  8%ile,50.22
2026-09-21,SPHQ,9,13,16,260901,32.54,456/ 98%ile,83.92
2026-09-21,SPHR,42,53,52,260918,56.51,600/ 44%ile,145.19
2026-09-21,SPIB,4.5,3.8,3.8,260806,85.07,12/100%ile,32.63
2026-09-21,SPIP,6,6,6,260918,10.95,140/ 50%ile,24.67
2026-09-21,SPIR,55,75,97,260918,74.52,600/  7%ile,11.43
2026-09-21,SPLB,10,9,9,260901,61.97,131/ 96%ile,21.19
2026-09-21,SPLV,8,10,12,260918,19.74,598/ 62%ile,72.58
2026-09-21,SPMD,11,12,14,260918,18.33,386/ 11%ile,64.13
2026-09-21,SPMO,19,28,33,260918,22.52,575/ 42%ile,149.18
2026-09-21,SPNT,15,28,29,260917,47.26,45/ 84%ile,24.75
2026-09-21,SPOG,80,80,95,260918,83.99,57/ 36%ile,7.23
2026-09-21,SPOT,39,40,48,260918,39.66,599/ 38%ile,509.27
2026-09-21,SPRO,38,77,82,260908,168.65,279/ 95%ile,1.13
2026-09-21,SPRU,85,76,67,260918,112.76,486/ 88%ile,1.90
2026-09-21,SPRX,51,65,64,260918,56.45,420/ 80%ile,46.08
2026-09-21,SPRY,72,76,83,260917,135.00,562/ 97%ile,4.11
2026-09-21,SPSC,40,50,46,260918,55.04,467/ 87%ile,79.74
2026-09-21,SPSM,10,12,14,260918,18.14,573/  2%ile,54.20
2026-09-21,SPT,58,81,77,260918,71.88,598/ 59%ile,10.17
2026-09-21,SPTL,9,10,10,260807,44.18,360/ 96%ile,24.77
2026-09-21,SPTM,10,11,12,260918,27.71,599/ 94%ile,92.36
2026-09-21,SPUU,20,23,25,260918,30.55,445/ 20%ile,222.18
2026-09-21,SPVM,10,10,10,260820,43.91,301/100%ile,75.59
2026-09-21,SPWH,77,76,77,251205,163.94,313/ 97%ile,1.17
2026-09-21,SPXC,33,45,45,260918,42.88,595/ 55%ile,181.77
2026-09-21,SPXE,12,12,12,260918,29.08,269/ 64%ile,81.67
2026-09-21,SPXL,29,34,38,260918,37.49,600/ 17%ile,281.47
2026-09-21,SPXN,11,12,13,260827,48.10,77/ 94%ile,83.60
2026-09-21,SPXS,29,34,37,260918,38.71,599/  8%ile,25.17
2026-09-21,SPXT,10,10,11,260413,14.93,22/ 27%ile,109.59
2026-09-21,SPXU,29,34,37,260918,28.39,599/  0%ile,35.27
2026-09-21,SPXV,12,12,14,260918,60.64,146/ 97%ile,83.00
2026-09-21,SPY,10,11,12,260918,11.43,600/ 21%ile,761.64
2026-09-21,SPYD,10,12,12,260918,14.07,595/ 36%ile,47.58
2026-09-21,SPYG,13,17,19,260918,18.67,600/ 15%ile,121.49
2026-09-21,SPYI,10,10,11,260918,8.88,444/ 69%ile,53.08
2026-09-21,SPYM,9,11,13,260918,14.60,600/ 13%ile,89.63
2026-09-21,SPYQ,20,23,23,260918,32.09,299/ 47%ile,191.74
2026-09-21,SPYV,8,9,9,260918,17.06,596/ 66%ile,62.37
2026-09-21,SPYX,11,12,13,260916,16.54,208/ 25%ile,62.53
2026-09-21,SQM,44,40,42,260918,47.94,581/ 61%ile,67.72
2026-09-21,SQNS,50,56,73,260918,80.61,358/ 21%ile,2.92
2026-09-21,SQQQ,41,60,68,260918,52.04,598/ 16%ile,37.86
2026-09-21,SR,20,19,21,260918,24.16,348/ 92%ile,79.23
2026-09-21,SRAD,44,54,55,260918,69.28,590/ 92%ile,12.12
2026-09-21,SRCE,12,19,18,260918,30.00,255/ 15%ile,85.88
2026-09-21,SRE,31,23,22,260918,22.19,600/ 32%ile,81.31
2026-09-21,SRG,51,54,55,260916,92.92,570/ 93%ile,1.88
2026-09-21,SRI,37,47,54,260918,59.58,282/ 19%ile,7.00
2026-09-21,SRL,40,49,52,260309,55.94,106/ 33%ile,5.32
2026-09-21,SRLN,3.6,3.1,3.2,260708,33.69,11/ 81%ile,40.62
2026-09-21,SRPT,75,64,61,260918,82.15,600/ 58%ile,20.11
2026-09-21,SRRK,42,49,45,260918,55.71,500/  2%ile,46.65
2026-09-21,SRS,21,25,29,260918,32.37,571/ 27%ile,43.35
2026-09-21,SRTA,46,51,54,260918,71.25,587/  6%ile,5.34
2026-09-21,SRTS,50,49,70,260902,72.68,370/ 17%ile,3.05
2026-09-21,SRTY,36,41,51,260918,51.94,507/  3%ile,25.31
2026-09-21,SRVR,19,20,20,260311,22.53,81/ 97%ile,29.40
2026-09-21,SSB,15,20,21,260918,32.77,371/ 27%ile,103.44
2026-09-21,SSD,20,27,30,260918,34.32,557/ 15%ile,171.23
2026-09-21,SSG,71,83,91,260918,65.52,194/ 12%ile,11.62
2026-09-21,SSK,71,53,62,260911,61.70,110/ 28%ile,15.44
2026-09-21,SSL,62,49,52,260918,57.94,530/ 64%ile,13.72
2026-09-21,SSNC,22,34,30,260918,33.44,590/ 76%ile,79.93
2026-09-21,SSO,19,23,25,260918,24.54,600/ 10%ile,69.41
2026-09-21,SSP,51,71,74,260918,79.14,521/  2%ile,3.02
2026-09-21,SSPC,93,163,0.0,260918,87.94,65/  1%ile,8.71
2026-09-21,SSRM,50,62,66,260918,60.55,600/ 44%ile,36.33
2026-09-21,SSTI,51,80,69,260917,73.94,440/ 44%ile,5.58
2026-09-21,SSTK,74,91,95,260918,83.10,342/ 84%ile,4.55
2026-09-21,SSYS,49,45,50,260918,61.17,599/ 54%ile,8.00
2026-09-21,ST,34,35,44,260918,47.20,599/ 83%ile,41.95
2026-09-21,STAA,41,52,52,260918,58.02,519/ 31%ile,20.82
2026-09-21,STAG,10,21,21,260918,19.49,542/ 22%ile,37.60
2026-09-21,STC,19,34,32,260918,60.72,257/ 86%ile,63.16
2026-09-21,STCE,58,60,58,260918,47.76,385/  1%ile,71.64
2026-09-21,STE,16,27,27,260918,35.63,567/ 74%ile,205.04
2026-09-21,STEM,56,67,75,260918,113.47,473/ 18%ile,4.61
2026-09-21,STEP,39,52,51,260918,62.41,312/ 79%ile,46.31
2026-09-21,STEX,161,128,155,260918,134.00,290/  8%ile,0.62
2026-09-21,STGW,32,35,45,260918,78.51,521/ 69%ile,8.12
2026-09-21,STHH,33,65,68,260713,85.56,62/ 90%ile,10.06
2026-09-21,STHO,27,25,26,260911,49.45,413/ 58%ile,9.08
2026-09-21,STIM,57,130,134,260918,130.01,396/ 28%ile,2.92
2026-09-21,STKE,134,104,134,260918,112.50,178/  9%ile,1.19
2026-09-21,STKS,59,62,64,260218,125.83,234/ 94%ile,1.65
2026-09-21,STLA,41,43,44,260918,53.87,600/ 81%ile,4.83
2026-09-21,STLD,38,38,39,260918,41.97,600/ 71%ile,235.26
2026-09-21,STLN,56,83,76,260918,71.35,286/  2%ile,6.96
2026-09-21,STM,40,71,74,260918,49.04,600/ 70%ile,50.16
2026-09-21,STN,21,22,31,260908,32.88,144/ 71%ile,69.05
2026-09-21,STNE,44,42,43,260918,54.34,600/ 60%ile,9.53
2026-09-21,STNG,26,30,33,260918,38.37,600/ 27%ile,87.13
2026-09-21,STOK,38,44,41,260824,63.82,188/  1%ile,28.43
2026-09-21,STPZ,3.2,3.2,3.8,260918,12.70,233/ 70%ile,52.01
2026-09-21,STRA,19,40,35,260918,31.80,599/ 44%ile,79.84
2026-09-21,STRC,11,19,31,260918,7.05,132/ 24%ile,98.55
2026-09-21,STRD,28,27,39,260918,18.12,207/ 24%ile,74.19
2026-09-21,STRF,14,15,23,260908,14.80,159/  7%ile,104.00
2026-09-21,STRL,62,86,110,260904,56.76,504/ 40%ile,518.89
2026-09-21,STRO,42,65,83,260817,111.12,175/ 28%ile,15.34
2026-09-21,STRZ,61,64,68,260914,82.60,120/ 76%ile,24.75
2026-09-21,STT,22,24,24,260918,30.92,600/ 73%ile,182.87
2026-09-21,STTK,51,64,83,260824,96.58,134/  2%ile,6.01
2026-09-21,STUB,47,70,68,260918,63.57,251/  2%ile,5.91
2026-09-21,STVN,38,38,38,260911,53.86,51/ 29%ile,21.70
2026-09-21,STWD,19,20,20,260918,14.69,531/ 16%ile,14.94
2026-09-21,STX,54,77,79,260917,64.88,542/ 72%ile,858.78
2026-09-21,STXE,27,34,40,260731,50.98,11/ 63%ile,50.47
2026-09-21,STXF,10,11,13,260916,21.39,85/ 24%ile,49.37
2026-09-21,STXL,109,156,0.0,260911,140.83,17/  5%ile,31.82
2026-09-21,STXS,100,87,77,260708,79.96,348/ 47%ile,1.33
2026-09-21,STXX,108,156,0.0,260918,133.35,37/ 13%ile,40.27
2026-09-21,STZ,27,29,31,260918,36.74,600/ 84%ile,118.97
2026-09-21,SU,31,31,34,260918,33.48,600/ 81%ile,69.41
2026-09-21,SUI,20,22,22,260918,20.84,525/  2%ile,113.75
2026-09-21,SUIG,125,107,107,260720,167.27,205/ 55%ile,1.27
2026-09-21,SUN,25,28,31,260918,23.70,575/ 74%ile,77.87
2026-09-21,SUNB,42,43,45,260918,48.96,121/ 42%ile,73.59
2026-09-21,SUNC,18,0.0,0.0,260825,71.93,2/100%ile,81.40
2026-09-21,SUNS,15,25,32,260918,35.83,85/ 37%ile,7.31
2026-09-21,SUPL,16,16,17,260814,66.53,93/ 97%ile,45.66
2026-09-21,SUPN,24,35,33,260821,58.48,359/ 81%ile,42.00
2026-09-21,SUPV,44,52,64,260918,64.15,541/ 27%ile,8.04
2026-09-21,SURG,248,222,221,260120,121.14,276/ 90%ile,0.15
2026-09-21,SUSA,11,12,13,260918,25.18,165/ 30%ile,155.48
2026-09-21,SUSL,13,13,14,260820,25.76,42/  9%ile,135.33
2026-09-21,SUZ,25,28,29,260918,28.44,197/  9%ile,9.29
2026-09-21,SVAL,10,11,13,251010,82.19,90/100%ile,42.19
2026-09-21,SVC,28,36,55,260918,72.41,486/ 51%ile,6.48
2026-09-21,SVIX,35,40,42,260918,48.61,599/ 12%ile,28.45
2026-09-21,SVM,60,64,73,260918,58.21,557/ 10%ile,11.94
2026-09-21,SVOL,12,12,13,251217,15.06,90/ 12%ile,16.79
2026-09-21,SVRA,38,48,46,260916,130.31,249/ 79%ile,5.37
2026-09-21,SVV,44,57,54,260918,64.16,399/ 45%ile,9.04
2026-09-21,SVXY,18,20,21,260918,31.12,594/ 38%ile,63.42
2026-09-21,SW,33,44,45,260918,44.56,514/ 83%ile,44.33
2026-09-21,SWAN,12,11,12,260818,36.69,29/ 31%ile,32.49
2026-09-21,SWBI,36,32,40,260918,43.22,600/ 39%ile,13.64
2026-09-21,SWIM,33,69,62,260918,70.22,337/  8%ile,6.20
2026-09-21,SWK,24,31,37,260918,29.71,600/ 16%ile,89.58
2026-09-21,SWKS,81,63,67,260918,58.98,600/ 88%ile,88.75
2026-09-21,SWX,16,16,18,260918,20.03,260/  5%ile,85.85
2026-09-21,SXC,37,46,42,260918,43.58,504/ 56%ile,9.49
2026-09-21,SXI,23,38,46,260918,39.18,323/ 65%ile,261.21
2026-09-21,SXT,19,31,35,260918,29.83,310/  3%ile,129.68
2026-09-21,SY,87,84,98,260916,184.09,206/100%ile,2.75
2026-09-21,SYBT,19,23,23,260908,52.59,82/ 34%ile,79.37
2026-09-21,SYF,28,27,32,260918,30.96,600/ 12%ile,75.04
2026-09-21,SYK,41,43,39,260918,32.56,600/ 90%ile,275.12
2026-09-21,SYLD,10,12,12,260729,57.37,186/ 95%ile,83.52
2026-09-21,SYM,42,59,62,260918,57.90,600/  1%ile,41.87
2026-09-21,SYNA,58,57,73,260918,63.07,600/ 79%ile,93.11
2026-09-21,SYPR,36,57,67,260903,105.50,201/ 11%ile,1.73
2026-09-21,SYRE,56,58,64,260917,66.16,107/  7%ile,90.25
2026-09-21,SYY,23,21,20,260918,19.76,600/ 36%ile,79.05
2026-09-21,T,24,27,29,260918,25.00,600/ 67%ile,25.42
2026-09-21,TAC,36,35,39,260918,47.28,558/ 42%ile,12.22
2026-09-21,TACT,40,45,57,260918,57.92,147/  8%ile,5.10
2026-09-21,TAGS,16,17,17,260918,18.68,151/ 13%ile,27.73
2026-09-21,TAIL,9,9,9,260624,40.16,20/ 90%ile,9.96
2026-09-21,TAK,18,22,23,260917,20.71,293/ 25%ile,18.91
2026-09-21,TAL,39,44,40,260918,48.71,600/ 12%ile,11.81
2026-09-21,TALO,39,48,48,260918,55.01,594/ 77%ile,17.01
2026-09-21,TAN,29,35,42,260918,39.26,600/ 24%ile,45.67
2026-09-21,TAP,25,31,30,260918,33.98,600/ 87%ile,37.53
2026-09-21,TARA,41,43,53,260918,89.82,328/ 12%ile,3.55
2026-09-21,TARK,73,76,74,260918,57.62,584/  3%ile,54.31
2026-09-21,TARS,62,57,52,260916,70.34,184/ 72%ile,78.09
2026-09-21,TASK,53,77,70,260918,57.05,334/ 43%ile,8.12
2026-09-21,TBBB,23,44,49,260918,34.37,596/  1%ile,51.35
2026-09-21,TBBK,93,65,51,260917,57.00,455/ 54%ile,50.23
2026-09-21,TBCH,48,62,58,260918,50.79,558/  9%ile,12.68
2026-09-21,TBF,10,10,11,260918,11.09,533/  9%ile,25.78
2026-09-21,TBI,51,79,77,260824,70.97,132/ 64%ile,8.94
2026-09-21,TBLA,42,81,78,260915,58.78,365/ 32%ile,3.60
2026-09-21,TBPH,3.8,6,15,260626,47.11,96/ 13%ile,17.02
2026-09-21,TBT,19,20,20,260918,21.67,600/ 30%ile,39.16
2026-09-21,TCBI,16,20,21,260918,41.77,453/ 55%ile,94.90
2026-09-21,TCBK,13,32,27,260918,48.31,47/ 38%ile,53.61
2026-09-21,TCBX,22,25,26,260918,38.37,144/ 52%ile,44.37
2026-09-21,TCHI,18,28,30,260609,39.69,18/100%ile,24.05
2026-09-21,TCMD,23,51,49,260814,46.84,259/ 10%ile,22.20
2026-09-21,TCOM,27,30,36,260918,31.15,600/  4%ile,40.68
2026-09-21,TCPC,34,47,45,260727,108.75,78/ 97%ile,4.00
2026-09-21,TCX,51,131,101,260915,71.88,167/ 60%ile,10.18
2026-09-21,TD,17,20,19,260918,19.78,600/ 52%ile,122.33
2026-09-21,TDAY,34,45,45,260918,65.55,599/ 52%ile,6.24
2026-09-21,TDC,33,75,64,260918,45.16,599/ 49%ile,28.89
2026-09-21,TDG,22,26,28,260515,29.76,140/ 71%ile,1086.05
2026-09-21,TDIV,16,18,23,260914,27.86,221/ 28%ile,114.07
2026-09-21,TDOC,40,90,76,260918,63.91,600/ 30%ile,6.30
2026-09-21,TDS,38,39,35,260918,42.23,592/ 26%ile,35.90
2026-09-21,TDUP,87,171,131,260918,78.61,438/ 17%ile,2.48
2026-09-21,TDV,16,17,21,260731,36.92,67/ 32%ile,99.43
2026-09-21,TDW,49,62,53,260918,47.56,600/ 18%ile,86.69
2026-09-21,TE,77,107,130,260918,107.66,569/ 27%ile,4.18
2026-09-21,TEAD,80,133,142,260805,193.34,276/ 93%ile,0.50
2026-09-21,TEAM,59,95,93,260918,58.05,600/ 57%ile,192.02
2026-09-21,TECB,17,19,21,260918,32.73,105/ 80%ile,76.89
2026-09-21,TECH,2.8,3.9,52,260910,20.82,503/  0%ile,72.37
2026-09-21,TECK,40,46,49,260918,44.66,600/ 62%ile,65.52
2026-09-21,TECL,63,81,94,260918,64.50,600/ 37%ile,211.75
2026-09-21,TECS,65,85,95,260918,74.44,598/ 50%ile,57.96
2026-09-21,TECX,77,76,71,260916,147.14,67/ 77%ile,27.00
2026-09-21,TEK,23,37,42,260918,47.37,21/100%ile,38.90
2026-09-21,TEL,31,33,34,260918,37.20,600/ 73%ile,205.42
2026-09-21,TEM,98,97,85,260918,76.06,562/ 40%ile,77.85
2026-09-21,TEMT,195,190,167,260918,148.56,291/ 43%ile,36.02
2026-09-21,TEN,38,36,37,260918,42.33,591/ 45%ile,52.09
2026-09-21,TENB,91,79,72,260918,68.47,545/ 91%ile,35.43
2026-09-21,TENX,139,528,378,260918,106.44,261/  5%ile,1.90
2026-09-21,TEO,30,33,48,260914,54.45,104/ 30%ile,13.70
2026-09-21,TER,69,79,95,260918,63.98,599/ 73%ile,371.69
2026-09-21,TERG,142,157,194,260918,125.37,143/ 16%ile,37.77
2026-09-21,TESL,53,60,67,260918,47.96,256/ 12%ile,13.71
2026-09-21,TETH,55,49,53,260813,42.35,4/ 25%ile,13.17
2026-09-21,TEVA,33,36,39,260918,36.11,599/  8%ile,38.98
2026-09-21,TEX,40,41,46,260918,47.29,600/ 64%ile,59.04
2026-09-21,TFC,23,21,25,260918,26.50,600/ 53%ile,48.56
2026-09-21,TFI,4.5,4.1,3.8,260807,82.51,24/ 91%ile,43.60
2026-09-21,TFII,37,39,38,260918,40.61,591/ 54%ile,125.16
2026-09-21,TFIN,22,30,33,260918,39.94,579/  5%ile,63.02
2026-09-21,TFPM,38,37,45,260918,42.11,452/ 50%ile,33.14
2026-09-21,TFSL,17,20,20,260918,24.38,118/ 78%ile,16.90
2026-09-21,TFX,21,28,32,260918,50.96,173/ 67%ile,124.52
2026-09-21,TG,33,46,51,260918,46.20,372/ 19%ile,6.88
2026-09-21,TGB,66,77,76,260918,64.81,596/ 37%ile,8.64
2026-09-21,TGEN,54,73,99,260918,139.84,373/ 55%ile,3.14
2026-09-21,TGLS,36,46,45,260918,54.65,582/ 71%ile,35.77
2026-09-21,TGS,27,36,40,260918,41.07,217/  1%ile,28.32
2026-09-21,TGT,34,29,33,260918,32.44,600/ 37%ile,158.19
2026-09-21,TGTX,44,49,52,260918,60.03,600/ 24%ile,56.87
2026-09-21,TH,71,63,59,260918,52.82,598/ 21%ile,21.19
2026-09-21,THC,30,53,46,260918,43.38,600/ 57%ile,261.99
2026-09-21,THCH,104,102,100,260320,148.75,46/100%ile,1.35
2026-09-21,THD,20,16,20,260916,33.40,336/ 78%ile,72.26
2026-09-21,THFF,14,20,22,260910,26.80,204/ 33%ile,76.55
2026-09-21,THG,18,22,23,260812,29.07,180/ 81%ile,227.31
2026-09-21,THNQ,25,29,34,260901,61.14,289/ 91%ile,91.99
2026-09-21,THO,27,33,36,260918,46.34,600/ 78%ile,67.77
2026-09-21,THRM,27,65,52,260910,51.15,55/ 74%ile,36.35
2026-09-21,THRO,11,13,15,260811,31.14,3/ 33%ile,43.92
2026-09-21,THRY,100,121,100,260826,179.29,275/ 98%ile,1.83
2026-09-21,THYP,60,69,0.0,260918,81.94,40/  5%ile,53.61
2026-09-21,TIC,50,62,51,260918,57.88,260/ 12%ile,9.06
2026-09-21,TIGO,28,46,43,260918,43.66,349/ 69%ile,94.26
2026-09-21,TIGR,60,47,70,260918,47.32,600/  2%ile,4.72
2026-09-21,TII,90,84,84,260918,103.71,107/ 38%ile,2.92
2026-09-21,TILE,29,36,39,260908,97.06,116/100%ile,34.26
2026-09-21,TILL,15,16,17,260910,20.79,156/ 15%ile,20.26
2026-09-21,TIMB,22,33,34,260722,43.92,37/100%ile,18.90
2026-09-21,TINT,17,20,24,260831,31.96,122/ 63%ile,37.85
2026-09-21,TINY,32,41,46,260810,49.86,354/ 77%ile,73.43
2026-09-21,TIP,3.8,3.6,4.5,260918,13.60,549/ 95%ile,105.28
2026-09-21,TIPT,18,23,24,260918,32.50,361/  4%ile,17.52
2026-09-21,TITN,102,76,70,260918,62.52,599/ 91%ile,23.72
2026-09-21,TJX,21,22,25,260918,26.61,600/ 85%ile,127.25
2026-09-21,TK,43,41,43,260918,37.01,549/  5%ile,14.71
2026-09-21,TKC,49,40,35,260918,41.04,173/ 50%ile,5.10
2026-09-21,TKNO,45,58,77,260918,93.63,27/ 14%ile,7.79
2026-09-21,TKO,33,30,33,260918,36.26,600/ 52%ile,189.17
2026-09-21,TKR,26,34,38,260918,42.12,593/ 79%ile,117.14
2026-09-21,TLH,8,8,8,260918,9.16,595/ 29%ile,95.17
2026-09-21,TLN,44,55,58,260918,50.79,543/ 15%ile,292.30
2026-09-21,TLPH,66,89,109,260828,98.36,103/  1%ile,1.16
2026-09-21,TLRY,48,54,50,260918,72.97,513/  2%ile,3.99
2026-09-21,TLS,72,69,70,260918,85.41,555/ 40%ile,4.07
2026-09-21,TLSA,152,118,107,260126,170.00,74/ 40%ile,0.91
2026-09-21,TLT,9,10,10,260918,10.71,600/ 22%ile,81.22
2026-09-21,TLYS,75,64,78,260918,112.76,304/ 65%ile,4.14
2026-09-21,TM,24,23,25,260918,20.22,600/  0%ile,191.53
2026-09-21,TMAT,26,30,32,260710,28.04,9/ 33%ile,28.60
2026-09-21,TMC,86,82,78,260918,78.94,578/  0%ile,3.78
2026-09-21,TMCI,47,64,82,260918,93.18,426/ 48%ile,4.49
2026-09-21,TMDX,45,47,67,260918,60.89,600/ 30%ile,86.42
2026-09-21,TME,27,42,40,260918,44.10,600/ 22%ile,7.76
2026-09-21,TMF,26,28,28,260918,29.93,600/ 15%ile,29.63
2026-09-21,TMFC,11,14,15,260916,35.31,374/ 81%ile,79.44
2026-09-21,TMO,25,30,31,260918,31.88,599/ 69%ile,651.04
2026-09-21,TMP,17,28,27,260918,48.39,536/ 85%ile,99.30
2026-09-21,TMQ,71,65,70,260918,90.83,335/ 13%ile,3.26
2026-09-21,TMUS,33,43,38,260918,33.46,600/ 86%ile,168.10
2026-09-21,TMV,28,29,28,260918,28.94,600/ 10%ile,44.11
2026-09-21,TNA,36,40,51,260918,47.05,600/  2%ile,61.92
2026-09-21,TNC,25,45,39,260917,86.32,97/100%ile,67.40
2026-09-21,TNDM,47,67,78,260918,78.64,595/ 62%ile,16.87
2026-09-21,TNET,35,45,47,260918,52.44,561/ 74%ile,67.29
2026-09-21,TNGX,52,58,103,260918,103.13,275/ 49%ile,21.74
2026-09-21,TNK,44,41,42,260918,44.28,600/ 59%ile,100.92
2026-09-21,TNL,29,31,30,260918,40.57,599/ 93%ile,63.15
2026-09-21,TNXP,48,67,71,260911,102.50,251/ 10%ile,10.87
2026-09-21,TNYA,176,115,129,260918,220.00,401/100%ile,0.67
2026-09-21,TOL,26,32,39,260918,34.59,600/ 16%ile,133.06
2026-09-21,TOLZ,9,10,12,260421,55.49,9/ 44%ile,57.02
2026-09-21,TONX,83,75,106,260918,108.71,201/ 24%ile,3.39
2026-09-21,TOON,116,102,117,260918,220.00,65/100%ile,0.58
2026-09-21,TOPT,12,16,16,260915,21.96,406/ 34%ile,34.49
2026-09-21,TOPW,16,22,24,260917,8.46,85/  2%ile,33.65
2026-09-21,TORO,33,37,51,260918,72.14,415/  8%ile,5.98
2026-09-21,TOST,35,38,49,260918,47.42,600/ 30%ile,29.75
2026-09-21,TOUR,45,37,49,260902,81.88,16/ 68%ile,5.06
2026-09-21,TOWN,14,17,19,260123,31.80,16/ 81%ile,37.08
2026-09-21,TOYO,56,91,0.0,260918,95.52,78/ 15%ile,4.41
2026-09-21,TPB,32,46,49,260918,56.34,587/ 67%ile,68.14
2026-09-21,TPC,36,53,57,260918,60.62,599/ 63%ile,85.00
2026-09-21,TPG,32,41,39,260918,51.55,591/ 85%ile,46.47
2026-09-21,TPL,39,44,44,260918,44.61,196/ 22%ile,352.67
2026-09-21,TPOR,50,51,60,260818,67.87,164/ 70%ile,32.42
2026-09-21,TPR,32,52,48,260918,43.48,600/ 62%ile,115.00
2026-09-21,TPVG,32,44,43,260918,32.97,150/ 60%ile,4.85
2026-09-21,TPYP,13,16,17,260626,17.40,62/ 69%ile,42.47
2026-09-21,TQQQ,40,58,67,260918,43.16,600/  2%ile,72.66
2026-09-21,TR,20,22,29,260918,28.95,424/ 25%ile,37.60
2026-09-21,TRAK,29,35,46,260918,69.36,283/ 97%ile,8.19
2026-09-21,TRAX,71,0.0,0.0,260918,119.79,22/ 50%ile,38.60
2026-09-21,TRC,17,17,21,260610,30.78,113/ 26%ile,16.16
2026-09-21,TRDA,69,69,152,260507,143.04,4/100%ile,6.75
2026-09-21,TREE,39,63,70,260918,68.35,598/ 49%ile,25.61
2026-09-21,TREX,34,39,45,260918,54.44,600/ 83%ile,42.69
2026-09-21,TRFK,34,46,49,260918,37.92,343/ 40%ile,98.46
2026-09-21,TRGP,21,32,31,260918,33.95,600/ 63%ile,292.19
2026-09-21,TRI,56,63,58,260918,47.19,560/ 82%ile,94.39
2026-09-21,TRIN,14,21,21,260918,17.92,63/ 61%ile,17.63
2026-09-21,TRIP,36,79,68,260918,54.32,600/ 45%ile,8.84
2026-09-21,TRLV,54,53,0.0,260918,89.11,60/ 20%ile,11.08
2026-09-21,TRMB,24,35,35,260918,40.99,600/ 77%ile,57.56
2026-09-21,TRMD,36,35,39,260918,41.68,580/ 76%ile,38.23
2026-09-21,TRMK,22,19,20,260918,46.93,148/ 65%ile,46.71
2026-09-21,TRN,17,38,40,260918,37.01,600/ 65%ile,28.00
2026-09-21,TRNO,11,18,21,260818,24.62,88/ 79%ile,65.75
2026-09-21,TRNS,35,39,46,260918,43.79,540/ 37%ile,86.00
2026-09-21,TRON,121,99,102,260918,166.25,299/ 45%ile,1.50
2026-09-21,TROO,97,88,117,260918,173.09,193/ 82%ile,2.02
2026-09-21,TROW,14,26,24,260918,22.23,600/ 23%ile,104.16
2026-09-21,TROX,35,65,71,260918,80.55,600/ 64%ile,4.21
2026-09-21,TRP,18,20,21,260918,21.47,596/ 50%ile,61.54
2026-09-21,TRS,18,22,29,260603,44.31,168/ 83%ile,38.08
2026-09-21,TRST,19,19,22,260807,93.23,14/100%ile,56.67
2026-09-21,TRTX,17,19,21,260918,25.63,465/ 28%ile,7.18
2026-09-21,TRU,33,39,40,260918,48.94,600/ 84%ile,72.43
2026-09-21,TRUP,47,61,53,260918,48.25,581/  2%ile,25.07
2026-09-21,TRV,16,28,25,260918,28.19,600/ 86%ile,374.62
2026-09-21,TRVG,93,70,74,260918,89.10,358/ 82%ile,6.55
2026-09-21,TRVI,39,61,56,260917,47.73,389/  2%ile,14.95
2026-09-21,TRX,86,104,100,260918,101.50,172/ 19%ile,1.29
2026-09-21,TS,26,28,29,260918,32.56,584/ 66%ile,56.25
2026-09-21,TSAT,59,105,101,260918,75.01,534/ 19%ile,48.83
2026-09-21,TSBK,15,17,21,260720,29.92,12/ 33%ile,45.91
2026-09-21,TSCO,24,30,34,260918,40.00,600/ 87%ile,32.21
2026-09-21,TSDD,97,99,102,260918,83.68,459/ 11%ile,7.76
2026-09-21,TSEM,70,93,96,260918,70.08,595/ 73%ile,223.63
2026-09-21,TSHA,36,67,66,260918,105.75,565/ 18%ile,5.02
2026-09-21,TSL,61,68,66,260918,55.85,454/ 23%ile,13.71
2026-09-21,TSLA,50,54,53,260918,41.06,600/  3%ile,364.22
2026-09-21,TSLG,106,115,110,260918,83.02,340/  9%ile,4.78
2026-09-21,TSLL,100,115,110,260918,77.53,599/  2%ile,9.62
2026-09-21,TSLP,50,58,57,260918,31.46,132/ 36%ile,14.84
2026-09-21,TSLQ,101,102,103,260918,81.29,592/ 12%ile,18.51
2026-09-21,TSLR,101,113,109,260918,79.91,514/  1%ile,16.61
2026-09-21,TSLS,50,52,52,260918,41.59,595/  5%ile,56.12
2026-09-21,TSLT,100,113,109,260918,84.68,599/ 10%ile,13.38
2026-09-21,TSLW,61,68,63,260918,42.76,135/ 46%ile,17.96
2026-09-21,TSLX,18,26,30,260918,24.69,89/ 83%ile,17.90
2026-09-21,TSLY,32,44,44,260917,20.07,400/ 18%ile,22.29
2026-09-21,TSLZ,101,103,103,260918,82.92,561/  9%ile,11.71
2026-09-21,TSM,28,35,44,260918,33.69,600/  6%ile,434.09
2026-09-21,TSMG,56,71,89,260918,65.42,160/  3%ile,39.57
2026-09-21,TSMU,55,69,87,260918,62.67,401/  4%ile,70.96
2026-09-21,TSMY,22,29,36,260722,22.43,49/ 18%ile,15.23
2026-09-21,TSN,30,29,31,260918,26.78,600/ 68%ile,52.76
2026-09-21,TSPY,12,12,13,260331,27.76,1/100%ile,25.32
2026-09-21,TSQ,35,41,48,260916,64.17,101/ 70%ile,5.27
2026-09-21,TSSI,50,84,97,260918,87.51,444/  1%ile,8.49
2026-09-21,TSYY,14,17,25,260916,26.30,7/ 14%ile,20.42
2026-09-21,TT,20,24,29,260918,28.64,600/ 34%ile,429.11
2026-09-21,TTAM,26,33,37,260918,51.51,68/ 88%ile,13.32
2026-09-21,TTAN,140,102,83,260918,59.29,427/ 45%ile,55.08
2026-09-21,TTC,30,28,26,260918,22.74,599/  0%ile,93.49
2026-09-21,TTD,43,76,66,260918,69.42,600/ 72%ile,13.91
2026-09-21,TTDU,80,174,145,260918,118.39,148/ 15%ile,13.35
2026-09-21,TTE,22,25,26,260918,22.19,599/ 49%ile,90.82
2026-09-21,TTEC,45,98,85,260810,215.30,439/100%ile,1.22
2026-09-21,TTEK,13,27,30,260918,44.91,555/ 81%ile,35.68
2026-09-21,TTGT,34,67,79,260730,80.00,68/ 47%ile,3.84
2026-09-21,TTI,53,58,59,260918,69.22,591/ 72%ile,6.08
2026-09-21,TTMI,72,89,85,260918,76.75,479/ 59%ile,117.91
2026-09-21,TTT,27,28,28,260918,16.20,449/  0%ile,78.44
2026-09-21,TTWO,37,36,35,260918,45.69,600/ 82%ile,205.26
2026-09-21,TU,19,37,30,260918,27.17,141/ 85%ile,8.75
2026-09-21,TUA,10,8,9,260424,12.37,241/  9%ile,19.28
2026-09-21,TUR,37,27,31,260918,23.79,545/ 13%ile,37.28
2026-09-21,TUSK,62,64,80,260911,82.50,392/ 27%ile,3.18
2026-09-21,TUYA,51,58,67,260918,60.52,471/  1%ile,1.61
2026-09-21,TV,46,41,45,260917,52.97,483/  9%ile,2.35
2026-09-21,TVRD,70,99,159,260903,219.97,23/ 91%ile,1.63
2026-09-21,TVTX,32,40,42,260918,55.99,589/  7%ile,62.76
2026-09-21,TW,27,35,36,260918,32.30,600/ 63%ile,103.97
2026-09-21,TWI,59,51,49,260918,62.82,508/ 76%ile,7.00
2026-09-21,TWIN,40,42,54,260909,51.24,123/ 18%ile,24.88
2026-09-21,TWLO,44,67,70,260918,50.19,600/ 54%ile,243.84
2026-09-21,TWM,24,28,34,260918,31.74,505/  0%ile,23.25
2026-09-21,TWO,8,8,17,260320,36.46,288/ 80%ile,12.18
2026-09-21,TWST,70,89,80,260918,81.41,522/ 50%ile,166.99
2026-09-21,TX,23,28,36,260918,28.48,529/ 24%ile,57.23
2026-09-21,TXG,49,75,72,260918,81.66,586/ 46%ile,76.53
2026-09-21,TXMD,47,45,59,260918,78.75,29/ 17%ile,2.19
2026-09-21,TXN,27,33,45,260918,38.67,600/ 77%ile,266.64
2026-09-21,TXNM,6,6,7,260615,41.70,123/ 89%ile,58.44
2026-09-21,TXO,32,29,29,260917,33.69,131/ 53%ile,14.58
2026-09-21,TXRH,29,30,36,260918,31.76,599/ 63%ile,167.56
2026-09-21,TXT,20,28,29,260918,30.58,600/ 75%ile,79.69
2026-09-21,TYD,14,14,14,260918,17.90,598/  8%ile,21.21
2026-09-21,TYL,43,47,45,260918,46.56,273/ 65%ile,337.50
2026-09-21,TYO,14,14,16,260918,18.50,393/  8%ile,15.74
2026-09-21,TYRA,113,93,76,260908,219.58,23/100%ile,25.73
2026-09-21,TZA,36,43,54,260918,49.28,600/  1%ile,44.89
2026-09-21,TZOO,32,75,66,260910,77.45,465/ 81%ile,5.64
2026-09-21,U,31,53,51,260918,53.32,600/  3%ile,41.40
2026-09-21,UA,43,50,58,260918,55.20,591/ 65%ile,4.80
2026-09-21,UAA,40,48,55,260918,50.39,600/ 32%ile,4.88
2026-09-21,UAE,12,17,22,260818,22.77,92/  5%ile,19.93
2026-09-21,UAL,36,38,47,260918,51.25,600/ 53%ile,108.71
2026-09-21,UAMY,83,113,111,260918,89.55,442/  0%ile,4.63
2026-09-21,UAN,25,32,31,260918,33.28,562/ 28%ile,133.91
2026-09-21,UBER,29,38,39,260918,36.18,600/ 25%ile,70.50
2026-09-21,UBOT,41,48,58,260918,44.00,473/ 23%ile,21.65
2026-09-21,UBR,46,43,45,260918,85.07,150/ 98%ile,33.90
2026-09-21,UBRL,61,76,78,260918,76.43,382/ 46%ile,13.63
2026-09-21,UBS,24,24,25,260918,26.43,600/ 18%ile,50.70
2026-09-21,UBSI,13,16,17,260914,23.13,374/ 16%ile,47.11
2026-09-21,UBT,22,21,19,260916,28.30,540/ 64%ile,14.52
2026-09-21,UCB,16,18,21,260911,30.59,33/ 36%ile,34.69
2026-09-21,UCC,36,42,41,260918,53.83,184/ 47%ile,42.25
2026-09-21,UCO,49,68,69,260918,66.13,600/ 66%ile,53.04
2026-09-21,UCTT,72,100,107,260918,84.48,568/ 79%ile,70.63
2026-09-21,UCYB,84,69,68,260916,60.85,211/ 69%ile,90.58
2026-09-21,UDN,6,7,7,260728,11.41,108/ 36%ile,18.11
2026-09-21,UDOW,36,36,37,260918,38.50,600/ 27%ile,66.14
2026-09-21,UDR,14,19,22,260917,54.09,203/ 97%ile,33.90
2026-09-21,UE,14,17,20,260612,24.39,12/ 25%ile,20.01
2026-09-21,UEC,78,64,85,260918,72.25,600/ 54%ile,9.78
2026-09-21,UEIC,66,68,55,260914,63.75,208/ 18%ile,5.19
2026-09-21,UFCS,20,27,33,260821,70.63,8/ 50%ile,54.39
2026-09-21,UFI,38,71,59,260918,71.25,251/ 74%ile,6.67
2026-09-21,UFO,22,29,44,260918,40.36,448/ 60%ile,43.21
2026-09-21,UFOX,28,36,40,260918,32.58,495/ 45%ile,84.08
2026-09-21,UFPI,24,33,35,260917,41.71,36/ 88%ile,79.20
2026-09-21,UGA,35,40,39,260918,42.85,600/ 81%ile,145.48
2026-09-21,UGE,28,34,33,260918,33.54,25/ 44%ile,18.22
2026-09-21,UGI,15,27,28,260918,22.55,597/ 23%ile,37.66
2026-09-21,UGL,49,50,50,260918,45.84,600/ 67%ile,50.87
2026-09-21,UGP,32,35,36,260918,54.79,170/ 32%ile,7.57
2026-09-21,UHAL,23,24,33,260917,41.89,282/ 86%ile,64.27
2026-09-21,UHS,26,31,34,260918,35.78,600/ 47%ile,176.69
2026-09-21,UHT,16,20,25,260911,21.95,262/ 49%ile,39.79
2026-09-21,UIS,55,74,80,260918,91.39,597/ 79%ile,2.40
2026-09-21,UL,18,28,26,260918,20.00,599/ 61%ile,61.82
2026-09-21,ULCC,51,73,80,260918,62.35,600/  0%ile,5.83
2026-09-21,ULS,29,43,46,260918,31.04,527/  9%ile,64.03
2026-09-21,ULTA,34,35,34,260918,30.70,596/ 24%ile,540.98
2026-09-21,ULTY,19,22,24,260827,8.50,80/  2%ile,25.81
2026-09-21,UMAC,97,126,144,260918,97.84,402/  5%ile,23.18
2026-09-21,UMBF,20,21,23,260918,25.71,379/  5%ile,134.52
2026-09-21,UMC,52,69,78,260918,62.95,568/ 85%ile,24.61
2026-09-21,UMDD,32,37,42,260918,51.28,88/ 63%ile,30.90
2026-09-21,UMH,14,22,22,260601,26.26,23/ 78%ile,15.69
2026-09-21,UNCY,50,58,107,260918,84.11,96/  5%ile,4.80
2026-09-21,UNF,15,17,19,260918,29.55,120/ 56%ile,261.62
2026-09-21,UNFI,31,34,42,260918,36.13,600/  0%ile,46.82
2026-09-21,UNG,23,32,36,260918,53.75,599/ 21%ile,10.42
2026-09-21,UNH,21,22,25,260918,35.11,600/ 64%ile,376.86
2026-09-21,UNHG,45,46,49,260918,77.93,286/ 83%ile,18.12
2026-09-21,UNHW,28,29,32,260910,117.30,6/100%ile,44.48
2026-09-21,UNIT,31,42,40,260918,57.56,599/ 57%ile,9.45
2026-09-21,UNL,23,23,26,260918,44.69,539/ 83%ile,5.74
2026-09-21,UNM,22,28,25,260918,31.89,600/ 88%ile,95.19
2026-09-21,UNP,17,21,23,260918,27.89,600/ 89%ile,279.37
2026-09-21,UNTY,16,22,24,260908,69.07,83/ 86%ile,58.19
2026-09-21,UP,81,74,120,260423,180.00,410/ 89%ile,6.42
2026-09-21,UPAL,126,0.0,0.0,260723,85.80,1/100%ile,23.81
2026-09-21,UPB,59,58,60,260821,82.50,29/ 24%ile,5.34
2026-09-21,UPBD,35,39,41,260918,37.55,546/ 27%ile,17.13
2026-09-21,UPGR,25,30,0.0,260729,82.54,3/ 33%ile,22.31
2026-09-21,UPLD,101,115,127,251128,177.46,329/ 98%ile,4.93
2026-09-21,UPRO,29,34,37,260918,37.61,600/ 21%ile,147.23
2026-09-21,UPS,22,30,35,260918,27.82,600/ 54%ile,99.02
2026-09-21,UPST,46,50,58,260918,64.99,600/  4%ile,25.02
2026-09-21,UPSX,96,100,117,260918,117.01,152/  8%ile,10.42
2026-09-21,UPV,20,20,28,260122,38.15,104/ 39%ile,96.79
2026-09-21,UPW,31,28,32,260917,29.73,198/  3%ile,19.30
2026-09-21,UPWK,40,58,60,260918,66.41,600/ 71%ile,8.35
2026-09-21,UPXI,158,161,148,260918,148.41,294/ 53%ile,1.20
2026-09-21,URA,48,46,50,260918,44.56,600/ 56%ile,41.65
2026-09-21,URBN,50,43,41,260918,54.80,600/ 76%ile,75.01
2026-09-21,URE,23,25,30,260918,30.28,598/  3%ile,63.50
2026-09-21,URGN,44,57,56,260918,67.83,447/  5%ile,43.25
2026-09-21,URI,29,38,36,260824,32.21,536/ 28%ile,1013.91
2026-09-21,URNJ,62,52,57,260918,52.86,599/ 54%ile,22.04
2026-09-21,URNM,54,47,50,260918,46.23,600/ 60%ile,50.27
2026-09-21,UROY,58,69,74,260918,84.17,570/ 68%ile,4.55
2026-09-21,URTH,10,11,13,260918,19.69,476/ 15%ile,206.69
2026-09-21,URTY,36,41,51,260918,53.42,593/  6%ile,72.07
2026-09-21,USAC,19,24,33,260918,20.85,512/ 16%ile,26.87
2026-09-21,USAI,14,19,20,251106,17.90,9/100%ile,46.17
2026-09-21,USAR,72,80,93,260918,75.31,364/  7%ile,15.40
2026-09-21,USAS,68,74,85,260918,87.94,235/ 11%ile,5.18
2026-09-21,USAU,46,49,55,260918,63.50,586/ 16%ile,15.41
2026-09-21,USAX,141,156,187,260918,138.56,80/  1%ile,8.25
2026-09-21,USB,21,20,23,260918,23.60,600/ 21%ile,60.06
2026-09-21,USCI,15,16,16,260918,70.86,564/100%ile,110.35
2026-09-21,USD,71,82,91,260918,63.17,600/  9%ile,88.31
2026-09-21,USDU,4.5,5,5,260504,12.81,55/ 45%ile,26.55
2026-09-21,USFD,25,29,30,260918,35.27,600/ 84%ile,93.42
2026-09-21,USG,21,24,25,260818,98.90,10/100%ile,33.31
2026-09-21,USGG,139,157,187,260918,148.30,66/  6%ile,4.93
2026-09-21,USIG,5,4.8,4.7,260916,3.95,301/  9%ile,49.60
2026-09-21,USIO,59,76,93,260918,79.92,77/ 16%ile,2.37
2026-09-21,USL,22,31,33,260918,38.93,522/ 62%ile,56.96
2026-09-21,USLM,22,28,42,260918,42.34,466/ 17%ile,113.50
2026-09-21,USMC,9,11,11,260918,29.60,300/ 23%ile,76.17
2026-09-21,USMV,9,9,9,260918,22.41,600/ 82%ile,98.44
2026-09-21,USO,43,54,52,260918,47.62,600/ 76%ile,153.85
2026-09-21,USOY,36,47,45,260917,41.92,84/ 65%ile,7.72
2026-09-21,USPH,18,29,50,260918,39.35,337/ 10%ile,82.47
2026-09-21,USPX,10,11,12,251119,14.45,1/100%ile,66.60
2026-09-21,USRT,8,12,14,260916,34.99,106/ 66%ile,62.82
2026-09-21,UST,9,11,10,260918,14.12,589/ 34%ile,39.48
2026-09-21,USXF,16,19,22,260813,23.60,6/ 16%ile,67.34
2026-09-21,UTES,19,19,21,260910,148.28,158/100%ile,71.58
2026-09-21,UTHR,24,23,23,260917,35.27,255/ 59%ile,494.63
2026-09-21,UTHY,9,9,9,260604,40.22,37/ 45%ile,38.35
2026-09-21,UTI,36,109,91,260918,61.52,599/ 91%ile,21.47
2026-09-21,UTL,13,15,20,260914,60.83,215/ 95%ile,51.92
2026-09-21,UTSL,47,41,48,260918,49.28,510/ 34%ile,32.77
2026-09-21,UTZ,7,142,106,260720,53.56,554/ 97%ile,14.24
2026-09-21,UUP,4.9,6,5,260909,7.07,341/  1%ile,28.38
2026-09-21,UUUG,129,132,147,260916,149.33,41/ 39%ile,2.97
2026-09-21,UUUU,68,71,77,260918,75.21,600/ 46%ile,11.69
2026-09-21,UVE,19,40,36,260918,38.31,352/ 38%ile,44.16
2026-09-21,UVIX,71,81,84,260918,109.94,595/ 14%ile,37.78
2026-09-21,UVSP,9,16,19,260918,26.28,9/ 33%ile,42.48
2026-09-21,UVV,15,27,27,260918,20.04,470/  7%ile,44.12
2026-09-21,UVXY,53,62,64,260918,85.61,599/ 25%ile,17.53
2026-09-21,UWM,25,27,34,260918,37.47,598/  7%ile,59.48
2026-09-21,UWMC,78,141,108,260918,89.66,598/ 95%ile,1.26
2026-09-21,UX,35,29,29,260918,27.45,294/  2%ile,28.70
2026-09-21,UXI,29,31,37,260918,46.81,466/ 54%ile,52.38
2026-09-21,UXRP,205,140,127,260914,123.13,227/ 16%ile,15.75
2026-09-21,UYG,27,23,26,260918,34.17,600/ 14%ile,91.31
2026-09-21,UYM,30,34,39,260126,33.99,12/ 50%ile,28.16
2026-09-21,V,19,19,23,260918,21.13,600/ 41%ile,368.29
2026-09-21,VAC,51,67,58,260918,49.49,600/ 76%ile,103.02
2026-09-21,VAL,53,46,50,260918,54.15,600/ 66%ile,83.76
2026-09-21,VALE,35,32,34,260918,35.49,592/ 85%ile,14.22
2026-09-21,VANI,72,67,82,260916,127.50,279/ 45%ile,1.19
2026-09-21,VAW,15,17,20,260918,24.22,457/ 46%ile,223.58
2026-09-21,VB,11,13,14,260918,20.88,591/  4%ile,289.56
2026-09-21,VBK,15,18,20,260918,25.73,597/ 28%ile,338.29
2026-09-21,VBNK,50,37,46,260908,46.55,41/ 85%ile,22.79
2026-09-21,VBR,10,11,12,260918,22.19,568/ 34%ile,237.74
2026-09-21,VC,23,25,39,260918,44.73,596/ 75%ile,94.61
2026-09-21,VCEB,4.9,4.4,0.0,260618,4.45,1/100%ile,60.67
2026-09-21,VCEL,31,30,38,260807,70.16,169/ 87%ile,40.02
2026-09-21,VCIT,6,4.6,4.9,260918,4.59,589/ 30%ile,79.69
2026-09-21,VCLT,9,9,8,260918,8.02,599/ 43%ile,71.19
2026-09-21,VCR,16,20,19,260918,24.23,599/ 16%ile,372.18
2026-09-21,VCSH,2.9,2.6,2.7,260918,1.64,257/  2%ile,77.67
2026-09-21,VCTR,31,36,34,260918,37.42,167/ 36%ile,106.56
2026-09-21,VCX,82,133,167,260918,65.90,76/  1%ile,31.63
2026-09-21,VCYT,50,76,73,260914,70.34,164/ 65%ile,39.79
2026-09-21,VDC,14,16,16,260918,14.98,83/  6%ile,223.59
2026-09-21,VDE,20,22,24,260918,25.53,600/ 63%ile,180.35
2026-09-21,VEA,13,15,19,260918,18.97,598/ 77%ile,71.38
2026-09-21,VECO,54,69,87,260918,60.81,505/ 67%ile,42.72
2026-09-21,VEEV,59,49,49,260918,46.23,600/ 75%ile,260.21
2026-09-21,VEGI,22,18,17,260918,17.36,150/ 25%ile,47.23
2026-09-21,VEGN,14,20,25,260914,33.06,489/ 70%ile,77.35
2026-09-21,VEL,27,24,27,260918,53.83,522/ 96%ile,16.00
2026-09-21,VELO,70,117,158,260918,100.12,418/ 24%ile,10.58
2026-09-21,VENU,69,79,90,260915,157.50,151/100%ile,1.49
2026-09-21,VEON,40,33,38,260918,48.42,245/ 13%ile,68.63
2026-09-21,VERA,62,59,59,260918,72.62,387/ 35%ile,34.00
2026-09-21,VERI,139,137,117,260918,101.69,597/  6%ile,1.11
2026-09-21,VERS,22,29,38,260914,46.54,436/ 88%ile,72.88
2026-09-21,VERU,42,64,125,260918,138.69,506/ 34%ile,2.42
2026-09-21,VERX,47,64,69,260918,59.81,531/ 60%ile,11.96
2026-09-21,VET,38,49,51,260918,51.07,598/ 86%ile,12.52
2026-09-21,VEU,12,15,18,260918,14.51,570/ 24%ile,83.86
2026-09-21,VFC,32,56,50,260918,54.29,600/ 37%ile,12.79
2026-09-21,VFF,31,54,56,260918,68.09,414/  3%ile,2.84
2026-09-21,VFH,14,12,13,260910,28.47,529/ 56%ile,136.28
2026-09-21,VFMO,17,24,25,260918,25.13,479/ 36%ile,227.44
2026-09-21,VFMV,7,8,8,260810,16.39,164/  4%ile,142.95
2026-09-21,VFQY,10,11,11,260909,28.29,305/ 80%ile,172.29
2026-09-21,VFS,39,46,45,260918,77.69,598/ 70%ile,3.23
2026-09-21,VFVA,12,14,13,260610,66.94,18/100%ile,156.41
2026-09-21,VG,39,67,71,260918,61.79,495/ 25%ile,14.05
2026-09-21,VGIT,4.3,3.8,4.0,260918,4.09,478/ 30%ile,57.18
2026-09-21,VGK,10,11,16,260918,16.66,591/ 36%ile,88.22
2026-09-21,VGLT,9,9,9,260918,10.05,591/ 41%ile,52.06
2026-09-21,VGNT,48,45,86,260918,44.55,95/ 29%ile,45.86
2026-09-21,VGSH,1.8,1.8,2.4,260716,32.81,13/100%ile,57.60
2026-09-21,VGT,20,25,28,260918,22.91,593/ 18%ile,122.35
2026-09-21,VGZ,69,75,75,260918,59.49,240/  0%ile,2.26
2026-09-21,VHT,15,17,17,260918,18.48,554/ 29%ile,315.85
2026-09-21,VIA,41,50,67,260918,53.84,320/ 78%ile,27.98
2026-09-21,VIAV,76,87,86,260918,74.95,594/ 80%ile,35.36
2026-09-21,VICI,14,18,22,260918,20.98,599/ 85%ile,23.72
2026-09-21,VICR,97,95,108,260918,86.69,581/ 76%ile,222.72
2026-09-21,VIG,9,9,9,260918,16.57,600/ 36%ile,236.95
2026-09-21,VIGI,13,12,12,260804,13.22,158/ 29%ile,96.04
2026-09-21,VIK,26,36,38,260918,39.43,596/ 37%ile,84.15
2026-09-21,VINP,28,27,28,260918,29.38,20/ 10%ile,9.32
2026-09-21,VIOG,11,14,16,260918,23.48,485/  1%ile,140.50
2026-09-21,VIPS,28,28,29,260918,38.98,600/ 18%ile,12.31
2026-09-21,VIR,54,47,50,260918,73.85,586/ 47%ile,10.60
2026-09-21,VIRC,43,36,42,260918,55.31,336/ 12%ile,6.24
2026-09-21,VIRT,48,46,42,260918,41.20,600/ 84%ile,57.75
2026-09-21,VIS,14,16,19,260918,29.43,110/ 67%ile,325.70
2026-09-21,VISN,53,66,63,260918,82.82,580/ 60%ile,6.57
2026-09-21,VIST,47,46,44,260918,46.45,600/ 30%ile,72.27
2026-09-21,VITL,69,63,76,260918,65.64,598/ 63%ile,11.99
2026-09-21,VIV,19,30,32,260430,28.55,58/ 44%ile,11.95
2026-09-21,VIVO,65,108,125,260918,142.68,276/ 26%ile,3.86
2026-09-21,VIXM,12,12,13,260918,39.89,504/ 43%ile,13.14
2026-09-21,VIXY,35,40,42,260918,63.44,586/ 24%ile,17.07
2026-09-21,VKTX,40,43,51,260918,119.55,600/ 93%ile,28.98
2026-09-21,VLN,73,84,128,260918,138.56,454/ 62%ile,1.67
2026-09-21,VLO,26,31,36,260918,51.65,600/ 98%ile,413.00
2026-09-21,VLRS,36,43,48,260918,57.45,413/ 47%ile,6.52
2026-09-21,VLTO,15,25,25,260918,39.84,598/ 96%ile,94.49
2026-09-21,VLU,9,9,9,260908,54.71,7/100%ile,244.17
2026-09-21,VLUE,15,19,25,260918,21.87,402/ 50%ile,199.90
2026-09-21,VLY,21,21,23,260918,31.51,600/ 20%ile,13.59
2026-09-21,VMBS,5,5,5,260918,4.90,337/  1%ile,45.26
2026-09-21,VMC,24,29,31,260918,33.06,600/ 79%ile,240.83
2026-09-21,VMD,37,50,49,260918,50.94,210/ 90%ile,8.91
2026-09-21,VMI,19,28,30,260911,27.59,514/  3%ile,474.64
2026-09-21,VMRK,24,24,22,260918,22.18,593/ 55%ile,61.22
2026-09-21,VNAM,19,24,0.0,260910,42.04,8/100%ile,24.87
2026-09-21,VNDA,42,50,52,260918,100.68,596/ 91%ile,5.13
2026-09-21,VNET,57,75,81,260918,75.74,600/  6%ile,6.52
2026-09-21,VNM,22,25,23,260918,27.62,260/ 26%ile,17.61
2026-09-21,VNO,30,29,33,260918,31.69,597/  1%ile,34.90
2026-09-21,VNOM,30,32,29,260918,31.79,600/ 37%ile,42.27
2026-09-21,VNQ,9,12,14,260918,13.22,600/  2%ile,92.92
2026-09-21,VNQI,11,11,14,260827,14.73,391/  4%ile,43.31
2026-09-21,VNRX,228,168,145,260605,219.99,17/100%ile,0.26
2026-09-21,VNT,25,29,35,260916,60.83,338/ 94%ile,31.36
2026-09-21,VO,10,10,11,260918,15.73,586/  2%ile,79.97
2026-09-21,VOC,34,55,50,260814,107.50,104/ 93%ile,3.38
2026-09-21,VOD,17,39,37,260918,29.40,571/ 64%ile,16.95
2026-09-21,VOE,10,9,10,260918,17.95,546/ 10%ile,202.20
2026-09-21,VOLT,26,29,31,260828,109.96,363/ 83%ile,35.57
2026-09-21,VONE,10,11,12,260918,12.83,188/  0%ile,345.02
2026-09-21,VONG,15,19,18,260918,20.56,443/  3%ile,126.99
2026-09-21,VONV,9,9,11,260918,15.75,162/ 49%ile,110.83
2026-09-21,VOO,10,11,12,260918,14.67,600/ 32%ile,701.84
2026-09-21,VOOG,13,17,19,260918,14.96,520/  0%ile,84.35
2026-09-21,VOOV,9,8,9,260916,22.62,442/ 70%ile,224.86
2026-09-21,VOR,58,66,72,260918,77.76,261/  3%ile,21.40
2026-09-21,VOT,14,15,18,260918,23.55,492/ 29%ile,292.46
2026-09-21,VOX,15,21,19,260918,27.62,549/ 61%ile,189.80
2026-09-21,VOXR,39,41,52,260918,69.34,126/ 69%ile,5.72
2026-09-21,VOYA,18,19,20,260918,31.44,600/ 56%ile,101.57
2026-09-21,VOYG,51,90,100,260918,82.24,316/ 19%ile,35.79
2026-09-21,VPG,55,109,111,260918,80.12,367/ 66%ile,62.65
2026-09-21,VPL,19,25,29,260918,30.73,458/ 63%ile,115.93
2026-09-21,VPU,15,13,16,260918,18.53,596/ 27%ile,178.02
2026-09-21,VRA,131,92,80,260918,77.28,455/ 37%ile,4.25
2026-09-21,VRDN,33,46,68,260818,57.18,281/  5%ile,22.00
2026-09-21,VREX,0.0,92,80,260820,25.18,310/  0%ile,18.49
2026-09-21,VRNS,54,55,52,260918,51.44,589/ 64%ile,47.56
2026-09-21,VRRM,42,73,207,260918,78.29,583/ 91%ile,3.50
2026-09-21,VRSK,40,42,40,260918,33.99,599/ 70%ile,175.41
2026-09-21,VRSN,23,31,31,260918,28.16,600/ 44%ile,303.12
2026-09-21,VRT,65,72,72,260918,55.80,600/ 25%ile,248.93
2026-09-21,VRTL,135,152,149,260918,111.29,336/ 37%ile,24.42
2026-09-21,VRTX,21,27,28,260914,32.09,577/ 65%ile,508.34
2026-09-21,VSAT,57,63,85,260918,75.53,600/ 15%ile,76.38
2026-09-21,VSEC,53,57,65,260918,54.90,342/ 60%ile,174.83
2026-09-21,VSGX,13,16,20,260916,26.72,105/ 65%ile,81.66
2026-09-21,VSH,52,85,88,260918,67.32,579/ 81%ile,32.53
2026-09-21,VSNT,36,37,37,260918,32.14,160/ 10%ile,35.17
2026-09-21,VSOL,69,52,60,260918,51.88,83/  7%ile,15.37
2026-09-21,VST,35,44,45,260918,44.40,600/  3%ile,140.68
2026-09-21,VSTM,46,58,73,260918,154.99,491/ 87%ile,7.40
2026-09-21,VSTS,38,36,58,260918,51.48,559/ 25%ile,13.82
2026-09-21,VSXY,66,57,84,260918,53.16,600/  2%ile,77.93
2026-09-21,VT,10,12,14,260918,16.98,600/ 37%ile,158.57
2026-09-21,VTC,4.8,4.4,4.7,260917,4.68,517/ 42%ile,74.19
2026-09-21,VTEB,4.7,4.1,4.0,260603,81.86,185/100%ile,48.25
2026-09-21,VTEX,26,44,54,260917,74.49,402/ 89%ile,3.64
2026-09-21,VTGN,0.0,0.0,196,260629,220.00,417/100%ile,0.25
2026-09-21,VTI,10,12,13,260918,15.13,600/ 33%ile,375.43
2026-09-21,VTIP,3.0,2.3,3.4,260918,4.27,229/ 19%ile,49.31
2026-09-21,VTOL,30,31,34,260916,54.70,87/ 40%ile,41.73
2026-09-21,VTR,13,27,27,260918,25.49,600/ 69%ile,86.69
2026-09-21,VTRS,22,30,33,260918,32.64,592/ 38%ile,16.95
2026-09-21,VTS,28,26,32,260918,27.90,435/ 54%ile,17.51
2026-09-21,VTSI,47,55,55,260918,92.50,523/ 72%ile,2.95
2026-09-21,VTV,9,8,10,260918,15.52,597/ 20%ile,221.23
2026-09-21,VTWG,17,19,22,260914,25.09,538/ 26%ile,264.48
2026-09-21,VTWO,12,14,17,260918,25.16,600/ 25%ile,115.13
2026-09-21,VUG,13,17,18,260918,20.88,600/ 18%ile,88.73
2026-09-21,VUZI,61,84,100,260918,95.47,548/ 19%ile,2.74
2026-09-21,VV,10,12,13,260918,18.99,522/  8%ile,352.16
2026-09-21,VVV,32,33,35,260918,53.71,496/ 95%ile,26.76
2026-09-21,VVX,31,44,48,260918,51.21,458/ 39%ile,76.84
2026-09-21,VWAV,170,170,146,260917,220.00,231/100%ile,0.27
2026-09-21,VWO,13,15,18,260918,14.83,596/ 10%ile,60.01
2026-09-21,VWOB,6,5,6,251010,6.96,103/  4%ile,66.20
2026-09-21,VXF,13,15,17,260918,23.26,591/  9%ile,235.12
2026-09-21,VXUS,12,15,18,260918,17.33,532/ 63%ile,85.87
2026-09-21,VXX,34,40,42,260918,61.88,599/ 25%ile,17.77
2026-09-21,VXZ,10,12,12,260917,47.22,135/ 88%ile,46.24
2026-09-21,VYGR,40,49,52,260918,136.79,387/ 85%ile,3.09
2026-09-21,VYM,8,9,9,260918,14.19,600/ 46%ile,159.31
2026-09-21,VYMI,10,10,12,260916,15.08,294/ 72%ile,103.13
2026-09-21,VYX,73,68,69,260918,83.63,531/ 89%ile,6.74
2026-09-21,VZ,21,24,25,260918,20.78,600/ 58%ile,48.12
2026-09-21,VZLA,53,58,65,260918,77.98,244/ 23%ile,4.09
2026-09-21,W,43,81,78,260918,60.77,600/ 21%ile,102.46
2026-09-21,WAB,19,31,29,260918,31.03,599/ 63%ile,280.23
2026-09-21,WABC,13,18,17,260205,25.29,15/ 33%ile,60.70
2026-09-21,WAFD,23,23,21,260424,24.53,53/  1%ile,32.39
2026-09-21,WAL,20,23,28,260918,32.94,600/  3%ile,78.54
2026-09-21,WANT,50,62,60,260918,64.66,139/ 58%ile,34.73
2026-09-21,WASH,18,27,27,260917,27.12,76/ 28%ile,39.31
2026-09-21,WAT,23,28,37,260917,33.12,266/ 46%ile,421.63
2026-09-21,WATS,41,50,0.0,260622,63.13,1/100%ile,20.33
2026-09-21,WAY,50,59,66,260918,59.91,534/ 81%ile,25.66
2026-09-21,WB,21,23,25,260916,44.57,558/ 43%ile,6.54
2026-09-21,WBD,11,18,17,260918,28.30,599/ 17%ile,27.81
2026-09-21,WBI,29,33,46,260918,42.44,186/  3%ile,30.86
2026-09-21,WBS,14,13,14,260819,41.52,570/ 92%ile,77.57
2026-09-21,WBTN,64,63,63,260918,78.34,363/ 48%ile,10.46
2026-09-21,WBX,74,88,114,260720,128.91,7/100%ile,3.00
2026-09-21,WCBR,61,51,46,260918,58.63,169/ 94%ile,43.46
2026-09-21,WCC,43,49,51,260918,40.76,600/ 25%ile,344.15
2026-09-21,WCLD,43,41,43,260918,42.87,491/ 77%ile,40.24
2026-09-21,WCN,14,18,22,260918,30.20,599/ 86%ile,155.33
2026-09-21,WD,32,49,44,260918,51.91,402/ 90%ile,37.77
2026-09-21,WDAY,50,68,65,260918,47.51,600/ 67%ile,193.87
2026-09-21,WDC,48,84,89,260918,66.14,592/ 63%ile,441.34
2026-09-21,WDCX,97,171,180,260918,128.99,157/  5%ile,16.51
2026-09-21,WDFC,25,38,34,260914,38.27,417/ 79%ile,189.29
2026-09-21,WDIV,7,8,11,260729,34.26,11/ 18%ile,83.98
2026-09-21,WDS,36,35,38,260918,36.53,374/ 85%ile,23.17
2026-09-21,WEAT,31,30,29,260918,31.02,583/ 26%ile,25.87
2026-09-21,WEAV,11,96,83,260817,74.94,530/ 82%ile,7.29
2026-09-21,WEBL,50,60,61,260918,70.17,556/ 51%ile,28.36
2026-09-21,WEBS,51,62,62,260918,58.97,290/  8%ile,14.65
2026-09-21,WEC,16,16,18,260918,21.94,600/ 83%ile,103.17
2026-09-21,WEED,36,43,58,260513,90.94,214/ 73%ile,22.00
2026-09-21,WELL,14,20,25,260918,23.89,600/ 37%ile,228.87
2026-09-21,WEN,69,69,80,260918,51.08,600/ 84%ile,6.74
2026-09-21,WERN,36,41,40,260918,48.50,207/ 82%ile,35.67
2026-09-21,WES,18,19,24,260918,21.27,599/ 64%ile,47.29
2026-09-21,WEST,30,40,79,260918,56.75,563/ 19%ile,7.84
2026-09-21,WEX,31,39,39,260918,43.11,545/ 53%ile,193.57
2026-09-21,WFC,24,23,25,260918,27.50,600/ 41%ile,86.13
2026-09-21,WFG,28,38,36,260916,34.16,288/ 27%ile,71.47
2026-09-21,WFRD,41,43,41,260918,47.13,599/ 42%ile,82.03
2026-09-21,WGMI,71,92,85,260918,65.91,600/  1%ile,49.50
2026-09-21,WGO,34,37,42,260918,51.77,600/ 72%ile,26.43
2026-09-21,WGS,49,62,130,260918,69.56,600/  9%ile,101.10
2026-09-21,WH,26,27,32,260918,42.27,500/ 90%ile,68.06
2026-09-21,WHD,41,53,48,260918,42.47,524/ 82%ile,66.68
2026-09-21,WHF,29,26,29,260916,18.20,49/  6%ile,7.37
2026-09-21,WHR,41,55,57,260918,62.11,600/ 92%ile,31.97
2026-09-21,WHWK,48,58,73,260219,126.11,169/ 55%ile,4.20
2026-09-21,WIMI,80,95,79,260529,162.50,333/ 57%ile,0.98
2026-09-21,WING,63,61,63,260918,67.82,597/ 79%ile,104.08
2026-09-21,WISE,26,34,37,260916,37.05,417/ 11%ile,34.79
2026-09-21,WIT,66,54,65,260918,60.54,213/ 65%ile,1.66
2026-09-21,WIX,62,80,90,260918,71.67,597/ 76%ile,78.49
2026-09-21,WK,40,52,52,260918,58.76,423/ 68%ile,73.18
2026-09-21,WKC,15,26,25,260918,38.29,432/ 65%ile,35.95
2026-09-21,WLDN,33,53,60,260918,62.48,410/ 41%ile,79.95
2026-09-21,WLK,28,41,39,260918,49.18,584/ 70%ile,69.07
2026-09-21,WLKP,11,12,15,260824,17.94,190/ 81%ile,21.22
2026-09-21,WLTH,65,49,59,260918,52.38,133/ 12%ile,10.10
2026-09-21,WLY,31,36,35,260918,42.18,451/ 41%ile,48.10
2026-09-21,WM,16,20,21,260918,21.42,600/ 65%ile,211.10
2026-09-21,WMB,27,27,27,260918,30.36,600/ 87%ile,72.05
2026-09-21,WMG,29,39,38,260918,33.85,570/ 63%ile,28.02
2026-09-21,WMK,17,25,27,260918,56.49,38/ 76%ile,72.26
2026-09-21,WMS,27,35,39,260918,50.44,600/ 84%ile,126.05
2026-09-21,WMT,40,29,29,260918,24.90,600/ 49%ile,106.68
2026-09-21,WMTI,43,31,32,260916,17.08,7/ 14%ile,19.08
2026-09-21,WNC,65,55,66,260918,66.52,385/ 79%ile,11.86
2026-09-21,WNTR,79,63,62,260918,32.23,77/ 22%ile,15.82
2026-09-21,WOLF,74,114,137,260918,89.44,588/ 12%ile,25.58
2026-09-21,WOOD,10,15,16,260813,40.80,211/ 77%ile,70.61
2026-09-21,WOOF,60,64,58,260918,79.06,600/ 29%ile,2.35
2026-09-21,WOR,45,35,33,260918,46.95,600/ 95%ile,57.38
2026-09-21,WPC,12,17,18,260918,15.61,600/  9%ile,66.26
2026-09-21,WPM,47,50,53,260918,47.38,600/ 72%ile,151.01
2026-09-21,WPP,40,70,60,260918,43.62,445/ 76%ile,25.42
2026-09-21,WPRT,61,63,69,260918,75.00,359/ 80%ile,1.94
2026-09-21,WQTM,35,42,47,260918,39.12,9/ 22%ile,31.83
2026-09-21,WRAP,89,129,121,260918,146.38,478/ 85%ile,1.52
2026-09-21,WRB,17,21,22,260918,24.69,599/ 33%ile,69.99
2026-09-21,WRBY,43,56,69,260918,75.36,600/ 75%ile,22.52
2026-09-21,WRD,45,53,57,260918,68.98,362/  4%ile,5.49
2026-09-21,WS,44,40,46,260918,60.21,136/ 77%ile,33.33
2026-09-21,WSBC,18,20,22,260908,93.34,124/ 91%ile,39.37
2026-09-21,WSBF,15,16,19,260107,31.72,19/ 47%ile,20.46
2026-09-21,WSC,34,44,54,260918,51.92,600/ 59%ile,18.17
2026-09-21,WSE,34,38,0.0,260918,51.96,58/ 63%ile,11.45
2026-09-21,WSFS,14,16,17,260917,37.88,141/ 32%ile,78.80
2026-09-21,WSM,26,29,34,260918,41.81,600/ 37%ile,224.20
2026-09-21,WSO,26,43,39,260918,32.86,221/ 48%ile,311.77
2026-09-21,WST,21,26,27,260918,24.04,595/  0%ile,362.31
2026-09-21,WT,39,46,43,260918,42.65,518/ 75%ile,23.07
2026-09-21,WTAI,32,48,51,260918,38.22,374/ 68%ile,42.15
2026-09-21,WTBA,14,20,23,260312,36.81,101/ 97%ile,29.27
2026-09-21,WTFC,17,19,20,260918,36.82,316/ 76%ile,147.52
2026-09-21,WTI,49,71,83,260918,81.87,557/ 69%ile,3.84
2026-09-21,WTPI,9,9,9,260828,12.50,16/ 81%ile,32.85
2026-09-21,WTRG,18,21,21,260918,24.42,556/ 79%ile,41.04
2026-09-21,WTS,22,24,31,260918,27.57,206/ 42%ile,350.66
2026-09-21,WTTR,33,59,51,260918,45.86,346/ 25%ile,20.78
2026-09-21,WTV,10,11,11,260806,49.42,131/ 88%ile,106.00
2026-09-21,WTW,28,30,36,260918,31.16,597/ 67%ile,309.98
2026-09-21,WU,30,60,48,260918,46.24,552/ 95%ile,6.17
2026-09-21,WULF,89,93,91,260918,85.79,600/  3%ile,17.01
2026-09-21,WULX,175,186,179,260918,141.07,106/  0%ile,17.06
2026-09-21,WVE,30,57,58,260918,128.13,590/ 92%ile,4.35
2026-09-21,WW,91,88,102,260918,101.75,513/ 19%ile,16.10
2026-09-21,WWD,30,36,37,260914,37.41,571/ 50%ile,321.74
2026-09-21,WWR,182,240,194,260918,123.75,213/  4%ile,0.54
2026-09-21,WWW,40,52,51,260918,58.08,599/ 44%ile,18.93
2026-09-21,WY,14,30,28,260918,28.87,600/ 75%ile,21.22
2026-09-21,WYFI,79,128,142,260918,94.58,253/  1%ile,18.98
2026-09-21,WYNN,25,25,28,260918,36.70,600/ 40%ile,81.67
2026-09-21,WYY,54,75,107,260918,103.24,449/ 34%ile,12.89
2026-09-21,XA,61,0.0,0.0,260902,150.28,5/100%ile,41.65
2026-09-21,XAIX,19,25,33,260918,36.73,202/ 62%ile,57.84
2026-09-21,XAR,23,28,30,260911,36.41,486/ 93%ile,240.03
2026-09-21,XBI,28,30,30,260918,30.89,600/ 64%ile,156.62
2026-09-21,XBIL,2.2,1.7,1.6,260831,77.61,48/ 31%ile,50.08
2026-09-21,XBIT,47,43,43,260611,98.75,53/ 86%ile,2.19
2026-09-21,XBTY,25,19,21,260209,31.37,4/100%ile,5.68
2026-09-21,XCEM,22,28,34,260914,42.30,64/ 46%ile,51.36
2026-09-21,XDAT,25,25,30,260914,100.68,52/ 96%ile,27.01
2026-09-21,XDTE,9,11,12,260501,7.08,78/  5%ile,38.36
2026-09-21,XE,95,99,0.0,260918,82.55,99/  1%ile,15.79
2026-09-21,XEL,20,17,21,260918,26.31,599/ 95%ile,72.30
2026-09-21,XENE,33,30,34,260918,57.44,349/ 31%ile,39.74
2026-09-21,XERS,45,48,46,260918,74.83,555/ 56%ile,8.20
2026-09-21,XES,31,32,32,260918,36.92,600/ 45%ile,115.95
2026-09-21,XFOR,68,69,64,260916,90.63,300/  0%ile,3.58
2026-09-21,XGN,47,96,100,260916,87.71,194/ 59%ile,8.41
2026-09-21,XHB,21,26,30,260918,28.03,511/ 32%ile,96.35
2026-09-21,XHE,15,23,25,260803,29.14,22/ 63%ile,91.04
2026-09-21,XHR,22,29,30,260727,25.28,45/  2%ile,17.72
2026-09-21,XHS,13,17,17,260918,35.10,251/ 85%ile,136.15
2026-09-21,XIFR,31,38,39,260918,46.13,600/ 37%ile,10.94
2026-09-21,XITK,22,28,33,260918,23.56,365/ 21%ile,195.81
2026-09-21,XLB,15,17,19,260918,19.10,571/ 52%ile,49.99
2026-09-21,XLC,16,20,18,260918,19.04,566/ 34%ile,110.83
2026-09-21,XLE,20,22,24,260918,23.21,600/ 55%ile,64.32
2026-09-21,XLF,13,12,13,260918,14.35,598/  2%ile,55.87
2026-09-21,XLG,11,15,15,260918,20.38,596/ 23%ile,63.19
2026-09-21,XLI,13,15,18,260918,18.63,469/ 54%ile,169.71
2026-09-21,XLK,21,27,31,260918,22.94,600/ 31%ile,189.63
2026-09-21,XLP,13,16,16,260918,11.27,600/  9%ile,82.82
2026-09-21,XLRE,11,13,15,260918,14.23,581/  8%ile,42.51
2026-09-21,XLSR,10,12,14,260916,26.96,35/  5%ile,66.07
2026-09-21,XLU,15,14,16,260918,16.98,598/ 37%ile,41.09
2026-09-21,XLV,16,18,18,260918,16.13,600/ 54%ile,168.39
2026-09-21,XLY,17,21,20,260918,30.66,454/ 94%ile,111.02
2026-09-21,XMAG,11,12,13,260625,20.41,41/100%ile,25.49
2026-09-21,XME,35,38,40,260918,34.91,501/ 52%ile,108.64
2026-09-21,XMHQ,13,12,14,260918,14.77,559/  0%ile,114.42
2026-09-21,XMLV,7,10,11,260806,29.40,93/ 70%ile,67.81
2026-09-21,XMMO,20,24,26,260918,28.52,541/ 65%ile,147.64
2026-09-21,XMTR,54,62,79,260918,70.57,599/ 17%ile,97.18
2026-09-21,XMVM,11,11,11,260916,33.60,307/ 34%ile,73.35
2026-09-21,XNCR,57,73,68,260903,86.21,22/ 77%ile,24.72
2026-09-21,XNDU,63,73,185,260918,90.02,103/  1%ile,7.41
2026-09-21,XNET,21,45,56,260918,70.12,494/ 18%ile,4.95
2026-09-21,XNTK,21,30,36,260918,24.42,397/  1%ile,365.60
2026-09-21,XOM,26,26,28,260918,29.20,600/ 78%ile,163.18
2026-09-21,XOP,25,29,30,260918,33.29,597/ 75%ile,190.65
2026-09-21,XOVR,20,27,28,260918,24.68,330/  6%ile,21.03
2026-09-21,XP,45,42,44,260918,58.19,589/ 90%ile,20.01
2026-09-21,XPEG,98,92,0.0,260910,155.00,13/100%ile,3.10
2026-09-21,XPEL,28,40,46,260918,62.68,535/ 77%ile,44.75
2026-09-21,XPER,29,47,48,260916,51.34,316/ 60%ile,5.49
2026-09-21,XPEV,49,43,43,260918,57.96,600/ 10%ile,10.61
2026-09-21,XPH,19,22,23,260915,53.13,482/ 99%ile,66.87
2026-09-21,XPND,17,21,0.0,260901,28.37,6/ 16%ile,38.56
2026-09-21,XPO,32,34,38,260918,46.87,600/ 44%ile,174.25
2026-09-21,XPOF,83,82,75,260918,97.88,600/ 90%ile,3.65
2026-09-21,XPP,30,35,40,260918,43.01,173/ 14%ile,19.66
2026-09-21,XPRO,41,43,52,260917,60.09,285/ 61%ile,16.46
2026-09-21,XRAY,44,50,47,260918,52.44,593/ 71%ile,9.54
2026-09-21,XRN,15,23,31,260918,26.15,256/ 32%ile,35.91
2026-09-21,XRP,106,72,65,260918,72.06,158/ 42%ile,15.78
2026-09-21,XRPC,103,71,65,260918,63.27,200/  3%ile,14.98
2026-09-21,XRPI,108,74,67,260918,68.75,226/ 12%ile,7.66
2026-09-21,XRPR,97,68,63,260901,89.28,65/ 67%ile,11.45
2026-09-21,XRPT,206,140,128,260918,119.56,309/  8%ile,34.62
2026-09-21,XRPZ,104,71,65,260918,62.45,198/  6%ile,15.34
2026-09-21,XRT,20,21,22,260918,25.38,494/ 49%ile,82.00
2026-09-21,XRX,60,93,109,260918,89.26,598/ 61%ile,3.42
2026-09-21,XSD,40,51,60,260918,39.26,589/ 49%ile,506.36
2026-09-21,XSHQ,12,14,15,260610,142.98,11/100%ile,45.99
2026-09-21,XSLV,9,11,13,260819,31.27,173/ 81%ile,50.99
2026-09-21,XSMO,15,18,21,260806,54.46,116/ 90%ile,82.07
2026-09-21,XSOE,20,25,30,260717,43.31,22/ 54%ile,47.40
2026-09-21,XSVM,11,13,15,260909,42.07,76/ 51%ile,67.63
2026-09-21,XSW,33,32,32,260917,30.82,374/ 68%ile,197.47
2026-09-21,XT,14,15,19,260918,24.44,431/ 31%ile,82.25
2026-09-21,XTL,20,26,31,260918,35.07,538/ 54%ile,205.47
2026-09-21,XTN,18,21,24,260918,28.41,286/ 33%ile,100.92
2026-09-21,XVV,12,13,13,260918,30.92,35/ 82%ile,58.12
2026-09-21,XXI,83,74,71,260918,82.32,333/ 41%ile,5.81
2026-09-21,XXRP,204,140,129,260918,113.81,320/  3%ile,32.39
2026-09-21,XYL,21,27,27,260918,28.35,600/ 64%ile,107.56
2026-09-21,XYLD,7,7,7,260722,5.04,33/  3%ile,41.68
2026-09-21,XYZ,37,38,41,260918,43.21,600/ 19%ile,76.29
2026-09-21,XYZG,74,76,79,260918,82.55,27/ 85%ile,15.49
2026-09-21,XYZY,33,31,33,251001,31.71,55/ 89%ile,23.12
2026-09-21,YALA,20,23,31,260918,38.75,407/  6%ile,5.44
2026-09-21,YALL,14,14,13,251028,19.68,132/ 15%ile,43.17
2026-09-21,YANG,45,50,57,260918,54.87,598/  4%ile,31.52
2026-09-21,YBIT,37,29,31,260417,15.78,91/  3%ile,20.84
2026-09-21,YBTC,31,26,32,260917,21.88,162/ 37%ile,18.58
2026-09-21,YCL,21,19,17,260917,22.29,549/ 52%ile,18.44
2026-09-21,YCS,21,20,18,260909,28.39,521/ 96%ile,53.25
2026-09-21,YELP,35,45,51,260918,38.99,600/ 44%ile,19.63
2026-09-21,YETH,35,29,42,260918,23.13,43/  6%ile,9.84
2026-09-21,YETI,29,41,43,260918,41.39,600/ 23%ile,42.21
2026-09-21,YEXT,35,45,57,260918,59.86,596/ 59%ile,6.14
2026-09-21,YINN,48,50,58,260918,57.82,600/  4%ile,26.32
2026-09-21,YMAG,15,21,21,251016,14.84,36/ 16%ile,11.29
2026-09-21,YMAX,28,28,31,260828,21.06,8/ 62%ile,7.62
2026-09-21,YMM,31,34,40,260918,36.66,585/  1%ile,8.13
2026-09-21,YOLO,43,50,52,260918,66.20,566/ 29%ile,3.00
2026-09-21,YORW,14,19,18,260824,20.91,81/ 43%ile,32.69
2026-09-21,YOU,27,44,44,260918,47.53,600/ 39%ile,38.10
2026-09-21,YPF,33,37,40,260918,42.60,600/ 13%ile,54.96
2026-09-21,YQ,163,124,108,260910,134.17,95/ 82%ile,3.76
2026-09-21,YQQQ,9,15,18,251210,16.70,3/100%ile,9.66
2026-09-21,YRD,74,62,124,260518,65.71,387/ 25%ile,0.98
2026-09-21,YSG,67,64,84,260918,133.75,276/ 90%ile,2.49
2026-09-21,YSS,75,98,115,260918,104.87,152/  4%ile,8.55
2026-09-21,YUM,35,32,28,260918,26.89,600/ 89%ile,137.99
2026-09-21,YUMC,26,26,24,260918,28.97,600/ 12%ile,41.12
2026-09-21,Z,46,54,47,260918,53.32,600/ 59%ile,29.82
2026-09-21,ZAP,18,17,0.0,260818,26.46,5/ 20%ile,30.97
2026-09-21,ZBH,28,31,36,260918,29.50,600/ 53%ile,95.36
2026-09-21,ZBIO,42,49,68,260811,74.28,48/  6%ile,31.50
2026-09-21,ZBRA,28,62,56,260914,45.10,465/ 65%ile,346.63
2026-09-21,ZD,20,30,36,260918,58.41,533/ 71%ile,57.49
2026-09-21,ZDGE,55,47,70,260918,81.67,473/ 17%ile,3.05
2026-09-21,ZENA,110,100,115,260918,136.46,403/ 56%ile,1.45
2026-09-21,ZEPP,71,70,111,260918,115.94,269/ 40%ile,4.32
2026-09-21,ZETA,50,60,65,260918,57.40,600/ 12%ile,30.24
2026-09-21,ZG,47,56,49,260918,54.93,596/ 59%ile,30.25
2026-09-21,ZGN,36,38,40,260918,40.63,211/  4%ile,12.29
2026-09-21,ZH,65,50,45,260914,53.75,498/  0%ile,3.21
2026-09-21,ZIM,36,41,42,260918,44.24,599/ 16%ile,30.09
2026-09-21,ZION,21,23,23,260918,27.71,600/  9%ile,65.23
2026-09-21,ZIP,85,74,89,260918,109.55,567/ 93%ile,3.70
2026-09-21,ZLAB,41,58,53,260903,58.36,311/ 19%ile,25.70
2026-09-21,ZM,48,43,48,260918,39.00,600/ 56%ile,88.77
2026-09-21,ZNTL,64,83,82,260827,145.18,290/ 51%ile,3.10
2026-09-21,ZROZ,15,17,17,260918,14.46,599/  4%ile,58.43
2026-09-21,ZS,83,64,88,260918,56.39,600/ 68%ile,197.24
2026-09-21,ZSL,79,78,94,260918,71.23,493/ 55%ile,23.03
2026-09-21,ZTO,19,26,23,260918,30.81,600/  4%ile,20.96
2026-09-21,ZTS,26,32,51,260918,34.87,600/ 69%ile,71.40
2026-09-21,ZUMZ,62,49,69,260918,68.13,577/ 84%ile,13.20
2026-09-21,ZURA,66,63,81,260918,217.76,71/100%ile,4.46
2026-09-21,ZVIA,83,92,107,260918,98.14,449/ 24%ile,1.42
2026-09-21,ZVRA,36,80,72,260918,59.17,562/  6%ile,11.61
2026-09-21,ZWS,18,23,27,260918,45.42,454/ 69%ile,46.07
2026-09-21,ZYME,58,48,47,260916,62.93,302/ 29%ile,26.57
